Observation_Date,Year,Month,Day,Average_Temperature_C,Maximum_Temperature_C,Minimum_Temperature_C,Relative_Humidity
2007-01-30,2007,1,30,15.1,23.1,9.1,70.9
2007-01-31,2007,1,31,14.2,22.7,7.5,73.1
2007-02-01,2007,2,1,14.4,23.2,7.2,74.5
2007-02-02,2007,2,2,14.7,22.4,7.8,61.2
2007-02-03,2007,2,3,14.4,21.1,9.0,70.7
2007-02-04,2007,2,4,14.8,20.2,9.4,72.3
2007-02-05,2007,2,5,14.5,21.1,7.7,70.5
2007-02-06,2007,2,6,15.1,20.6,10.7,67.3
2007-02-07,2007,2,7,14.2,20.7,8.7,76.0
2007-02-08,2007,2,8,14.7,21.4,7.7,66.2
2007-02-09,2007,2,9,13.9,18.9,11.3,71.4
2007-02-10,2007,2,10,12.4,14.2,11.3,68.7
2007-02-11,2007,2,11,12.1,13.3,11.4,73.6
2007-02-12,2007,2,12,11.2,13.1,9.3,74.4
2007-02-13,2007,2,13,10.7,13.6,8.6,62.8
2007-02-14,2007,2,14,10.6,14.0,7.2,62.2
2007-02-15,2007,2,15,10.0,15.1,4.7,69.6
2007-02-16,2007,2,16,10.8,15.7,5.3,69.1
2007-02-17,2007,2,17,11.1,16.9,6.1,72.9
2007-02-18,2007,2,18,9.5,13.7,5.3,74.6
2007-02-19,2007,2,19,11.0,16.3,5.0,65.5
2007-02-20,2007,2,20,12.3,17.7,8.1,67.6
2007-02-21,2007,2,21,11.2,13.4,9.6,71.5
2007-02-22,2007,2,22,12.6,18.8,7.1,85.4
2007-02-23,2007,2,23,12.9,20.6,6.0,64.6
2007-02-24,2007,2,24,13.4,21.1,5.7,72.7
2007-02-25,2007,2,25,15.0,20.0,10.5,74.9
2007-02-26,2007,2,26,13.5,20.1,7.4,76.5
2007-02-27,2007,2,27,12.2,12.9,11.3,72.9
2007-02-28,2007,2,28,12.1,16.2,8.6,71.9
2007-03-01,2007,3,1,12.1,17.9,6.6,74.3
2007-03-02,2007,3,2,12.0,18.4,5.5,73.4
2007-03-03,2007,3,3,11.4,13.9,9.4,73.3
2007-03-04,2007,3,4,12.5,18.0,7.6,77.0
2007-03-05,2007,3,5,12.5,19.1,6.1,68.7
2007-03-06,2007,3,6,12.5,20.0,5.1,72.3
2007-03-07,2007,3,7,13.7,21.4,6.9,79.1
2007-03-08,2007,3,8,14.5,22.4,6.7,73.9
2007-03-09,2007,3,9,14.0,16.5,11.0,72.7
2007-03-10,2007,3,10,12.6,16.2,8.7,69.5
2007-03-11,2007,3,11,12.3,14.5,10.1,72.7
2007-03-12,2007,3,12,11.3,13.3,9.9,75.2
2007-03-13,2007,3,13,11.9,16.1,8.4,75.4
2007-03-14,2007,3,14,11.5,17.4,6.1,77.8
2007-03-15,2007,3,15,12.2,18.5,5.6,76.8
2007-03-16,2007,3,16,13.8,20.9,6.7,81.8
2007-03-17,2007,3,17,16.3,23.9,9.3,71.6
2007-03-18,2007,3,18,17.9,23.7,13.7,84.9
2007-03-19,2007,3,19,16.5,20.7,13.3,80.1
2007-03-20,2007,3,20,15.9,17.6,14.1,78.7
2007-03-21,2007,3,21,14.4,17.7,11.5,66.8
2007-03-22,2007,3,22,16.2,22.7,9.4,80.9
2007-03-23,2007,3,23,16.9,23.8,10.3,62.9
2007-03-24,2007,3,24,16.9,24.2,10.0,74.7
2007-03-25,2007,3,25,17.2,24.9,9.5,55.8
2007-03-26,2007,3,26,17.7,25.4,9.8,73.9
2007-03-27,2007,3,27,19.3,27.4,11.5,76.7
2007-03-28,2007,3,28,20.7,29.3,12.5,74.7
2007-03-29,2007,3,29,21.8,29.5,14.8,71.8
2007-03-30,2007,3,30,22.1,29.2,15.1,73.2
2007-03-31,2007,3,31,22.6,29.9,16.0,62.1
2007-04-01,2007,4,1,18.1,22.3,15.0,75.7
2007-04-02,2007,4,2,18.7,24.9,12.6,71.4
2007-04-03,2007,4,3,19.2,25.6,12.2,78.6
2007-04-04,2007,4,4,19.9,27.2,13.1,83.1
2007-04-05,2007,4,5,21.0,27.8,14.5,82.6
2007-04-06,2007,4,6,21.1,28.3,13.6,68.4
2007-04-07,2007,4,7,21.5,28.6,13.6,70.5
2007-04-08,2007,4,8,21.0,28.5,13.4,74.9
2007-04-09,2007,4,9,21.1,28.7,12.7,79.2
2007-04-10,2007,4,10,22.2,29.8,14.3,72.2
2007-04-11,2007,4,11,23.0,31.1,14.6,73.5
2007-04-12,2007,4,12,24.0,32.1,15.9,75.0
2007-04-13,2007,4,13,24.9,32.7,16.8,72.6
2007-04-14,2007,4,14,25.4,33.1,17.0,74.0
2007-04-15,2007,4,15,25.9,33.5,17.9,73.7
2007-04-16,2007,4,16,26.4,34.3,18.5,73.5
2007-04-17,2007,4,17,26.7,33.2,19.5,73.5
2007-04-18,2007,4,18,26.0,32.7,20.6,75.9
2007-04-19,2007,4,19,25.0,31.4,19.0,70.5
2007-04-20,2007,4,20,24.8,31.8,17.3,62.0
2007-04-21,2007,4,21,25.0,32.7,16.8,71.5
2007-04-22,2007,4,22,25.6,33.5,18.6,78.3
2007-04-23,2007,4,23,25.1,31.9,18.2,73.1
2007-04-24,2007,4,24,24.5,32.1,16.8,67.4
2007-04-25,2007,4,25,25.1,32.3,17.8,74.8
2007-04-26,2007,4,26,25.6,33.6,16.5,77.9
2007-04-27,2007,4,27,27.0,35.3,17.7,65.0
2007-04-28,2007,4,28,28.0,36.3,19.2,65.5
2007-04-29,2007,4,29,28.2,36.4,19.4,67.8
2007-04-30,2007,4,30,29.0,36.6,20.6,67.4
2007-05-01,2007,5,1,28.9,35.7,21.0,82.1
2007-05-02,2007,5,2,28.8,35.7,21.0,67.4
2007-05-03,2007,5,3,28.4,34.0,23.6,77.2
2007-05-04,2007,5,4,27.9,34.1,21.4,76.4
2007-05-05,2007,5,5,27.9,34.0,21.2,76.1
2007-05-06,2007,5,6,28.5,35.7,20.3,74.0
2007-05-07,2007,5,7,29.4,36.5,21.9,68.4
2007-05-08,2007,5,8,28.2,34.4,21.6,69.4
2007-05-09,2007,5,9,28.1,34.4,21.0,66.1
2007-05-10,2007,5,10,27.6,34.9,20.3,67.1
2007-05-11,2007,5,11,27.3,34.3,20.2,66.1
2007-05-12,2007,5,12,28.3,35.0,20.6,71.3
2007-05-13,2007,5,13,29.6,35.9,22.3,68.1
2007-05-14,2007,5,14,30.5,36.8,23.3,73.2
2007-05-15,2007,5,15,31.5,39.0,23.6,76.8
2007-05-16,2007,5,16,31.5,38.2,24.2,83.1
2007-05-17,2007,5,17,30.5,37.5,22.7,69.9
2007-05-18,2007,5,18,30.6,37.6,23.6,62.5
2007-05-19,2007,5,19,29.3,35.6,24.6,77.1
2007-05-20,2007,5,20,28.5,33.9,22.8,69.2
2007-05-21,2007,5,21,27.9,34.6,20.2,73.7
2007-05-22,2007,5,22,28.2,34.4,19.9,63.6
2007-05-23,2007,5,23,28.3,34.6,21.0,66.8
2007-05-24,2007,5,24,27.6,34.1,20.6,70.0
2007-05-25,2007,5,25,26.7,31.6,21.0,64.4
2007-05-26,2007,5,26,25.6,30.1,21.0,75.1
2007-05-27,2007,5,27,24.4,30.0,18.7,76.8
2007-05-28,2007,5,28,25.1,30.7,18.4,70.1
2007-05-29,2007,5,29,25.5,31.6,18.7,65.4
2007-05-30,2007,5,30,26.7,33.2,19.5,64.4
2007-05-31,2007,5,31,28.1,34.5,19.8,66.1
2007-06-01,2007,6,1,29.5,36.4,21.8,65.6
2007-06-02,2007,6,2,29.6,36.5,22.9,63.7
2007-06-03,2007,6,3,29.6,35.9,23.5,70.4
2007-06-04,2007,6,4,29.7,34.6,25.2,62.6
2007-06-05,2007,6,5,29.8,35.8,23.5,66.2
2007-06-06,2007,6,6,31.1,37.3,24.1,74.0
2007-06-07,2007,6,7,32.7,39.2,24.8,61.8
2007-06-08,2007,6,8,33.4,41.3,23.7,65.9
2007-06-09,2007,6,9,34.3,42.8,24.2,62.9
2007-06-10,2007,6,10,34.9,43.5,24.9,67.1
2007-06-11,2007,6,11,34.9,42.7,24.9,62.4
2007-06-12,2007,6,12,35.3,40.9,30.7,55.6
2007-06-13,2007,6,13,34.6,40.2,29.5,61.3
2007-06-14,2007,6,14,29.7,34.1,24.9,60.3
2007-06-15,2007,6,15,26.7,28.8,24.4,68.6
2007-06-16,2007,6,16,27.1,31.4,23.9,62.8
2007-06-17,2007,6,17,27.0,31.3,23.4,63.7
2007-06-18,2007,6,18,27.4,33.0,21.5,63.5
2007-06-19,2007,6,19,28.1,33.6,22.2,62.8
2007-06-20,2007,6,20,28.8,34.3,22.3,56.6
2007-06-21,2007,6,21,29.5,33.8,24.5,55.3
2007-06-22,2007,6,22,29.7,33.8,26.2,55.3
2007-06-23,2007,6,23,29.3,33.4,24.9,57.2
2007-06-24,2007,6,24,30.4,34.8,25.7,53.9
2007-06-25,2007,6,25,29.8,34.2,25.7,62.5
2007-06-26,2007,6,26,28.4,32.9,24.5,74.3
2007-06-27,2007,6,27,29.0,33.4,25.4,59.0
2007-06-28,2007,6,28,28.1,32.4,25.1,46.9
2007-06-29,2007,6,29,24.7,26.1,23.8,60.7
2007-06-30,2007,6,30,26.2,29.9,24.0,53.9
2007-07-01,2007,7,1,28.8,33.4,23.8,63.9
2007-07-02,2007,7,2,27.3,30.7,24.2,60.1
2007-07-03,2007,7,3,27.5,30.9,24.3,52.7
2007-07-04,2007,7,4,28.6,32.2,24.6,63.0
2007-07-05,2007,7,5,29.3,33.0,25.9,58.1
2007-07-06,2007,7,6,28.8,32.1,24.9,58.1
2007-07-07,2007,7,7,28.5,32.1,24.9,56.0
2007-07-08,2007,7,8,26.9,30.6,23.3,71.9
2007-07-09,2007,7,9,28.5,33.2,23.8,57.7
2007-07-10,2007,7,10,29.4,34.0,24.2,58.2
2007-07-11,2007,7,11,29.9,33.9,26.5,57.9
2007-07-12,2007,7,12,30.2,34.2,26.7,52.7
2007-07-13,2007,7,13,27.9,31.8,24.2,56.7
2007-07-14,2007,7,14,28.7,33.3,24.0,56.4
2007-07-15,2007,7,15,27.5,31.2,23.2,65.4
2007-07-16,2007,7,16,28.4,33.1,23.4,51.5
2007-07-17,2007,7,17,28.6,32.8,24.7,62.9
2007-07-18,2007,7,18,29.3,34.3,23.9,53.0
2007-07-19,2007,7,19,29.9,33.3,25.9,50.2
2007-07-20,2007,7,20,28.3,32.0,25.8,58.1
2007-07-21,2007,7,21,25.9,29.3,24.0,55.3
2007-07-22,2007,7,22,26.7,30.7,23.6,56.0
2007-07-23,2007,7,23,27.8,31.9,24.3,57.0
2007-07-24,2007,7,24,28.3,32.5,24.0,52.5
2007-07-25,2007,7,25,28.8,32.7,24.9,56.5
2007-07-26,2007,7,26,29.2,33.3,25.5,57.0
2007-07-27,2007,7,27,28.8,32.9,25.2,57.6
2007-07-28,2007,7,28,28.8,32.6,25.0,51.4
2007-07-29,2007,7,29,28.1,32.3,24.6,51.4
2007-07-30,2007,7,30,27.5,31.0,23.4,45.8
2007-07-31,2007,7,31,28.8,32.8,24.9,46.4
2007-08-01,2007,8,1,28.9,32.8,26.2,54.7
2007-08-02,2007,8,2,27.3,31.6,24.1,53.0
2007-08-03,2007,8,3,27.4,31.5,23.9,49.6
2007-08-04,2007,8,4,27.9,32.1,23.8,50.3
2007-08-05,2007,8,5,28.2,32.6,24.5,51.3
2007-08-06,2007,8,6,28.0,32.0,24.4,58.9
2007-08-07,2007,8,7,28.9,33.1,24.2,55.4
2007-08-08,2007,8,8,29.8,34.8,24.4,52.2
2007-08-09,2007,8,9,28.4,31.6,26.3,46.4
2007-08-10,2007,8,10,29.5,33.9,25.5,49.4
2007-08-11,2007,8,11,31.1,35.6,26.6,58.3
2007-08-12,2007,8,12,30.3,35.2,26.2,58.9
2007-08-13,2007,8,13,27.3,31.0,24.3,55.4
2007-08-14,2007,8,14,27.8,31.4,25.2,55.9
2007-08-15,2007,8,15,27.5,31.6,23.7,52.0
2007-08-16,2007,8,16,28.1,32.6,23.6,42.1
2007-08-17,2007,8,17,28.5,32.8,24.4,52.1
2007-08-18,2007,8,18,28.8,33.0,24.2,43.5
2007-08-19,2007,8,19,28.5,32.7,25.3,43.2
2007-08-20,2007,8,20,26.4,29.4,23.7,51.5
2007-08-21,2007,8,21,27.4,30.7,25.0,52.1
2007-08-22,2007,8,22,28.1,32.3,24.7,54.8
2007-08-23,2007,8,23,28.0,31.7,24.6,50.1
2007-08-24,2007,8,24,27.1,31.4,24.1,53.1
2007-08-25,2007,8,25,27.0,31.3,23.4,44.2
2007-08-26,2007,8,26,27.2,31.6,23.8,39.3
2007-08-27,2007,8,27,27.6,32.1,24.1,49.7
2007-08-28,2007,8,28,27.6,31.3,24.2,45.2
2007-08-29,2007,8,29,27.5,31.2,24.3,37.2
2007-08-30,2007,8,30,27.6,32.1,23.5,41.0
2007-08-31,2007,8,31,27.9,31.9,24.5,54.3
2007-09-01,2007,9,1,27.6,31.4,24.3,48.7
2007-09-02,2007,9,2,27.7,32.1,24.3,46.0
2007-09-03,2007,9,3,28.0,32.4,24.0,48.7
2007-09-04,2007,9,4,28.3,32.9,24.3,50.4
2007-09-05,2007,9,5,27.3,31.3,23.9,41.5
2007-09-06,2007,9,6,26.4,30.4,22.8,43.3
2007-09-07,2007,9,7,26.4,30.8,22.1,39.1
2007-09-08,2007,9,8,26.6,31.8,21.7,44.9
2007-09-09,2007,9,9,26.6,31.5,22.0,38.5
2007-09-10,2007,9,10,26.3,31.2,22.3,47.9
2007-09-11,2007,9,11,26.3,31.4,21.2,51.5
2007-09-12,2007,9,12,26.8,32.7,20.7,44.8
2007-09-13,2007,9,13,27.6,32.5,22.4,41.3
2007-09-14,2007,9,14,27.4,32.1,24.2,44.4
2007-09-15,2007,9,15,27.6,32.6,23.2,47.6
2007-09-16,2007,9,16,27.8,32.8,23.2,43.5
2007-09-17,2007,9,17,27.6,31.7,24.2,42.6
2007-09-18,2007,9,18,28.3,33.2,23.1,44.0
2007-09-19,2007,9,19,28.5,33.5,23.6,48.7
2007-09-20,2007,9,20,27.6,31.7,23.3,42.8
2007-09-21,2007,9,21,27.1,32.7,22.7,41.0
2007-09-22,2007,9,22,24.3,28.8,21.6,36.1
2007-09-23,2007,9,23,25.1,31.0,19.1,54.4
2007-09-24,2007,9,24,25.1,32.1,18.8,49.6
2007-09-25,2007,9,25,25.1,32.4,17.7,56.1
2007-09-26,2007,9,26,25.2,31.7,18.2,49.5
2007-09-27,2007,9,27,24.7,30.7,21.0,47.9
2007-09-28,2007,9,28,23.3,29.5,18.5,43.0
2007-09-29,2007,9,29,23.3,31.1,16.0,48.2
2007-09-30,2007,9,30,23.6,31.5,15.9,42.8
2007-10-01,2007,10,1,23.5,31.7,15.3,48.4
2007-10-02,2007,10,2,23.9,31.6,16.3,47.0
2007-10-03,2007,10,3,23.6,30.9,16.6,43.9
2007-10-04,2007,10,4,23.0,30.6,15.2,56.7
2007-10-05,2007,10,5,22.8,30.5,14.9,41.2
2007-10-06,2007,10,6,22.8,30.4,15.0,49.4
2007-10-07,2007,10,7,22.9,30.4,15.9,42.9
2007-10-08,2007,10,8,22.6,30.3,15.8,39.6
2007-10-09,2007,10,9,22.4,30.3,14.8,42.4
2007-10-10,2007,10,10,22.2,30.3,14.6,42.3
2007-10-11,2007,10,11,22.2,30.1,14.5,48.4
2007-10-12,2007,10,12,22.2,30.1,14.4,49.5
2007-10-13,2007,10,13,22.4,30.7,15.1,48.7
2007-10-14,2007,10,14,22.6,30.4,15.2,41.4
2007-10-15,2007,10,15,22.7,30.7,15.4,43.0
2007-10-16,2007,10,16,22.6,29.6,16.2,35.8
2007-10-17,2007,10,17,22.3,28.8,16.6,50.2
2007-10-18,2007,10,18,22.1,28.9,16.0,49.7
2007-10-19,2007,10,19,22.2,29.1,15.4,43.8
2007-10-20,2007,10,20,22.4,29.6,15.7,46.1
2007-10-21,2007,10,21,22.8,29.2,17.4,36.2
2007-10-22,2007,10,22,21.9,29.0,15.6,39.2
2007-10-23,2007,10,23,21.6,29.7,14.1,48.3
2007-10-24,2007,10,24,22.0,28.9,15.3,40.8
2007-10-25,2007,10,25,22.2,29.3,15.6,43.2
2007-10-26,2007,10,26,22.0,29.0,15.6,47.9
2007-10-27,2007,10,27,22.0,29.3,15.5,45.9
2007-10-28,2007,10,28,21.2,29.1,14.6,49.0
2007-10-29,2007,10,29,20.8,29.1,13.3,51.0
2007-10-30,2007,10,30,20.5,29.3,12.6,52.6
2007-10-31,2007,10,31,20.6,29.3,13.4,48.5
2007-11-01,2007,11,1,20.3,28.6,13.1,52.6
2007-11-02,2007,11,2,19.5,27.6,12.2,47.5
2007-11-03,2007,11,3,20.1,27.4,13.6,43.2
2007-11-04,2007,11,4,21.3,27.4,16.6,50.4
2007-11-05,2007,11,5,20.5,28.6,13.9,51.8
2007-11-06,2007,11,6,21.3,28.5,15.5,54.2
2007-11-07,2007,11,7,21.0,27.1,14.8,37.9
2007-11-08,2007,11,8,20.5,27.4,14.8,44.5
2007-11-09,2007,11,9,19.5,25.5,14.0,42.4
2007-11-10,2007,11,10,18.9,25.2,12.9,52.5
2007-11-11,2007,11,11,18.9,25.7,12.8,42.8
2007-11-12,2007,11,12,18.5,25.5,12.6,40.8
2007-11-13,2007,11,13,18.4,25.2,12.3,49.7
2007-11-14,2007,11,14,18.0,25.1,11.4,58.6
2007-11-15,2007,11,15,17.5,24.3,11.5,54.5
2007-11-16,2007,11,16,17.3,25.0,11.3,40.6
2007-11-17,2007,11,17,16.8,24.2,10.9,50.3
2007-11-18,2007,11,18,16.3,24.1,9.5,52.8
2007-11-19,2007,11,19,16.1,22.9,10.3,48.6
2007-11-20,2007,11,20,15.7,23.5,9.1,51.6
2007-11-21,2007,11,21,16.3,24.2,10.0,59.6
2007-11-22,2007,11,22,16.5,24.3,10.3,51.9
2007-11-23,2007,11,23,16.2,24.4,9.7,46.3
2007-11-24,2007,11,24,16.6,24.4,10.1,54.0
2007-11-25,2007,11,25,16.8,24.6,10.2,52.6
2007-11-26,2007,11,26,16.6,24.3,11.0,50.8
2007-11-27,2007,11,27,15.7,23.3,9.7,45.7
2007-11-28,2007,11,28,15.1,21.8,10.1,47.9
2007-11-29,2007,11,29,14.2,19.1,11.1,59.3
2007-11-30,2007,11,30,13.2,16.7,9.3,50.0
2007-12-01,2007,12,1,12.7,18.3,8.3,53.8
2007-12-02,2007,12,2,13.6,19.0,9.8,47.6
2007-12-03,2007,12,3,12.9,20.1,7.2,51.1
2007-12-04,2007,12,4,12.9,20.2,6.7,56.2
2007-12-05,2007,12,5,12.4,20.2,6.4,53.0
2007-12-06,2007,12,6,13.2,20.4,8.0,50.1
2007-12-07,2007,12,7,12.6,19.9,6.6,50.5
2007-12-08,2007,12,8,12.5,20.1,6.6,45.3
2007-12-09,2007,12,9,12.1,16.3,9.3,52.7
2007-12-10,2007,12,10,11.5,15.6,8.6,53.6
2007-12-11,2007,12,11,9.8,15.1,5.1,51.2
2007-12-12,2007,12,12,9.9,15.5,5.7,49.2
2007-12-13,2007,12,13,9.6,15.0,5.7,63.4
2007-12-14,2007,12,14,8.9,15.4,3.7,57.6
2007-12-15,2007,12,15,8.8,16.6,2.6,52.6
2007-12-16,2007,12,16,9.0,17.2,2.2,55.7
2007-12-17,2007,12,17,9.7,18.1,3.7,55.6
2007-12-18,2007,12,18,10.5,17.0,5.0,60.3
2007-12-19,2007,12,19,11.6,17.8,5.6,58.0
2007-12-20,2007,12,20,12.9,19.3,8.2,52.8
2007-12-21,2007,12,21,12.5,18.7,8.0,55.2
2007-12-22,2007,12,22,12.1,19.9,6.4,56.6
2007-12-23,2007,12,23,12.7,20.9,6.5,59.0
2007-12-24,2007,12,24,12.4,19.6,7.7,64.5
2007-12-25,2007,12,25,12.1,18.2,7.7,56.6
2007-12-26,2007,12,26,10.9,18.2,4.9,56.3
2007-12-27,2007,12,27,10.1,17.7,4.1,64.3
2007-12-28,2007,12,28,9.5,16.8,3.9,62.6
2007-12-29,2007,12,29,8.8,16.5,2.7,56.9
2007-12-30,2007,12,30,8.8,16.4,3.0,53.2
2007-12-31,2007,12,31,8.7,16.9,1.9,57.1
2008-01-01,2008,1,1,8.6,16.5,2.1,61.1
2008-01-02,2008,1,2,8.6,16.7,2.4,69.8
2008-01-03,2008,1,3,9.3,17.0,2.4,57.4
2008-01-04,2008,1,4,10.3,15.8,5.8,57.1
2008-01-05,2008,1,5,9.7,12.8,7.5,63.7
2008-01-06,2008,1,6,10.2,12.5,8.4,63.1
2008-01-07,2008,1,7,10.8,15.0,7.9,58.5
2008-01-08,2008,1,8,11.2,12.7,9.3,59.4
2008-01-09,2008,1,9,10.9,11.9,9.5,62.8
2008-01-10,2008,1,10,8.8,10.7,6.1,69.8
2008-01-11,2008,1,11,8.3,12.7,5.4,54.9
2008-01-12,2008,1,12,8.0,14.3,3.9,61.8
2008-01-13,2008,1,13,8.0,15.5,2.1,63.7
2008-01-14,2008,1,14,8.7,16.0,2.6,68.4
2008-01-15,2008,1,15,11.8,18.4,7.0,63.3
2008-01-16,2008,1,16,11.7,15.0,9.1,69.9
2008-01-17,2008,1,17,11.1,13.9,9.5,64.4
2008-01-18,2008,1,18,9.0,12.8,4.3,72.7
2008-01-19,2008,1,19,7.0,12.9,2.3,58.3
2008-01-20,2008,1,20,6.0,12.2,1.4,63.9
2008-01-21,2008,1,21,5.1,11.8,-0.3,62.4
2008-01-22,2008,1,22,4.8,11.5,-1.7,66.1
2008-01-23,2008,1,23,5.4,10.8,1.2,63.4
2008-01-24,2008,1,24,5.0,10.7,0.2,70.7
2008-01-25,2008,1,25,4.8,10.7,-0.4,67.1
2008-01-26,2008,1,26,4.9,11.0,-0.5,62.1
2008-01-27,2008,1,27,6.2,13.1,0.1,66.5
2008-01-28,2008,1,28,8.0,14.4,2.8,71.2
2008-01-29,2008,1,29,6.7,13.6,0.7,70.1
2008-01-30,2008,1,30,6.3,13.3,0.2,70.6
2008-01-31,2008,1,31,6.8,14.6,0.4,69.3
2008-02-01,2008,2,1,6.8,14.8,0.1,64.4
2008-02-02,2008,2,2,7.1,12.4,1.7,64.7
2008-02-03,2008,2,3,7.2,9.5,5.0,62.9
2008-02-04,2008,2,4,7.7,11.1,4.3,63.9
2008-02-05,2008,2,5,7.9,11.3,4.8,67.2
2008-02-06,2008,2,6,7.2,13.0,2.2,74.0
2008-02-07,2008,2,7,6.4,8.7,4.3,61.0
2008-02-08,2008,2,8,7.1,11.9,3.7,62.8
2008-02-09,2008,2,9,7.4,14.2,1.3,70.3
2008-02-10,2008,2,10,6.9,13.7,0.4,74.9
2008-02-11,2008,2,11,6.8,14.1,0.2,68.7
2008-02-12,2008,2,12,7.3,14.9,0.2,64.2
2008-02-13,2008,2,13,8.2,16.6,0.1,56.6
2008-02-14,2008,2,14,9.7,17.9,2.0,73.1
2008-02-15,2008,2,15,11.1,18.8,4.6,70.5
2008-02-16,2008,2,16,13.1,20.5,7.6,72.7
2008-02-17,2008,2,17,13.3,19.8,7.7,69.1
2008-02-18,2008,2,18,13.0,20.7,6.3,71.6
2008-02-19,2008,2,19,12.7,21.3,4.4,76.4
2008-02-20,2008,2,20,13.9,22.2,6.5,73.4
2008-02-21,2008,2,21,14.1,20.1,8.7,73.7
2008-02-22,2008,2,22,14.0,20.3,9.8,70.6
2008-02-23,2008,2,23,13.7,18.3,9.4,73.6
2008-02-24,2008,2,24,13.1,19.3,7.8,76.8
2008-02-25,2008,2,25,12.6,19.1,6.4,70.3
2008-02-26,2008,2,26,12.9,20.7,5.6,63.3
2008-02-27,2008,2,27,14.3,23.1,6.2,74.3
2008-02-28,2008,2,28,16.1,25.0,8.6,73.5
2008-02-29,2008,2,29,17.6,25.6,10.2,65.7
2008-03-01,2008,3,1,18.3,25.4,12.3,78.4
2008-03-02,2008,3,2,17.5,25.1,11.2,72.4
2008-03-03,2008,3,3,17.8,24.6,12.8,62.5
2008-03-04,2008,3,4,17.0,22.6,12.3,67.0
2008-03-05,2008,3,5,18.0,25.5,12.0,71.8
2008-03-06,2008,3,6,17.5,23.3,13.6,77.4
2008-03-07,2008,3,7,17.5,24.3,13.5,72.3
2008-03-08,2008,3,8,18.1,24.9,12.0,73.5
2008-03-09,2008,3,9,17.9,25.0,11.8,76.4
2008-03-10,2008,3,10,18.2,24.9,12.3,77.1
2008-03-11,2008,3,11,17.8,24.6,11.4,77.6
2008-03-12,2008,3,12,17.6,25.3,9.7,67.0
2008-03-13,2008,3,13,18.2,26.4,10.2,81.3
2008-03-14,2008,3,14,19.3,26.5,12.4,67.2
2008-03-15,2008,3,15,19.7,27.3,12.0,76.5
2008-03-16,2008,3,16,20.8,28.9,12.3,73.2
2008-03-17,2008,3,17,21.1,28.7,14.7,75.5
2008-03-18,2008,3,18,20.5,27.5,14.2,62.0
2008-03-19,2008,3,19,20.0,27.5,12.6,71.3
2008-03-20,2008,3,20,20.1,27.8,12.9,70.7
2008-03-21,2008,3,21,18.9,24.6,12.4,65.3
2008-03-22,2008,3,22,20.6,26.1,15.2,74.1
2008-03-23,2008,3,23,20.5,28.1,12.4,74.6
2008-03-24,2008,3,24,20.7,29.1,11.5,70.5
2008-03-25,2008,3,25,21.6,30.1,12.7,74.3
2008-03-26,2008,3,26,21.0,28.8,13.1,73.2
2008-03-27,2008,3,27,21.1,28.0,14.0,63.7
2008-03-28,2008,3,28,21.4,29.2,12.9,67.9
2008-03-29,2008,3,29,22.1,29.7,13.6,75.7
2008-03-30,2008,3,30,22.0,29.6,13.6,72.1
2008-03-31,2008,3,31,22.0,28.4,15.3,79.4
2008-04-01,2008,4,1,21.5,28.0,14.2,79.7
2008-04-02,2008,4,2,20.1,25.4,15.0,73.1
2008-04-03,2008,4,3,19.3,23.9,15.5,73.6
2008-04-04,2008,4,4,18.0,23.4,13.7,73.3
2008-04-05,2008,4,5,15.5,16.2,14.6,76.9
2008-04-06,2008,4,6,17.4,21.9,12.4,69.8
2008-04-07,2008,4,7,18.7,23.4,15.2,73.7
2008-04-08,2008,4,8,19.5,24.7,14.8,70.5
2008-04-09,2008,4,9,18.5,22.5,14.5,78.3
2008-04-10,2008,4,10,19.3,24.7,14.0,76.7
2008-04-11,2008,4,11,20.7,25.3,17.1,66.8
2008-04-12,2008,4,12,20.6,26.4,14.2,68.0
2008-04-13,2008,4,13,21.0,27.9,13.7,71.9
2008-04-14,2008,4,14,20.4,26.2,15.7,74.7
2008-04-15,2008,4,15,17.4,20.2,14.3,76.0
2008-04-16,2008,4,16,17.1,23.2,12.4,76.7
2008-04-17,2008,4,17,19.2,25.8,11.9,70.0
2008-04-18,2008,4,18,21.1,28.0,13.8,77.6
2008-04-19,2008,4,19,21.7,29.5,13.9,76.3
2008-04-20,2008,4,20,22.7,29.9,14.8,75.0
2008-04-21,2008,4,21,23.4,30.4,16.9,72.9
2008-04-22,2008,4,22,24.3,31.0,18.0,76.5
2008-04-23,2008,4,23,24.3,30.5,18.1,70.7
2008-04-24,2008,4,24,24.4,31.4,16.7,68.7
2008-04-25,2008,4,25,24.6,32.2,16.7,76.1
2008-04-26,2008,4,26,24.3,30.9,17.4,65.9
2008-04-27,2008,4,27,24.5,32.0,16.1,78.2
2008-04-28,2008,4,28,25.1,33.6,15.9,78.4
2008-04-29,2008,4,29,26.6,34.9,17.7,82.1
2008-04-30,2008,4,30,26.8,35.2,17.4,75.4
2008-05-01,2008,5,1,27.3,35.7,17.7,74.7
2008-05-02,2008,5,2,27.7,36.3,17.6,72.7
2008-05-03,2008,5,3,29.1,37.8,18.7,73.3
2008-05-04,2008,5,4,29.1,36.8,21.5,69.9
2008-05-05,2008,5,5,27.8,34.1,22.6,77.3
2008-05-06,2008,5,6,27.0,34.1,19.1,80.3
2008-05-07,2008,5,7,27.6,35.3,17.9,69.8
2008-05-08,2008,5,8,28.1,34.9,18.4,73.5
2008-05-09,2008,5,9,25.6,31.0,21.2,69.3
2008-05-10,2008,5,10,25.4,31.1,19.1,64.8
2008-05-11,2008,5,11,26.5,32.6,19.3,66.8
2008-05-12,2008,5,12,27.7,34.3,20.2,63.7
2008-05-13,2008,5,13,27.3,34.5,19.9,74.5
2008-05-14,2008,5,14,28.3,34.7,20.4,66.7
2008-05-15,2008,5,15,28.8,36.1,20.4,70.8
2008-05-16,2008,5,16,29.4,36.7,20.7,72.5
2008-05-17,2008,5,17,29.4,37.3,20.3,70.7
2008-05-18,2008,5,18,30.1,37.6,21.1,67.5
2008-05-19,2008,5,19,30.3,36.5,22.7,67.7
2008-05-20,2008,5,20,29.6,35.7,22.7,72.1
2008-05-21,2008,5,21,29.0,34.8,22.5,75.4
2008-05-22,2008,5,22,28.5,33.5,23.7,72.7
2008-05-23,2008,5,23,26.3,31.8,23.2,65.8
2008-05-24,2008,5,24,27.3,32.4,22.5,64.4
2008-05-25,2008,5,25,25.3,31.7,20.5,73.9
2008-05-26,2008,5,26,26.3,32.0,21.4,62.2
2008-05-27,2008,5,27,24.8,30.6,20.3,67.1
2008-05-28,2008,5,28,26.0,32.8,18.3,66.1
2008-05-29,2008,5,29,27.7,34.9,19.3,72.0
2008-05-30,2008,5,30,29.3,36.6,20.4,71.0
2008-05-31,2008,5,31,30.2,38.1,21.2,57.3
2008-06-01,2008,6,1,31.7,38.1,24.4,70.6
2008-06-02,2008,6,2,30.1,35.9,25.3,72.5
2008-06-03,2008,6,3,30.2,35.7,24.3,72.6
2008-06-04,2008,6,4,31.3,36.9,24.6,72.8
2008-06-05,2008,6,5,32.7,39.2,26.0,59.8
2008-06-06,2008,6,6,31.7,37.6,27.1,69.9
2008-06-07,2008,6,7,31.7,38.1,26.5,65.9
2008-06-08,2008,6,8,29.9,34.4,26.6,80.0
2008-06-09,2008,6,9,29.3,34.1,24.5,59.6
2008-06-10,2008,6,10,29.7,34.5,25.1,65.3
2008-06-11,2008,6,11,30.7,35.4,26.6,66.8
2008-06-12,2008,6,12,30.4,34.2,26.5,68.0
2008-06-13,2008,6,13,30.6,34.9,26.4,64.7
2008-06-14,2008,6,14,30.0,34.7,25.2,61.8
2008-06-15,2008,6,15,27.4,31.6,24.2,60.2
2008-06-16,2008,6,16,25.5,27.2,24.3,56.3
2008-06-17,2008,6,17,28.5,32.3,24.0,68.2
2008-06-18,2008,6,18,28.4,32.0,25.2,60.6
2008-06-19,2008,6,19,27.5,31.7,23.7,67.1
2008-06-20,2008,6,20,27.8,31.6,23.5,64.4
2008-06-21,2008,6,21,27.8,31.9,23.7,67.6
2008-06-22,2008,6,22,28.0,32.3,23.0,63.4
2008-06-23,2008,6,23,29.4,33.7,25.2,60.3
2008-06-24,2008,6,24,30.5,35.3,25.7,62.0
2008-06-25,2008,6,25,31.0,35.7,26.7,59.9
2008-06-26,2008,6,26,30.4,34.7,26.9,65.7
2008-06-27,2008,6,27,28.2,33.0,24.0,65.5
2008-06-28,2008,6,28,25.9,28.7,22.8,61.1
2008-06-29,2008,6,29,26.8,30.4,23.7,62.6
2008-06-30,2008,6,30,27.4,31.8,23.2,47.9
2008-07-01,2008,7,1,28.7,33.0,24.5,63.1
2008-07-02,2008,7,2,30.1,34.5,25.3,64.2
2008-07-03,2008,7,3,30.7,35.4,27.0,59.3
2008-07-04,2008,7,4,29.3,32.4,26.4,61.1
2008-07-05,2008,7,5,28.0,31.7,25.0,44.4
2008-07-06,2008,7,6,26.8,30.6,24.3,54.9
2008-07-07,2008,7,7,25.9,28.1,24.8,55.6
2008-07-08,2008,7,8,27.1,31.0,23.9,61.6
2008-07-09,2008,7,9,27.5,30.5,24.5,55.8
2008-07-10,2008,7,10,28.1,32.1,24.4,62.6
2008-07-11,2008,7,11,27.9,31.8,24.1,56.4
2008-07-12,2008,7,12,25.7,29.2,23.0,68.9
2008-07-13,2008,7,13,26.8,30.8,23.2,58.3
2008-07-14,2008,7,14,27.7,31.3,24.2,64.8
2008-07-15,2008,7,15,28.2,31.9,24.0,58.9
2008-07-16,2008,7,16,28.7,32.7,25.5,51.3
2008-07-17,2008,7,17,28.2,32.2,24.4,64.5
2008-07-18,2008,7,18,27.5,31.8,24.0,58.1
2008-07-19,2008,7,19,27.9,32.0,24.2,62.4
2008-07-20,2008,7,20,26.0,29.3,23.3,51.2
2008-07-21,2008,7,21,25.7,28.3,23.3,41.0
2008-07-22,2008,7,22,27.5,31.9,22.8,54.4
2008-07-23,2008,7,23,28.3,32.5,23.2,49.4
2008-07-24,2008,7,24,28.9,33.5,23.8,56.5
2008-07-25,2008,7,25,28.7,32.4,25.3,60.5
2008-07-26,2008,7,26,28.3,32.6,24.7,66.1
2008-07-27,2008,7,27,28.9,33.5,24.0,53.0
2008-07-28,2008,7,28,28.8,32.4,25.5,51.8
2008-07-29,2008,7,29,28.4,32.6,24.2,42.9
2008-07-30,2008,7,30,29.3,32.7,26.2,49.9
2008-07-31,2008,7,31,27.5,31.1,25.4,50.9
2008-08-01,2008,8,1,27.6,31.0,24.9,57.3
2008-08-02,2008,8,2,28.7,32.5,24.7,49.6
2008-08-03,2008,8,3,26.7,30.5,24.6,54.3
2008-08-04,2008,8,4,25.9,28.8,24.0,40.6
2008-08-05,2008,8,5,26.1,29.3,23.8,51.5
2008-08-06,2008,8,6,27.2,31.2,23.2,53.9
2008-08-07,2008,8,7,27.9,31.3,24.7,42.8
2008-08-08,2008,8,8,27.1,31.2,24.5,51.2
2008-08-09,2008,8,9,26.1,29.3,24.3,53.8
2008-08-10,2008,8,10,28.2,32.3,24.5,44.2
2008-08-11,2008,8,11,28.0,31.9,24.9,56.6
2008-08-12,2008,8,12,27.0,30.2,23.7,48.3
2008-08-13,2008,8,13,27.0,31.1,23.2,49.4
2008-08-14,2008,8,14,26.8,30.3,23.3,47.6
2008-08-15,2008,8,15,26.3,29.9,23.4,46.6
2008-08-16,2008,8,16,26.7,30.8,23.0,51.1
2008-08-17,2008,8,17,26.9,30.9,23.1,40.3
2008-08-18,2008,8,18,27.4,32.1,22.8,45.1
2008-08-19,2008,8,19,27.7,32.6,22.3,50.6
2008-08-20,2008,8,20,28.2,32.8,23.3,47.2
2008-08-21,2008,8,21,28.2,32.0,24.3,49.0
2008-08-22,2008,8,22,27.3,31.8,23.3,43.2
2008-08-23,2008,8,23,27.5,31.8,23.7,40.5
2008-08-24,2008,8,24,27.9,32.6,23.8,50.3
2008-08-25,2008,8,25,28.9,34.0,24.1,49.7
2008-08-26,2008,8,26,29.2,34.2,24.5,42.1
2008-08-27,2008,8,27,28.9,33.6,24.4,46.3
2008-08-28,2008,8,28,28.9,34.3,23.6,50.3
2008-08-29,2008,8,29,28.3,34.4,23.4,48.4
2008-08-30,2008,8,30,26.8,31.5,22.4,44.9
2008-08-31,2008,8,31,25.1,29.6,21.4,44.7
2008-09-01,2008,9,1,26.4,31.6,21.3,41.1
2008-09-02,2008,9,2,27.3,32.0,22.2,48.8
2008-09-03,2008,9,3,27.8,32.5,23.2,49.4
2008-09-04,2008,9,4,26.9,31.6,22.3,53.9
2008-09-05,2008,9,5,25.3,29.5,21.3,53.5
2008-09-06,2008,9,6,23.6,28.8,20.6,47.2
2008-09-07,2008,9,7,23.8,29.4,19.0,44.5
2008-09-08,2008,9,8,23.9,29.5,18.2,36.0
2008-09-09,2008,9,9,25.3,32.5,18.1,44.2
2008-09-10,2008,9,10,25.9,33.2,18.9,43.2
2008-09-11,2008,9,11,26.3,34.1,18.8,45.6
2008-09-12,2008,9,12,26.8,33.8,20.5,46.2
2008-09-13,2008,9,13,27.4,33.6,21.3,40.6
2008-09-14,2008,9,14,27.6,33.7,22.1,52.8
2008-09-15,2008,9,15,28.1,34.3,22.1,40.6
2008-09-16,2008,9,16,27.6,33.5,23.2,42.7
2008-09-17,2008,9,17,25.7,29.8,22.2,38.2
2008-09-18,2008,9,18,25.9,31.5,21.3,51.5
2008-09-19,2008,9,19,26.2,32.3,20.0,51.7
2008-09-20,2008,9,20,25.3,31.8,20.9,49.1
2008-09-21,2008,9,21,25.0,30.7,19.3,38.7
2008-09-22,2008,9,22,24.5,29.8,19.2,49.5
2008-09-23,2008,9,23,24.1,30.0,18.3,45.6
2008-09-24,2008,9,24,24.8,30.9,18.2,46.3
2008-09-25,2008,9,25,25.1,32.4,17.6,50.4
2008-09-26,2008,9,26,25.9,33.1,18.7,40.1
2008-09-27,2008,9,27,26.5,33.3,19.5,48.4
2008-09-28,2008,9,28,27.0,33.2,20.6,49.6
2008-09-29,2008,9,29,27.3,34.9,20.2,46.8
2008-09-30,2008,9,30,27.7,34.3,21.3,36.2
2008-10-01,2008,10,1,28.3,34.3,22.7,36.2
2008-10-02,2008,10,2,28.2,34.4,21.6,45.0
2008-10-03,2008,10,3,28.4,34.2,22.6,43.9
2008-10-04,2008,10,4,28.5,34.3,22.7,51.4
2008-10-05,2008,10,5,28.1,33.7,23.8,39.3
2008-10-06,2008,10,6,25.2,30.6,21.6,43.9
2008-10-07,2008,10,7,23.0,27.5,19.9,41.7
2008-10-08,2008,10,8,23.2,28.8,18.2,42.1
2008-10-09,2008,10,9,23.5,30.5,16.8,43.3
2008-10-10,2008,10,10,24.0,30.8,17.7,42.9
2008-10-11,2008,10,11,24.6,32.1,17.7,42.5
2008-10-12,2008,10,12,25.2,32.3,18.5,43.8
2008-10-13,2008,10,13,25.3,32.1,19.2,44.4
2008-10-14,2008,10,14,23.7,29.1,19.7,41.1
2008-10-15,2008,10,15,20.8,25.1,18.0,40.3
2008-10-16,2008,10,16,21.2,27.2,15.8,54.0
2008-10-17,2008,10,17,21.1,28.0,14.7,49.5
2008-10-18,2008,10,18,21.5,29.0,15.0,52.3
2008-10-19,2008,10,19,21.8,29.0,15.1,45.6
2008-10-20,2008,10,20,22.2,29.3,16.0,37.8
2008-10-21,2008,10,21,21.6,28.7,15.1,42.3
2008-10-22,2008,10,22,21.6,29.5,14.6,47.1
2008-10-23,2008,10,23,22.0,29.4,15.6,42.0
2008-10-24,2008,10,24,21.5,28.8,15.1,48.4
2008-10-25,2008,10,25,21.0,27.7,15.5,39.7
2008-10-26,2008,10,26,20.9,28.2,14.7,42.4
2008-10-27,2008,10,27,20.7,28.0,14.4,44.0
2008-10-28,2008,10,28,21.1,28.4,14.3,48.3
2008-10-29,2008,10,29,21.6,27.0,17.3,50.3
2008-10-30,2008,10,30,20.3,26.1,15.9,43.4
2008-10-31,2008,10,31,19.9,27.0,13.8,53.3
2008-11-01,2008,11,1,20.0,27.8,13.6,29.9
2008-11-02,2008,11,2,20.7,28.5,13.9,48.8
2008-11-03,2008,11,3,20.3,27.8,14.3,47.9
2008-11-04,2008,11,4,19.3,27.3,13.1,54.5
2008-11-05,2008,11,5,19.3,27.8,12.2,45.7
2008-11-06,2008,11,6,19.7,27.7,13.0,44.8
2008-11-07,2008,11,7,20.3,27.7,14.2,42.5
2008-11-08,2008,11,8,20.3,28.1,14.3,46.9
2008-11-09,2008,11,9,20.2,27.5,14.2,47.4
2008-11-10,2008,11,10,20.0,27.7,13.9,49.8
2008-11-11,2008,11,11,19.8,27.1,13.8,54.4
2008-11-12,2008,11,12,18.8,25.3,13.5,49.8
2008-11-13,2008,11,13,15.3,19.1,11.8,43.4
2008-11-14,2008,11,14,14.6,18.9,11.6,50.0
2008-11-15,2008,11,15,15.6,21.9,10.3,45.8
2008-11-16,2008,11,16,15.3,22.1,9.4,53.0
2008-11-17,2008,11,17,14.8,21.5,8.7,60.8
2008-11-18,2008,11,18,15.2,21.9,9.8,48.8
2008-11-19,2008,11,19,14.8,21.9,8.5,50.8
2008-11-20,2008,11,20,13.4,19.2,8.3,43.4
2008-11-21,2008,11,21,12.8,19.7,7.0,53.2
2008-11-22,2008,11,22,13.4,21.2,6.7,54.8
2008-11-23,2008,11,23,14.5,22.7,7.9,56.0
2008-11-24,2008,11,24,15.3,23.6,8.7,48.1
2008-11-25,2008,11,25,15.5,23.4,9.3,45.6
2008-11-26,2008,11,26,15.3,23.2,9.3,53.4
2008-11-27,2008,11,27,15.1,23.2,8.8,54.0
2008-11-28,2008,11,28,15.3,23.6,8.6,49.4
2008-11-29,2008,11,29,16.2,24.9,10.4,61.2
2008-11-30,2008,11,30,16.3,25.1,9.5,46.9
2008-12-01,2008,12,1,15.5,23.2,10.0,53.8
2008-12-02,2008,12,2,15.0,23.1,8.6,59.4
2008-12-03,2008,12,3,15.1,23.5,8.7,54.0
2008-12-04,2008,12,4,15.2,23.7,8.5,56.2
2008-12-05,2008,12,5,15.1,23.5,9.4,55.8
2008-12-06,2008,12,6,15.1,23.4,8.9,57.6
2008-12-07,2008,12,7,14.5,19.2,9.9,55.7
2008-12-08,2008,12,8,15.3,19.0,12.9,54.0
2008-12-09,2008,12,9,14.4,18.0,11.9,66.0
2008-12-10,2008,12,10,13.6,19.2,9.4,53.9
2008-12-11,2008,12,11,12.4,19.3,7.6,53.1
2008-12-12,2008,12,12,11.6,19.8,5.8,48.5
2008-12-13,2008,12,13,11.2,19.7,4.6,49.4
2008-12-14,2008,12,14,11.4,19.7,5.1,60.4
2008-12-15,2008,12,15,12.3,20.1,6.3,49.7
2008-12-16,2008,12,16,13.0,19.5,9.1,60.9
2008-12-17,2008,12,17,13.7,18.7,10.1,65.0
2008-12-18,2008,12,18,14.1,19.3,10.4,61.1
2008-12-19,2008,12,19,13.8,18.5,10.5,65.4
2008-12-20,2008,12,20,13.9,16.4,12.2,60.2
2008-12-21,2008,12,21,12.2,16.9,8.4,57.7
2008-12-22,2008,12,22,12.1,19.6,7.2,55.2
2008-12-23,2008,12,23,11.4,19.4,5.6,59.5
2008-12-24,2008,12,24,11.6,19.9,5.8,63.5
2008-12-25,2008,12,25,11.7,19.2,6.5,58.1
2008-12-26,2008,12,26,11.6,19.3,5.9,54.2
2008-12-27,2008,12,27,11.5,18.8,6.3,60.4
2008-12-28,2008,12,28,10.8,18.3,5.6,55.3
2008-12-29,2008,12,29,11.2,17.8,6.7,66.1
2008-12-30,2008,12,30,11.0,17.8,5.7,66.4
2008-12-31,2008,12,31,10.2,17.7,4.5,72.1
2009-01-01,2009,1,1,9.4,17.4,3.1,50.3
2009-01-02,2009,1,2,10.6,18.3,4.5,66.0
2009-01-03,2009,1,3,10.1,12.7,8.8,61.3
2009-01-04,2009,1,4,8.9,11.0,5.7,71.1
2009-01-05,2009,1,5,8.4,14.8,3.5,60.8
2009-01-06,2009,1,6,8.3,15.2,2.8,63.3
2009-01-07,2009,1,7,9.0,15.6,4.0,57.9
2009-01-08,2009,1,8,9.3,16.8,3.4,68.3
2009-01-09,2009,1,9,9.2,15.8,3.4,63.9
2009-01-10,2009,1,10,9.8,16.5,4.5,65.8
2009-01-11,2009,1,11,10.1,17.4,4.0,65.4
2009-01-12,2009,1,12,10.4,17.9,3.9,57.6
2009-01-13,2009,1,13,10.1,16.1,4.8,70.5
2009-01-14,2009,1,14,10.4,16.7,5.0,56.4
2009-01-15,2009,1,15,13.5,19.6,9.4,66.9
2009-01-16,2009,1,16,12.7,15.8,10.4,60.5
2009-01-17,2009,1,17,12.8,17.3,8.9,62.2
2009-01-18,2009,1,18,10.7,13.8,8.6,62.5
2009-01-19,2009,1,19,11.1,16.2,7.5,61.3
2009-01-20,2009,1,20,11.1,19.0,4.6,61.9
2009-01-21,2009,1,21,11.6,19.1,5.2,74.3
2009-01-22,2009,1,22,12.3,20.1,5.9,64.1
2009-01-23,2009,1,23,13.1,20.1,7.0,68.4
2009-01-24,2009,1,24,14.4,20.9,8.3,66.1
2009-01-25,2009,1,25,14.9,17.5,11.7,76.9
2009-01-26,2009,1,26,13.5,17.3,11.0,69.5
2009-01-27,2009,1,27,12.5,16.6,8.9,73.9
2009-01-28,2009,1,28,12.1,19.3,5.8,76.2
2009-01-29,2009,1,29,12.3,19.2,6.6,71.6
2009-01-30,2009,1,30,12.5,18.2,7.9,70.4
2009-01-31,2009,1,31,12.3,19.2,6.5,70.9
2009-02-01,2009,2,1,12.0,20.1,5.1,65.5
2009-02-02,2009,2,2,12.5,19.6,5.8,62.2
2009-02-03,2009,2,3,13.1,19.0,9.4,67.0
2009-02-04,2009,2,4,13.0,20.4,6.8,68.7
2009-02-05,2009,2,5,12.0,15.4,10.1,59.2
2009-02-06,2009,2,6,11.3,15.7,8.2,67.0
2009-02-07,2009,2,7,11.6,19.0,5.8,66.2
2009-02-08,2009,2,8,12.0,20.7,4.4,69.7
2009-02-09,2009,2,9,12.1,17.5,8.0,72.9
2009-02-10,2009,2,10,11.9,16.5,8.9,70.1
2009-02-11,2009,2,11,11.8,17.5,5.8,65.4
2009-02-12,2009,2,12,13.2,18.3,9.9,73.2
2009-02-13,2009,2,13,11.8,14.2,9.4,64.4
2009-02-14,2009,2,14,12.1,15.9,8.8,67.9
2009-02-15,2009,2,15,12.3,19.2,6.0,65.4
2009-02-16,2009,2,16,12.7,20.0,5.4,65.2
2009-02-17,2009,2,17,13.4,20.0,8.4,67.1
2009-02-18,2009,2,18,13.0,20.5,6.3,69.2
2009-02-19,2009,2,19,14.5,21.5,8.8,75.7
2009-02-20,2009,2,20,12.8,16.2,10.1,74.0
2009-02-21,2009,2,21,13.7,19.9,7.9,65.5
2009-02-22,2009,2,22,13.8,20.3,7.6,74.1
2009-02-23,2009,2,23,13.4,16.4,10.1,73.2
2009-02-24,2009,2,24,14.4,19.0,10.1,79.5
2009-02-25,2009,2,25,13.3,19.1,7.4,66.1
2009-02-26,2009,2,26,13.1,19.9,6.8,68.5
2009-02-27,2009,2,27,13.0,20.2,6.1,85.2
2009-02-28,2009,2,28,13.1,20.3,6.0,75.9
2009-03-01,2009,3,1,14.7,21.6,8.8,72.5
2009-03-02,2009,3,2,16.4,24.1,9.3,74.8
2009-03-03,2009,3,3,16.3,21.1,13.0,74.8
2009-03-04,2009,3,4,16.6,22.4,11.6,77.4
2009-03-05,2009,3,5,16.3,22.5,11.3,68.7
2009-03-06,2009,3,6,16.5,23.5,10.0,67.7
2009-03-07,2009,3,7,16.0,21.8,11.4,68.5
2009-03-08,2009,3,8,15.6,21.8,10.7,76.2
2009-03-09,2009,3,9,15.6,21.8,10.4,67.4
2009-03-10,2009,3,10,15.0,21.8,8.8,75.6
2009-03-11,2009,3,11,15.5,23.4,7.1,78.6
2009-03-12,2009,3,12,16.8,24.9,9.1,76.8
2009-03-13,2009,3,13,18.1,26.3,10.4,68.8
2009-03-14,2009,3,14,18.7,26.3,11.3,82.9
2009-03-15,2009,3,15,18.2,26.3,10.2,79.0
2009-03-16,2009,3,16,18.3,26.2,12.4,76.0
2009-03-17,2009,3,17,19.2,26.2,14.2,76.6
2009-03-18,2009,3,18,17.8,22.6,13.4,74.1
2009-03-19,2009,3,19,18.6,24.8,13.1,74.3
2009-03-20,2009,3,20,15.9,18.9,13.3,80.2
2009-03-21,2009,3,21,16.8,22.4,11.9,68.5
2009-03-22,2009,3,22,17.4,24.3,9.8,75.2
2009-03-23,2009,3,23,17.7,24.5,10.4,73.0
2009-03-24,2009,3,24,15.4,18.3,14.3,86.0
2009-03-25,2009,3,25,15.5,19.5,12.0,71.4
2009-03-26,2009,3,26,16.5,22.7,9.8,78.3
2009-03-27,2009,3,27,16.5,21.5,11.8,73.8
2009-03-28,2009,3,28,17.2,21.7,11.9,79.4
2009-03-29,2009,3,29,16.1,19.9,13.5,70.8
2009-03-30,2009,3,30,17.5,23.5,11.3,83.8
2009-03-31,2009,3,31,18.6,25.9,11.5,69.1
2009-04-01,2009,4,1,19.9,27.0,12.6,72.1
2009-04-02,2009,4,2,18.3,22.1,15.5,76.1
2009-04-03,2009,4,3,17.9,23.2,13.1,81.1
2009-04-04,2009,4,4,19.3,25.4,13.0,71.6
2009-04-05,2009,4,5,18.8,24.5,11.8,81.9
2009-04-06,2009,4,6,16.8,20.1,14.3,81.1
2009-04-07,2009,4,7,17.0,21.4,13.7,77.8
2009-04-08,2009,4,8,14.4,15.6,12.3,67.6
2009-04-09,2009,4,9,16.3,20.7,12.6,83.6
2009-04-10,2009,4,10,18.1,24.8,10.9,66.8
2009-04-11,2009,4,11,19.9,25.1,13.2,68.5
2009-04-12,2009,4,12,21.6,27.9,15.3,72.4
2009-04-13,2009,4,13,21.7,27.8,15.1,85.8
2009-04-14,2009,4,14,21.1,26.0,16.4,69.8
2009-04-15,2009,4,15,20.8,26.2,16.7,71.1
2009-04-16,2009,4,16,20.4,26.6,14.2,78.9
2009-04-17,2009,4,17,21.2,28.2,13.1,80.6
2009-04-18,2009,4,18,22.2,29.1,14.9,70.3
2009-04-19,2009,4,19,23.2,30.3,15.2,74.8
2009-04-20,2009,4,20,23.3,30.5,16.1,68.8
2009-04-21,2009,4,21,20.8,26.0,16.4,59.9
2009-04-22,2009,4,22,20.6,27.2,14.7,72.3
2009-04-23,2009,4,23,20.2,27.5,13.1,77.7
2009-04-24,2009,4,24,20.7,27.9,13.2,87.9
2009-04-25,2009,4,25,21.6,29.8,12.7,79.8
2009-04-26,2009,4,26,23.5,31.3,15.9,67.1
2009-04-27,2009,4,27,25.7,31.8,20.3,80.9
2009-04-28,2009,4,28,25.6,32.2,19.3,80.2
2009-04-29,2009,4,29,25.8,33.0,19.2,67.9
2009-04-30,2009,4,30,26.4,34.4,18.2,70.1
2009-05-01,2009,5,1,26.4,34.5,17.2,71.6
2009-05-02,2009,5,2,27.0,34.9,19.8,69.9
2009-05-03,2009,5,3,26.2,32.7,21.0,74.0
2009-05-04,2009,5,4,22.8,27.9,18.3,73.8
2009-05-05,2009,5,5,20.0,23.6,17.0,73.5
2009-05-06,2009,5,6,21.6,27.9,14.6,73.3
2009-05-07,2009,5,7,23.0,29.4,15.7,69.3
2009-05-08,2009,5,8,23.9,30.7,17.3,72.2
2009-05-09,2009,5,9,24.3,30.5,17.3,59.1
2009-05-10,2009,5,10,23.4,28.1,18.6,67.8
2009-05-11,2009,5,11,24.0,30.3,17.1,77.4
2009-05-12,2009,5,12,24.9,32.2,16.4,81.3
2009-05-13,2009,5,13,26.8,34.3,18.0,82.4
2009-05-14,2009,5,14,27.9,35.5,19.0,70.3
2009-05-15,2009,5,15,28.4,36.0,20.2,65.1
2009-05-16,2009,5,16,28.4,36.2,19.4,61.2
2009-05-17,2009,5,17,29.1,37.4,19.1,71.1
2009-05-18,2009,5,18,30.0,38.1,20.5,78.4
2009-05-19,2009,5,19,31.1,39.1,22.0,66.5
2009-05-20,2009,5,20,30.4,36.5,24.2,74.9
2009-05-21,2009,5,21,29.4,36.2,22.7,67.1
2009-05-22,2009,5,22,29.0,36.8,21.3,73.5
2009-05-23,2009,5,23,29.4,36.9,21.3,64.2
2009-05-24,2009,5,24,28.8,36.3,21.3,80.2
2009-05-25,2009,5,25,27.3,33.4,21.0,65.1
2009-05-26,2009,5,26,27.5,35.2,18.3,70.6
2009-05-27,2009,5,27,29.3,37.1,20.1,77.4
2009-05-28,2009,5,28,29.9,37.6,21.0,72.6
2009-05-29,2009,5,29,29.9,37.4,20.2,65.8
2009-05-30,2009,5,30,29.7,35.6,23.5,65.3
2009-05-31,2009,5,31,29.6,35.3,23.9,67.1
2009-06-01,2009,6,1,29.2,34.7,22.6,71.2
2009-06-02,2009,6,2,30.4,37.1,22.8,66.4
2009-06-03,2009,6,3,31.4,37.7,24.2,58.5
2009-06-04,2009,6,4,31.6,38.5,24.5,73.1
2009-06-05,2009,6,5,29.7,37.1,22.8,65.2
2009-06-06,2009,6,6,27.9,34.1,23.0,66.4
2009-06-07,2009,6,7,27.8,34.0,20.6,74.1
2009-06-08,2009,6,8,27.5,33.4,20.1,65.4
2009-06-09,2009,6,9,28.5,35.7,19.1,64.5
2009-06-10,2009,6,10,29.9,37.7,20.3,57.1
2009-06-11,2009,6,11,31.0,37.9,23.7,61.7
2009-06-12,2009,6,12,31.1,37.6,23.2,56.4
2009-06-13,2009,6,13,30.7,37.1,24.7,64.6
2009-06-14,2009,6,14,29.6,35.2,23.3,62.3
2009-06-15,2009,6,15,28.7,34.6,23.1,62.6
2009-06-16,2009,6,16,24.5,27.4,21.4,69.6
2009-06-17,2009,6,17,26.0,31.6,20.0,62.5
2009-06-18,2009,6,18,27.6,33.7,20.3,60.7
2009-06-19,2009,6,19,28.6,35.4,20.4,62.7
2009-06-20,2009,6,20,29.7,36.2,21.8,65.9
2009-06-21,2009,6,21,30.7,37.4,22.8,57.4
2009-06-22,2009,6,22,31.2,38.2,22.7,57.3
2009-06-23,2009,6,23,32.3,39.5,23.6,63.8
2009-06-24,2009,6,24,33.3,40.6,23.8,65.9
2009-06-25,2009,6,25,33.8,40.3,25.4,58.0
2009-06-26,2009,6,26,34.4,41.3,25.6,68.2
2009-06-27,2009,6,27,34.4,41.9,25.3,56.1
2009-06-28,2009,6,28,35.3,43.1,26.3,70.8
2009-06-29,2009,6,29,34.4,41.3,26.6,58.8
2009-06-30,2009,6,30,31.9,36.4,28.1,62.1
2009-07-01,2009,7,1,30.7,35.7,25.0,60.6
2009-07-02,2009,7,2,30.0,34.6,23.7,60.4
2009-07-03,2009,7,3,29.4,34.7,22.5,60.8
2009-07-04,2009,7,4,28.7,34.4,22.5,62.7
2009-07-05,2009,7,5,30.4,37.1,22.3,62.5
2009-07-06,2009,7,6,32.3,39.7,22.8,63.8
2009-07-07,2009,7,7,33.3,40.8,23.5,51.2
2009-07-08,2009,7,8,32.7,39.0,26.5,57.1
2009-07-09,2009,7,9,33.0,38.2,28.5,53.9
2009-07-10,2009,7,10,32.4,37.4,27.8,60.2
2009-07-11,2009,7,11,32.9,38.1,27.8,66.4
2009-07-12,2009,7,12,33.2,38.8,28.4,59.7
2009-07-13,2009,7,13,31.6,36.2,26.4,61.3
2009-07-14,2009,7,14,29.6,34.8,23.8,51.8
2009-07-15,2009,7,15,31.6,37.9,24.5,55.8
2009-07-16,2009,7,16,32.6,37.9,27.3,55.4
2009-07-17,2009,7,17,33.9,38.8,28.8,46.9
2009-07-18,2009,7,18,31.0,35.0,27.4,60.2
2009-07-19,2009,7,19,31.6,37.3,26.1,50.3
2009-07-20,2009,7,20,33.0,39.1,28.2,52.1
2009-07-21,2009,7,21,29.0,34.6,24.8,57.4
2009-07-22,2009,7,22,28.4,33.3,24.2,56.8
2009-07-23,2009,7,23,28.8,33.2,24.6,54.1
2009-07-24,2009,7,24,29.5,34.1,24.1,55.5
2009-07-25,2009,7,25,30.7,35.1,25.8,53.0
2009-07-26,2009,7,26,31.8,36.4,27.3,48.9
2009-07-27,2009,7,27,30.4,34.4,26.1,46.0
2009-07-28,2009,7,28,26.5,29.0,24.5,45.2
2009-07-29,2009,7,29,26.5,30.1,23.6,48.0
2009-07-30,2009,7,30,27.9,32.0,24.3,54.3
2009-07-31,2009,7,31,28.7,32.6,24.8,50.8
2009-08-01,2009,8,1,29.3,33.6,25.0,55.0
2009-08-02,2009,8,2,29.9,34.1,25.9,52.4
2009-08-03,2009,8,3,30.3,35.1,26.1,55.5
2009-08-04,2009,8,4,30.6,35.1,27.2,57.6
2009-08-05,2009,8,5,31.0,35.2,27.6,45.1
2009-08-06,2009,8,6,30.2,35.9,26.3,52.5
2009-08-07,2009,8,7,27.7,32.2,23.3,51.3
2009-08-08,2009,8,8,28.8,33.0,24.8,58.0
2009-08-09,2009,8,9,29.9,33.7,25.8,55.2
2009-08-10,2009,8,10,29.6,33.8,25.7,50.5
2009-08-11,2009,8,11,30.1,33.8,27.0,57.7
2009-08-12,2009,8,12,30.5,34.6,26.6,49.2
2009-08-13,2009,8,13,31.6,35.7,28.1,46.0
2009-08-14,2009,8,14,30.7,34.7,28.3,52.0
2009-08-15,2009,8,15,27.8,31.8,24.7,57.4
2009-08-16,2009,8,16,26.3,28.6,24.3,49.8
2009-08-17,2009,8,17,26.6,29.3,24.8,60.1
2009-08-18,2009,8,18,26.8,30.9,23.8,56.2
2009-08-19,2009,8,19,25.7,29.7,22.5,48.8
2009-08-20,2009,8,20,26.6,31.2,21.6,47.4
2009-08-21,2009,8,21,26.2,29.8,23.8,41.1
2009-08-22,2009,8,22,26.8,31.7,21.9,39.8
2009-08-23,2009,8,23,27.6,32.2,23.2,45.4
2009-08-24,2009,8,24,28.4,33.9,22.5,54.5
2009-08-25,2009,8,25,28.4,33.0,24.1,44.3
2009-08-26,2009,8,26,25.4,29.2,22.3,49.4
2009-08-27,2009,8,27,27.0,31.9,22.1,48.7
2009-08-28,2009,8,28,28.1,32.5,24.3,52.4
2009-08-29,2009,8,29,28.3,32.0,24.9,44.1
2009-08-30,2009,8,30,28.3,32.2,24.8,48.1
2009-08-31,2009,8,31,26.4,30.0,23.4,45.5
2009-09-01,2009,9,1,27.0,31.2,23.6,50.9
2009-09-02,2009,9,2,26.7,30.5,23.1,44.7
2009-09-03,2009,9,3,22.5,25.1,20.8,50.4
2009-09-04,2009,9,4,24.3,30.1,19.0,51.4
2009-09-05,2009,9,5,24.6,31.5,17.4,55.3
2009-09-06,2009,9,6,25.0,31.8,17.9,45.9
2009-09-07,2009,9,7,25.6,32.4,18.6,46.6
2009-09-08,2009,9,8,26.0,33.6,18.4,39.9
2009-09-09,2009,9,9,27.1,33.2,22.0,39.0
2009-09-10,2009,9,10,27.3,33.9,20.9,49.7
2009-09-11,2009,9,11,26.6,32.2,21.5,48.1
2009-09-12,2009,9,12,26.6,32.3,21.8,52.6
2009-09-13,2009,9,13,27.6,34.1,21.5,50.2
2009-09-14,2009,9,14,27.3,33.9,21.6,43.2
2009-09-15,2009,9,15,26.8,33.7,20.8,49.5
2009-09-16,2009,9,16,26.9,32.9,21.3,37.9
2009-09-17,2009,9,17,27.4,34.5,20.2,46.3
2009-09-18,2009,9,18,27.8,35.0,20.4,38.0
2009-09-19,2009,9,19,28.5,35.6,21.2,52.0
2009-09-20,2009,9,20,28.6,34.5,22.6,53.3
2009-09-21,2009,9,21,28.5,33.7,24.8,38.1
2009-09-22,2009,9,22,29.2,35.0,23.8,34.7
2009-09-23,2009,9,23,29.0,34.3,23.8,47.0
2009-09-24,2009,9,24,29.7,36.5,23.2,38.1
2009-09-25,2009,9,25,30.3,37.3,23.5,48.2
2009-09-26,2009,9,26,29.0,34.8,25.2,41.8
2009-09-27,2009,9,27,28.4,33.2,24.2,55.4
2009-09-28,2009,9,28,28.8,35.2,22.8,61.0
2009-09-29,2009,9,29,28.6,35.7,21.0,44.1
2009-09-30,2009,9,30,28.3,35.3,21.0,47.7
2009-10-01,2009,10,1,28.4,34.8,22.7,33.8
2009-10-02,2009,10,2,28.6,34.3,23.1,43.5
2009-10-03,2009,10,3,27.5,33.5,23.6,38.8
2009-10-04,2009,10,4,25.3,30.7,21.5,52.0
2009-10-05,2009,10,5,24.8,31.2,19.0,50.9
2009-10-06,2009,10,6,24.9,31.3,19.5,54.2
2009-10-07,2009,10,7,24.7,31.8,17.5,52.0
2009-10-08,2009,10,8,23.7,31.6,17.5,49.3
2009-10-09,2009,10,9,23.1,30.1,16.7,42.8
2009-10-10,2009,10,10,23.6,31.1,17.4,46.7
2009-10-11,2009,10,11,23.3,31.3,15.6,39.1
2009-10-12,2009,10,12,23.0,30.8,15.1,38.2
2009-10-13,2009,10,13,23.3,31.2,15.6,42.6
2009-10-14,2009,10,14,23.2,30.6,16.0,41.5
2009-10-15,2009,10,15,22.6,30.3,15.6,44.5
2009-10-16,2009,10,16,22.4,29.6,15.7,35.4
2009-10-17,2009,10,17,21.8,28.9,15.0,36.9
2009-10-18,2009,10,18,21.1,28.5,13.7,55.9
2009-10-19,2009,10,19,20.6,28.3,13.7,39.2
2009-10-20,2009,10,20,21.0,29.0,13.8,51.7
2009-10-21,2009,10,21,20.6,28.5,12.8,46.0
2009-10-22,2009,10,22,20.2,28.3,12.4,34.3
2009-10-23,2009,10,23,20.1,27.7,12.9,39.3
2009-10-24,2009,10,24,19.6,27.5,12.4,47.1
2009-10-25,2009,10,25,19.3,27.3,11.7,45.3
2009-10-26,2009,10,26,19.4,27.6,12.1,38.8
2009-10-27,2009,10,27,19.2,27.6,11.5,48.2
2009-10-28,2009,10,28,20.3,26.9,14.7,40.5
2009-10-29,2009,10,29,20.6,27.6,15.6,44.6
2009-10-30,2009,10,30,20.1,27.4,13.5,51.0
2009-10-31,2009,10,31,20.6,28.8,13.2,40.6
2009-11-01,2009,11,1,20.8,28.5,14.5,57.2
2009-11-02,2009,11,2,21.2,28.0,14.9,50.4
2009-11-03,2009,11,3,21.4,28.3,16.4,44.7
2009-11-04,2009,11,4,21.1,28.2,14.8,50.3
2009-11-05,2009,11,5,20.9,27.7,14.8,45.4
2009-11-06,2009,11,6,20.6,28.0,14.7,46.9
2009-11-07,2009,11,7,20.0,27.2,13.3,44.6
2009-11-08,2009,11,8,18.3,23.2,14.6,53.9
2009-11-09,2009,11,9,14.7,17.0,12.0,47.6
2009-11-10,2009,11,10,13.8,19.1,10.0,49.0
2009-11-11,2009,11,11,14.2,22.6,7.8,52.7
2009-11-12,2009,11,12,14.9,24.4,7.1,46.2
2009-11-13,2009,11,13,15.7,23.3,9.2,51.5
2009-11-14,2009,11,14,15.8,22.4,10.2,42.9
2009-11-15,2009,11,15,15.3,22.0,9.3,47.8
2009-11-16,2009,11,16,14.5,20.7,10.1,48.7
2009-11-17,2009,11,17,14.1,21.3,8.0,40.3
2009-11-18,2009,11,18,13.5,20.7,8.2,51.8
2009-11-19,2009,11,19,12.9,20.8,6.3,52.7
2009-11-20,2009,11,20,12.8,21.4,5.4,49.9
2009-11-21,2009,11,21,13.4,21.7,6.6,54.6
2009-11-22,2009,11,22,14.0,21.9,7.2,48.2
2009-11-23,2009,11,23,14.3,21.4,8.5,48.7
2009-11-24,2009,11,24,15.0,22.5,8.9,49.7
2009-11-25,2009,11,25,15.0,20.4,11.4,54.6
2009-11-26,2009,11,26,13.5,19.5,8.8,47.7
2009-11-27,2009,11,27,12.7,19.0,7.1,47.5
2009-11-28,2009,11,28,13.6,21.1,7.2,55.6
2009-11-29,2009,11,29,14.7,22.5,8.3,53.0
2009-11-30,2009,11,30,16.3,23.5,11.6,58.1
2009-12-01,2009,12,1,15.2,22.5,9.1,57.3
2009-12-02,2009,12,2,15.4,23.2,9.3,39.3
2009-12-03,2009,12,3,15.1,21.8,10.5,52.4
2009-12-04,2009,12,4,14.2,21.5,8.6,58.4
2009-12-05,2009,12,5,12.5,18.4,9.4,53.1
2009-12-06,2009,12,6,12.0,17.9,7.4,56.7
2009-12-07,2009,12,7,11.8,19.1,6.0,59.5
2009-12-08,2009,12,8,11.7,18.8,5.1,52.8
2009-12-09,2009,12,9,12.7,16.7,8.5,51.3
2009-12-10,2009,12,10,13.5,18.9,9.0,65.8
2009-12-11,2009,12,11,12.6,18.9,7.7,53.7
2009-12-12,2009,12,12,12.3,18.3,8.2,65.1
2009-12-13,2009,12,13,12.2,19.7,6.6,52.2
2009-12-14,2009,12,14,12.2,18.9,6.5,48.8
2009-12-15,2009,12,15,13.0,19.5,8.7,55.1
2009-12-16,2009,12,16,11.9,18.9,6.6,57.1
2009-12-17,2009,12,17,11.7,19.6,5.6,64.9
2009-12-18,2009,12,18,11.9,20.0,5.8,56.6
2009-12-19,2009,12,19,11.0,18.6,4.6,53.2
2009-12-20,2009,12,20,10.9,16.0,6.9,56.9
2009-12-21,2009,12,21,10.6,17.8,5.2,51.7
2009-12-22,2009,12,22,11.0,18.8,4.7,66.7
2009-12-23,2009,12,23,10.6,18.9,4.3,56.4
2009-12-24,2009,12,24,10.2,18.5,3.6,57.7
2009-12-25,2009,12,25,9.9,18.6,3.3,58.8
2009-12-26,2009,12,26,10.1,18.2,4.1,60.7
2009-12-27,2009,12,27,10.0,16.0,4.5,51.4
2009-12-28,2009,12,28,10.5,17.9,4.3,61.4
2009-12-29,2009,12,29,10.9,17.7,4.9,58.2
2009-12-30,2009,12,30,11.4,18.2,6.2,65.0
2009-12-31,2009,12,31,10.8,18.4,5.0,59.8
2010-01-01,2010,1,1,11.0,19.8,4.2,62.2
2010-01-02,2010,1,2,11.0,18.7,4.4,61.0
2010-01-03,2010,1,3,10.9,15.2,6.5,58.5
2010-01-04,2010,1,4,9.9,17.0,4.6,64.7
2010-01-05,2010,1,5,10.8,19.7,3.5,65.6
2010-01-06,2010,1,6,11.3,19.9,4.1,69.6
2010-01-07,2010,1,7,11.1,18.7,4.4,58.0
2010-01-08,2010,1,8,11.3,19.3,4.8,67.3
2010-01-09,2010,1,9,11.4,19.4,5.0,60.9
2010-01-10,2010,1,10,11.5,19.5,5.6,57.6
2010-01-11,2010,1,11,11.0,18.8,4.7,70.1
2010-01-12,2010,1,12,11.2,18.3,5.0,59.9
2010-01-13,2010,1,13,11.3,16.5,7.5,58.6
2010-01-14,2010,1,14,10.3,17.6,4.8,58.2
2010-01-15,2010,1,15,11.9,20.5,4.9,60.2
2010-01-16,2010,1,16,12.4,21.0,5.2,70.1
2010-01-17,2010,1,17,13.7,20.4,8.1,64.6
2010-01-18,2010,1,18,12.8,19.9,6.9,71.8
2010-01-19,2010,1,19,13.0,20.5,6.7,58.6
2010-01-20,2010,1,20,13.3,21.1,7.1,62.9
2010-01-21,2010,1,21,13.7,21.6,7.4,70.2
2010-01-22,2010,1,22,13.4,18.9,9.9,68.1
2010-01-23,2010,1,23,14.1,22.2,8.4,66.7
2010-01-24,2010,1,24,13.7,20.5,9.0,66.4
2010-01-25,2010,1,25,14.0,21.5,7.3,66.4
2010-01-26,2010,1,26,14.0,21.8,6.5,69.8
2010-01-27,2010,1,27,14.4,19.6,10.5,77.2
2010-01-28,2010,1,28,13.1,18.9,9.7,79.4
2010-01-29,2010,1,29,11.1,14.0,7.1,69.3
2010-01-30,2010,1,30,11.0,18.2,5.4,68.0
2010-01-31,2010,1,31,11.1,18.4,5.0,71.3
2010-02-01,2010,2,1,11.1,18.0,4.9,72.3
2010-02-02,2010,2,2,11.2,18.4,5.1,76.1
2010-02-03,2010,2,3,11.3,19.1,4.6,77.0
2010-02-04,2010,2,4,11.9,19.8,5.0,68.1
2010-02-05,2010,2,5,11.0,14.4,8.8,63.3
2010-02-06,2010,2,6,12.7,16.5,10.4,72.4
2010-02-07,2010,2,7,13.0,16.0,10.7,70.2
2010-02-08,2010,2,8,12.9,13.6,12.1,64.5
2010-02-09,2010,2,9,9.9,12.4,7.2,63.0
2010-02-10,2010,2,10,10.0,15.8,5.1,80.4
2010-02-11,2010,2,11,10.6,16.4,5.6,68.1
2010-02-12,2010,2,12,11.6,16.9,7.9,77.6
2010-02-13,2010,2,13,12.1,17.6,7.4,68.2
2010-02-14,2010,2,14,10.8,17.0,5.5,75.0
2010-02-15,2010,2,15,9.9,13.8,6.9,66.4
2010-02-16,2010,2,16,10.3,16.2,5.0,64.6
2010-02-17,2010,2,17,10.8,18.3,4.2,75.6
2010-02-18,2010,2,18,11.0,18.9,3.6,72.1
2010-02-19,2010,2,19,11.7,19.9,4.7,65.9
2010-02-20,2010,2,20,13.6,22.0,5.8,67.8
2010-02-21,2010,2,21,14.9,23.0,7.8,76.1
2010-02-22,2010,2,22,15.9,22.4,10.4,66.3
2010-02-23,2010,2,23,15.6,22.1,8.8,69.5
2010-02-24,2010,2,24,15.8,21.4,10.8,73.7
2010-02-25,2010,2,25,14.1,18.6,10.8,72.3
2010-02-26,2010,2,26,14.4,17.6,11.8,74.5
2010-02-27,2010,2,27,16.6,22.3,12.0,66.3
2010-02-28,2010,2,28,17.1,21.3,14.0,67.0
2010-03-01,2010,3,1,15.1,16.9,12.6,75.6
2010-03-02,2010,3,2,16.1,23.0,10.3,76.9
2010-03-03,2010,3,3,13.7,17.1,11.0,80.9
2010-03-04,2010,3,4,14.7,18.8,11.5,71.0
2010-03-05,2010,3,5,14.8,21.8,8.5,72.5
2010-03-06,2010,3,6,13.7,19.5,9.0,71.7
2010-03-07,2010,3,7,15.3,21.8,8.5,59.0
2010-03-08,2010,3,8,16.1,23.3,9.2,72.7
2010-03-09,2010,3,9,16.4,24.0,8.9,68.8
2010-03-10,2010,3,10,16.9,25.3,9.1,75.0
2010-03-11,2010,3,11,17.6,25.6,10.2,75.7
2010-03-12,2010,3,12,18.6,25.7,11.7,74.9
2010-03-13,2010,3,13,18.5,26.1,11.2,75.9
2010-03-14,2010,3,14,19.1,26.7,12.1,74.9
2010-03-15,2010,3,15,19.6,27.8,11.7,78.3
2010-03-16,2010,3,16,20.7,28.6,13.4,71.1
2010-03-17,2010,3,17,21.2,28.5,14.0,72.1
2010-03-18,2010,3,18,21.9,29.4,14.8,73.6
2010-03-19,2010,3,19,22.2,29.8,15.5,75.6
2010-03-20,2010,3,20,23.2,30.9,15.5,83.7
2010-03-21,2010,3,21,23.8,30.1,18.0,68.5
2010-03-22,2010,3,22,23.9,30.2,18.8,70.9
2010-03-23,2010,3,23,23.8,30.2,18.7,81.6
2010-03-24,2010,3,24,24.3,31.2,18.5,68.7
2010-03-25,2010,3,25,23.8,31.1,17.2,69.4
2010-03-26,2010,3,26,23.2,30.4,18.4,75.1
2010-03-27,2010,3,27,22.8,29.5,16.4,74.8
2010-03-28,2010,3,28,23.4,30.6,15.8,79.2
2010-03-29,2010,3,29,22.9,28.5,17.4,76.4
2010-03-30,2010,3,30,21.3,28.0,17.2,80.2
2010-03-31,2010,3,31,21.3,28.4,14.4,78.3
2010-04-01,2010,4,1,20.6,27.7,15.1,79.9
2010-04-02,2010,4,2,21.6,28.1,15.5,68.1
2010-04-03,2010,4,3,22.2,28.3,16.9,80.3
2010-04-04,2010,4,4,22.4,29.3,16.4,83.7
2010-04-05,2010,4,5,22.8,29.4,17.1,78.2
2010-04-06,2010,4,6,22.7,30.3,14.2,76.3
2010-04-07,2010,4,7,23.6,32.4,14.0,75.7
2010-04-08,2010,4,8,25.2,33.2,17.2,73.8
2010-04-09,2010,4,9,25.6,33.1,18.8,74.4
2010-04-10,2010,4,10,25.7,33.7,16.6,66.0
2010-04-11,2010,4,11,26.3,34.5,19.6,81.4
2010-04-12,2010,4,12,24.8,30.1,18.9,74.4
2010-04-13,2010,4,13,25.6,33.2,17.7,80.1
2010-04-14,2010,4,14,26.4,35.1,16.4,69.6
2010-04-15,2010,4,15,28.0,36.0,18.7,76.3
2010-04-16,2010,4,16,29.4,36.6,21.8,75.6
2010-04-17,2010,4,17,29.9,36.7,22.4,72.7
2010-04-18,2010,4,18,28.8,35.4,22.8,73.2
2010-04-19,2010,4,19,26.7,33.4,21.0,67.1
2010-04-20,2010,4,20,25.0,30.0,20.7,66.3
2010-04-21,2010,4,21,22.7,29.3,18.9,80.5
2010-04-22,2010,4,22,22.5,28.3,17.3,73.1
2010-04-23,2010,4,23,23.3,30.1,16.3,79.1
2010-04-24,2010,4,24,24.4,31.9,16.7,73.7
2010-04-25,2010,4,25,25.5,33.4,17.3,75.8
2010-04-26,2010,4,26,28.1,35.8,19.7,85.7
2010-04-27,2010,4,27,28.2,34.5,23.3,74.6
2010-04-28,2010,4,28,27.7,33.5,21.2,77.4
2010-04-29,2010,4,29,27.6,35.0,19.8,75.9
2010-04-30,2010,4,30,26.9,31.6,21.4,76.0
2010-05-01,2010,5,1,27.3,33.8,21.6,69.5
2010-05-02,2010,5,2,28.4,36.0,19.2,68.4
2010-05-03,2010,5,3,30.2,37.5,21.7,72.7
2010-05-04,2010,5,4,31.0,38.4,23.2,75.4
2010-05-05,2010,5,5,26.4,29.9,23.3,71.2
2010-05-06,2010,5,6,25.4,31.2,21.0,72.8
2010-05-07,2010,5,7,24.5,30.7,21.0,71.1
2010-05-08,2010,5,8,25.2,30.2,19.5,76.3
2010-05-09,2010,5,9,25.8,32.6,18.7,68.1
2010-05-10,2010,5,10,26.2,32.8,20.3,70.2
2010-05-11,2010,5,11,26.3,33.1,19.4,72.8
2010-05-12,2010,5,12,27.4,34.7,19.4,70.0
2010-05-13,2010,5,13,27.3,33.1,22.3,72.5
2010-05-14,2010,5,14,26.9,34.3,19.4,75.9
2010-05-15,2010,5,15,28.9,35.9,20.6,69.7
2010-05-16,2010,5,16,30.2,37.6,22.9,71.6
2010-05-17,2010,5,17,28.3,32.5,24.6,72.2
2010-05-18,2010,5,18,26.8,31.9,22.4,68.1
2010-05-19,2010,5,19,26.9,32.8,21.0,62.3
2010-05-20,2010,5,20,28.3,35.8,19.4,64.7
2010-05-21,2010,5,21,30.8,38.5,21.1,59.3
2010-05-22,2010,5,22,31.6,39.8,22.8,72.2
2010-05-23,2010,5,23,31.3,38.5,24.5,70.8
2010-05-24,2010,5,24,31.3,38.3,23.1,73.0
2010-05-25,2010,5,25,32.2,40.1,22.4,71.1
2010-05-26,2010,5,26,33.6,41.8,23.9,68.5
2010-05-27,2010,5,27,33.3,41.9,24.5,76.4
2010-05-28,2010,5,28,26.5,30.2,22.8,65.6
2010-05-29,2010,5,29,28.1,34.2,22.2,64.0
2010-05-30,2010,5,30,28.6,36.3,19.1,55.6
2010-05-31,2010,5,31,30.7,39.0,20.1,65.3
2010-06-01,2010,6,1,32.1,40.5,22.2,62.7
2010-06-02,2010,6,2,32.7,40.0,24.8,70.1
2010-06-03,2010,6,3,31.7,38.2,25.5,57.8
2010-06-04,2010,6,4,27.2,33.0,23.1,70.2
2010-06-05,2010,6,5,27.4,33.4,20.7,67.2
2010-06-06,2010,6,6,28.6,36.0,20.2,67.2
2010-06-07,2010,6,7,28.7,35.7,21.4,63.7
2010-06-08,2010,6,8,28.6,33.7,23.0,75.1
2010-06-09,2010,6,9,28.2,34.4,22.7,64.1
2010-06-10,2010,6,10,28.8,35.4,20.2,65.7
2010-06-11,2010,6,11,30.6,37.5,22.0,74.4
2010-06-12,2010,6,12,30.9,38.0,22.7,62.2
2010-06-13,2010,6,13,31.2,37.3,24.8,63.4
2010-06-14,2010,6,14,29.3,35.7,24.4,71.6
2010-06-15,2010,6,15,28.1,33.0,23.2,69.2
2010-06-16,2010,6,16,28.2,32.7,22.8,63.7
2010-06-17,2010,6,17,29.5,35.6,21.6,53.5
2010-06-18,2010,6,18,31.9,38.8,23.5,67.8
2010-06-19,2010,6,19,33.6,40.8,24.3,67.5
2010-06-20,2010,6,20,34.7,42.5,24.9,57.1
2010-06-21,2010,6,21,35.3,42.8,26.8,64.2
2010-06-22,2010,6,22,35.2,42.3,25.8,64.3
2010-06-23,2010,6,23,34.4,40.8,28.7,60.3
2010-06-24,2010,6,24,29.9,35.6,23.7,64.0
2010-06-25,2010,6,25,30.1,34.7,26.4,55.6
2010-06-26,2010,6,26,32.1,38.2,24.8,60.0
2010-06-27,2010,6,27,32.4,39.3,25.9,65.7
2010-06-28,2010,6,28,32.6,38.5,27.2,64.3
2010-06-29,2010,6,29,32.3,36.9,27.8,53.4
2010-06-30,2010,6,30,31.2,35.8,25.9,52.6
2010-07-01,2010,7,1,31.8,38.0,24.9,64.7
2010-07-02,2010,7,2,29.9,33.7,26.0,69.2
2010-07-03,2010,7,3,31.8,37.8,24.5,66.6
2010-07-04,2010,7,4,31.1,35.1,27.3,57.9
2010-07-05,2010,7,5,28.3,35.0,22.6,51.0
2010-07-06,2010,7,6,28.6,33.4,23.6,56.8
2010-07-07,2010,7,7,29.6,35.0,24.4,63.2
2010-07-08,2010,7,8,31.6,37.5,25.8,59.9
2010-07-09,2010,7,9,33.3,38.7,27.8,57.4
2010-07-10,2010,7,10,33.7,38.4,27.9,49.0
2010-07-11,2010,7,11,32.6,38.3,28.5,57.4
2010-07-12,2010,7,12,28.7,34.8,26.0,40.9
2010-07-13,2010,7,13,27.8,32.7,23.2,58.8
2010-07-14,2010,7,14,30.4,36.1,23.9,56.2
2010-07-15,2010,7,15,32.3,38.5,24.9,59.7
2010-07-16,2010,7,16,33.7,39.9,26.2,59.8
2010-07-17,2010,7,17,34.0,38.2,29.7,61.7
2010-07-18,2010,7,18,32.0,36.9,27.9,53.5
2010-07-19,2010,7,19,31.1,36.7,26.8,48.8
2010-07-20,2010,7,20,26.6,28.8,25.0,67.3
2010-07-21,2010,7,21,23.5,24.9,21.3,55.5
2010-07-22,2010,7,22,23.4,25.6,21.6,54.6
2010-07-23,2010,7,23,27.1,32.5,21.9,61.9
2010-07-24,2010,7,24,28.5,33.3,22.9,58.9
2010-07-25,2010,7,25,29.5,33.7,24.8,54.9
2010-07-26,2010,7,26,29.2,33.1,26.2,49.2
2010-07-27,2010,7,27,26.4,29.1,25.0,54.1
2010-07-28,2010,7,28,25.1,27.1,24.1,48.1
2010-07-29,2010,7,29,25.6,28.6,24.1,55.4
2010-07-30,2010,7,30,27.3,31.1,23.5,49.8
2010-07-31,2010,7,31,27.9,32.5,24.7,48.1
2010-08-01,2010,8,1,27.7,31.1,24.9,55.7
2010-08-02,2010,8,2,28.0,31.4,25.0,46.2
2010-08-03,2010,8,3,27.4,29.9,25.8,51.4
2010-08-04,2010,8,4,28.6,31.9,24.8,43.8
2010-08-05,2010,8,5,28.3,32.4,25.5,62.4
2010-08-06,2010,8,6,25.9,26.7,25.1,55.4
2010-08-07,2010,8,7,26.0,27.3,24.5,53.7
2010-08-08,2010,8,8,26.5,28.4,24.9,46.6
2010-08-09,2010,8,9,27.3,30.6,24.5,50.7
2010-08-10,2010,8,10,28.1,32.0,24.5,49.0
2010-08-11,2010,8,11,28.4,32.1,24.9,48.8
2010-08-12,2010,8,12,27.4,29.4,25.7,56.5
2010-08-13,2010,8,13,26.6,29.3,25.1,58.6
2010-08-14,2010,8,14,27.1,31.3,24.5,47.2
2010-08-15,2010,8,15,27.0,30.1,24.6,41.9
2010-08-16,2010,8,16,27.5,31.3,25.0,48.1
2010-08-17,2010,8,17,28.3,31.6,24.9,55.9
2010-08-18,2010,8,18,28.7,32.4,25.2,59.7
2010-08-19,2010,8,19,28.2,32.2,25.3,51.1
2010-08-20,2010,8,20,27.0,30.8,24.6,49.4
2010-08-21,2010,8,21,27.4,30.8,24.3,39.7
2010-08-22,2010,8,22,27.4,31.2,24.3,43.6
2010-08-23,2010,8,23,27.0,30.3,24.7,43.6
2010-08-24,2010,8,24,25.6,28.8,23.3,45.8
2010-08-25,2010,8,25,23.7,25.9,22.3,47.2
2010-08-26,2010,8,26,24.8,28.9,20.9,54.6
2010-08-27,2010,8,27,25.9,31.5,20.0,50.3
2010-08-28,2010,8,28,26.5,31.7,21.6,51.1
2010-08-29,2010,8,29,26.7,31.7,21.8,45.0
2010-08-30,2010,8,30,27.3,31.7,22.9,48.2
2010-08-31,2010,8,31,27.5,31.5,23.3,48.8
2010-09-01,2010,9,1,28.0,31.6,25.1,47.2
2010-09-02,2010,9,2,28.4,32.6,25.2,43.8
2010-09-03,2010,9,3,27.4,31.3,23.0,48.4
2010-09-04,2010,9,4,26.8,30.7,23.6,46.1
2010-09-05,2010,9,5,27.0,30.6,24.1,50.5
2010-09-06,2010,9,6,27.3,31.2,23.9,48.1
2010-09-07,2010,9,7,27.3,31.9,23.8,47.4
2010-09-08,2010,9,8,26.2,29.9,22.3,46.5
2010-09-09,2010,9,9,26.5,30.4,23.1,45.9
2010-09-10,2010,9,10,26.2,30.4,23.0,53.8
2010-09-11,2010,9,11,26.3,31.0,22.2,47.6
2010-09-12,2010,9,12,26.1,30.3,22.3,48.9
2010-09-13,2010,9,13,24.6,28.9,21.2,45.6
2010-09-14,2010,9,14,24.9,29.5,20.7,45.5
2010-09-15,2010,9,15,24.3,30.2,18.8,48.8
2010-09-16,2010,9,16,24.4,30.0,19.2,50.8
2010-09-17,2010,9,17,23.9,28.1,20.2,47.7
2010-09-18,2010,9,18,22.1,27.1,18.6,46.5
2010-09-19,2010,9,19,22.7,28.9,17.4,50.1
2010-09-20,2010,9,20,23.4,29.6,17.1,49.6
2010-09-21,2010,9,21,25.1,30.3,20.4,50.1
2010-09-22,2010,9,22,25.7,30.8,21.1,42.3
2010-09-23,2010,9,23,24.2,28.1,20.9,37.4
2010-09-24,2010,9,24,24.2,29.1,19.9,47.5
2010-09-25,2010,9,25,23.6,30.1,17.7,44.5
2010-09-26,2010,9,26,23.5,30.7,16.8,42.5
2010-09-27,2010,9,27,24.2,31.0,17.5,43.5
2010-09-28,2010,9,28,24.5,31.2,18.7,44.8
2010-09-29,2010,9,29,24.6,30.5,20.0,40.0
2010-09-30,2010,9,30,24.4,30.4,18.8,40.1
2010-10-01,2010,10,1,24.4,31.4,18.1,38.5
2010-10-02,2010,10,2,24.0,31.4,17.1,46.2
2010-10-03,2010,10,3,24.3,31.3,18.0,39.7
2010-10-04,2010,10,4,24.4,31.2,18.4,39.2
2010-10-05,2010,10,5,24.4,30.7,18.1,46.6
2010-10-06,2010,10,6,24.8,31.3,19.0,47.3
2010-10-07,2010,10,7,24.7,30.8,18.9,43.8
2010-10-08,2010,10,8,24.1,30.0,18.9,47.2
2010-10-09,2010,10,9,23.9,30.7,17.9,51.3
2010-10-10,2010,10,10,23.7,30.6,18.1,38.8
2010-10-11,2010,10,11,23.8,30.4,17.7,52.7
2010-10-12,2010,10,12,23.5,30.0,17.0,41.6
2010-10-13,2010,10,13,23.7,30.7,17.1,42.4
2010-10-14,2010,10,14,24.1,31.1,17.7,55.4
2010-10-15,2010,10,15,24.9,31.8,18.8,44.5
2010-10-16,2010,10,16,24.7,31.6,18.4,50.3
2010-10-17,2010,10,17,24.6,30.7,18.9,51.7
2010-10-18,2010,10,18,24.8,29.6,20.9,40.5
2010-10-19,2010,10,19,24.9,30.2,20.3,42.9
2010-10-20,2010,10,20,23.5,29.2,19.6,46.3
2010-10-21,2010,10,21,22.5,28.5,17.8,48.9
2010-10-22,2010,10,22,18.4,23.2,15.3,54.6
2010-10-23,2010,10,23,19.1,25.0,13.8,52.5
2010-10-24,2010,10,24,18.8,26.2,12.2,48.5
2010-10-25,2010,10,25,18.7,27.0,11.5,41.2
2010-10-26,2010,10,26,18.6,26.8,11.5,55.3
2010-10-27,2010,10,27,18.7,26.7,11.7,48.9
2010-10-28,2010,10,28,19.2,27.0,12.3,45.2
2010-10-29,2010,10,29,20.1,26.1,15.3,52.1
2010-10-30,2010,10,30,19.6,26.0,14.3,45.1
2010-10-31,2010,10,31,19.3,26.6,13.1,44.8
2010-11-01,2010,11,1,19.4,26.7,13.1,42.2
2010-11-02,2010,11,2,19.2,26.7,13.1,49.6
2010-11-03,2010,11,3,19.7,27.0,13.4,49.6
2010-11-04,2010,11,4,20.1,26.9,13.9,41.4
2010-11-05,2010,11,5,20.2,26.6,14.6,55.9
2010-11-06,2010,11,6,19.6,25.6,14.3,55.5
2010-11-07,2010,11,7,19.5,27.0,13.1,46.0
2010-11-08,2010,11,8,19.6,27.1,13.5,55.0
2010-11-09,2010,11,9,19.4,27.3,12.8,51.1
2010-11-10,2010,11,10,18.6,26.7,11.9,45.6
2010-11-11,2010,11,11,17.7,25.2,11.2,49.2
2010-11-12,2010,11,12,17.2,24.3,11.1,42.6
2010-11-13,2010,11,13,16.7,24.1,10.4,52.2
2010-11-14,2010,11,14,17.3,25.0,10.8,46.6
2010-11-15,2010,11,15,17.2,24.9,10.8,38.3
2010-11-16,2010,11,16,17.0,24.8,10.1,44.9
2010-11-17,2010,11,17,17.7,24.5,11.9,48.1
2010-11-18,2010,11,18,17.2,23.3,12.6,57.0
2010-11-19,2010,11,19,16.5,22.3,12.2,42.0
2010-11-20,2010,11,20,15.6,22.4,9.4,50.4
2010-11-21,2010,11,21,15.7,22.6,9.8,50.3
2010-11-22,2010,11,22,15.7,22.5,10.2,55.2
2010-11-23,2010,11,23,15.6,22.4,10.0,41.4
2010-11-24,2010,11,24,15.7,23.6,9.0,45.2
2010-11-25,2010,11,25,16.3,23.9,10.1,54.9
2010-11-26,2010,11,26,16.1,23.8,10.3,53.5
2010-11-27,2010,11,27,15.7,23.2,9.7,54.1
2010-11-28,2010,11,28,15.5,22.5,10.3,49.0
2010-11-29,2010,11,29,15.1,22.2,9.8,54.0
2010-11-30,2010,11,30,14.5,22.3,7.9,58.5
2010-12-01,2010,12,1,13.6,21.4,7.4,54.5
2010-12-02,2010,12,2,13.2,20.8,7.2,45.6
2010-12-03,2010,12,3,13.1,20.4,7.0,63.0
2010-12-04,2010,12,4,12.6,19.9,6.4,55.3
2010-12-05,2010,12,5,13.0,20.8,6.7,49.3
2010-12-06,2010,12,6,13.4,20.6,8.1,47.4
2010-12-07,2010,12,7,12.8,19.6,6.9,62.4
2010-12-08,2010,12,8,12.2,19.2,6.6,57.9
2010-12-09,2010,12,9,12.5,19.3,6.9,60.7
2010-12-10,2010,12,10,12.2,19.7,6.4,54.4
2010-12-11,2010,12,11,11.4,19.3,5.4,45.4
2010-12-12,2010,12,12,11.4,19.3,4.9,50.8
2010-12-13,2010,12,13,12.1,18.9,6.9,57.6
2010-12-14,2010,12,14,11.5,19.2,5.7,49.0
2010-12-15,2010,12,15,11.9,19.6,5.3,53.4
2010-12-16,2010,12,16,12.2,19.1,7.2,51.3
2010-12-17,2010,12,17,11.3,18.4,6.0,54.6
2010-12-18,2010,12,18,10.6,18.3,4.7,55.2
2010-12-19,2010,12,19,10.9,18.6,4.4,53.3
2010-12-20,2010,12,20,11.4,19.8,5.4,61.0
2010-12-21,2010,12,21,11.6,20.0,5.4,65.1
2010-12-22,2010,12,22,11.1,18.3,5.0,51.9
2010-12-23,2010,12,23,11.0,18.2,5.4,63.6
2010-12-24,2010,12,24,10.8,18.5,4.8,53.5
2010-12-25,2010,12,25,10.7,19.0,4.1,53.8
2010-12-26,2010,12,26,10.2,17.7,4.6,66.8
2010-12-27,2010,12,27,10.2,17.4,4.2,49.5
2010-12-28,2010,12,28,10.7,18.1,4.9,52.8
2010-12-29,2010,12,29,11.3,16.9,7.3,67.4
2010-12-30,2010,12,30,9.1,10.4,7.4,57.1
2010-12-31,2010,12,31,10.0,15.0,6.3,66.8
2011-01-01,2011,1,1,8.5,14.7,3.4,68.0
2011-01-02,2011,1,2,8.1,14.7,1.8,59.9
2011-01-03,2011,1,3,7.7,14.4,1.9,67.5
2011-01-04,2011,1,4,8.7,15.1,2.9,63.8
2011-01-05,2011,1,5,8.0,16.0,1.7,69.1
2011-01-06,2011,1,6,8.8,16.4,2.2,63.6
2011-01-07,2011,1,7,9.0,15.7,3.2,56.7
2011-01-08,2011,1,8,9.8,16.2,5.3,66.7
2011-01-09,2011,1,9,9.1,16.5,2.8,64.3
2011-01-10,2011,1,10,9.6,17.1,3.3,56.1
2011-01-11,2011,1,11,11.4,18.0,6.3,60.2
2011-01-12,2011,1,12,10.6,18.2,4.4,54.7
2011-01-13,2011,1,13,10.4,18.7,4.6,51.2
2011-01-14,2011,1,14,9.2,12.8,7.1,64.1
2011-01-15,2011,1,15,8.0,11.8,3.8,53.9
2011-01-16,2011,1,16,6.8,13.2,1.0,59.3
2011-01-17,2011,1,17,8.1,14.4,3.1,73.2
2011-01-18,2011,1,18,7.6,15.0,1.3,58.9
2011-01-19,2011,1,19,8.1,15.7,1.9,75.6
2011-01-20,2011,1,20,9.2,15.8,3.9,60.9
2011-01-21,2011,1,21,10.0,17.1,4.3,59.9
2011-01-22,2011,1,22,10.1,17.8,3.9,66.2
2011-01-23,2011,1,23,9.9,18.0,3.2,61.7
2011-01-24,2011,1,24,9.3,17.4,2.7,68.7
2011-01-25,2011,1,25,9.0,16.8,2.5,61.5
2011-01-26,2011,1,26,8.9,16.8,2.5,63.8
2011-01-27,2011,1,27,9.0,17.4,2.1,68.9
2011-01-28,2011,1,28,10.0,17.0,4.1,65.8
2011-01-29,2011,1,29,10.3,15.8,5.3,68.0
2011-01-30,2011,1,30,11.1,16.1,7.5,65.3
2011-01-31,2011,1,31,11.5,18.5,5.1,74.4
2011-02-01,2011,2,1,12.1,20.1,5.2,70.4
2011-02-02,2011,2,2,13.7,22.1,6.3,79.6
2011-02-03,2011,2,3,15.3,21.8,10.0,64.3
2011-02-04,2011,2,4,14.4,18.9,10.6,61.6
2011-02-05,2011,2,5,13.9,18.6,9.7,66.0
2011-02-06,2011,2,6,13.4,17.3,10.6,66.6
2011-02-07,2011,2,7,11.6,15.0,7.4,74.7
2011-02-08,2011,2,8,10.1,17.2,3.5,71.9
2011-02-09,2011,2,9,10.1,17.4,3.8,75.6
2011-02-10,2011,2,10,11.8,19.1,5.1,64.8
2011-02-11,2011,2,11,11.3,17.5,5.7,65.5
2011-02-12,2011,2,12,12.3,14.8,10.4,75.2
2011-02-13,2011,2,13,12.0,13.4,11.1,63.0
2011-02-14,2011,2,14,11.0,13.9,7.9,63.8
2011-02-15,2011,2,15,10.9,16.8,5.6,70.3
2011-02-16,2011,2,16,10.1,15.1,5.4,73.4
2011-02-17,2011,2,17,10.9,16.2,5.6,67.0
2011-02-18,2011,2,18,10.5,16.5,4.3,69.6
2011-02-19,2011,2,19,11.4,16.6,7.0,74.4
2011-02-20,2011,2,20,10.3,14.1,7.2,69.2
2011-02-21,2011,2,21,11.7,19.4,4.0,72.9
2011-02-22,2011,2,22,12.1,17.7,7.4,86.2
2011-02-23,2011,2,23,11.2,14.7,9.3,71.2
2011-02-24,2011,2,24,11.2,15.3,7.8,70.5
2011-02-25,2011,2,25,10.1,14.9,5.9,74.1
2011-02-26,2011,2,26,10.3,14.7,7.3,59.2
2011-02-27,2011,2,27,10.5,15.6,5.5,75.5
2011-02-28,2011,2,28,11.2,15.5,8.6,71.8
2011-03-01,2011,3,1,11.8,16.2,8.8,69.2
2011-03-02,2011,3,2,10.6,12.9,8.4,73.0
2011-03-03,2011,3,3,12.4,17.1,9.0,73.2
2011-03-04,2011,3,4,12.1,16.0,9.2,77.1
2011-03-05,2011,3,5,12.6,18.2,7.4,76.0
2011-03-06,2011,3,6,13.0,20.0,7.4,74.3
2011-03-07,2011,3,7,13.8,20.9,7.5,81.2
2011-03-08,2011,3,8,14.5,20.6,8.5,80.3
2011-03-09,2011,3,9,14.3,22.1,6.8,73.6
2011-03-10,2011,3,10,14.9,22.3,8.4,65.7
2011-03-11,2011,3,11,14.8,22.7,7.4,74.3
2011-03-12,2011,3,12,15.7,23.9,8.2,76.4
2011-03-13,2011,3,13,16.7,24.9,8.5,67.5
2011-03-14,2011,3,14,18.2,27.2,9.9,67.8
2011-03-15,2011,3,15,19.9,28.1,13.1,80.8
2011-03-16,2011,3,16,20.5,28.1,13.7,75.5
2011-03-17,2011,3,17,20.9,28.0,14.8,71.2
2011-03-18,2011,3,18,20.9,26.4,15.8,74.2
2011-03-19,2011,3,19,16.4,18.8,11.3,81.0
2011-03-20,2011,3,20,16.6,22.6,11.3,69.9
2011-03-21,2011,3,21,16.7,23.9,9.2,81.9
2011-03-22,2011,3,22,17.4,25.4,9.5,69.0
2011-03-23,2011,3,23,18.8,27.0,10.7,70.7
2011-03-24,2011,3,24,19.7,27.3,12.7,68.4
2011-03-25,2011,3,25,20.0,27.8,12.0,80.1
2011-03-26,2011,3,26,21.2,28.6,13.0,73.4
2011-03-27,2011,3,27,21.2,28.0,14.4,72.0
2011-03-28,2011,3,28,17.5,20.7,13.8,80.8
2011-03-29,2011,3,29,17.4,23.3,13.0,77.5
2011-03-30,2011,3,30,17.8,23.0,13.2,71.6
2011-03-31,2011,3,31,18.3,24.5,12.2,72.2
2011-04-01,2011,4,1,17.2,23.8,12.8,72.0
2011-04-02,2011,4,2,16.8,22.7,12.8,78.7
2011-04-03,2011,4,3,16.4,22.3,10.8,71.0
2011-04-04,2011,4,4,15.7,22.0,10.7,78.4
2011-04-05,2011,4,5,16.6,22.3,11.3,74.6
2011-04-06,2011,4,6,16.0,22.6,10.1,73.3
2011-04-07,2011,4,7,17.0,24.7,8.5,76.8
2011-04-08,2011,4,8,17.8,25.7,8.6,72.3
2011-04-09,2011,4,9,18.4,24.0,12.0,83.5
2011-04-10,2011,4,10,16.3,19.1,14.4,78.7
2011-04-11,2011,4,11,18.0,23.2,13.5,70.9
2011-04-12,2011,4,12,18.9,24.7,12.4,71.8
2011-04-13,2011,4,13,20.3,27.0,13.0,72.1
2011-04-14,2011,4,14,21.4,28.3,14.2,76.3
2011-04-15,2011,4,15,21.4,28.1,15.6,82.0
2011-04-16,2011,4,16,20.0,25.2,15.8,75.6
2011-04-17,2011,4,17,17.6,21.4,16.0,84.2
2011-04-18,2011,4,18,18.1,22.9,13.8,80.3
2011-04-19,2011,4,19,19.2,25.4,12.8,65.5
2011-04-20,2011,4,20,19.8,26.3,13.1,72.2
2011-04-21,2011,4,21,20.7,27.5,13.0,65.4
2011-04-22,2011,4,22,21.7,28.6,14.2,84.1
2011-04-23,2011,4,23,23.1,30.3,15.2,74.0
2011-04-24,2011,4,24,24.5,32.3,16.2,71.6
2011-04-25,2011,4,25,25.5,33.3,17.9,73.1
2011-04-26,2011,4,26,25.9,33.3,17.5,72.0
2011-04-27,2011,4,27,26.2,32.1,19.5,70.4
2011-04-28,2011,4,28,25.3,32.5,19.2,71.1
2011-04-29,2011,4,29,26.2,32.7,20.4,77.7
2011-04-30,2011,4,30,25.8,32.5,20.4,70.0
2011-05-01,2011,5,1,25.7,33.0,17.5,73.2
2011-05-02,2011,5,2,26.3,34.1,17.7,76.6
2011-05-03,2011,5,3,27.7,35.0,20.0,67.0
2011-05-04,2011,5,4,28.0,35.9,20.3,68.8
2011-05-05,2011,5,5,27.4,32.6,21.8,73.2
2011-05-06,2011,5,6,24.1,28.6,20.5,70.8
2011-05-07,2011,5,7,24.6,30.4,18.1,69.4
2011-05-08,2011,5,8,25.6,32.6,17.1,72.8
2011-05-09,2011,5,9,26.3,34.7,18.1,69.3
2011-05-10,2011,5,10,27.9,34.8,21.3,65.2
2011-05-11,2011,5,11,27.8,34.7,20.2,68.6
2011-05-12,2011,5,12,27.8,35.3,20.9,80.8
2011-05-13,2011,5,13,27.9,34.9,21.0,72.1
2011-05-14,2011,5,14,28.2,36.3,18.9,67.2
2011-05-15,2011,5,15,29.4,37.6,20.6,77.2
2011-05-16,2011,5,16,30.5,38.9,22.5,76.4
2011-05-17,2011,5,17,31.1,39.5,22.5,74.4
2011-05-18,2011,5,18,31.2,38.7,23.0,71.3
2011-05-19,2011,5,19,31.8,38.9,24.2,75.1
2011-05-20,2011,5,20,31.0,37.5,22.8,72.7
2011-05-21,2011,5,21,30.2,36.2,23.6,62.5
2011-05-22,2011,5,22,28.6,34.5,23.6,73.2
2011-05-23,2011,5,23,29.3,36.2,21.3,70.3
2011-05-24,2011,5,24,31.3,38.7,22.7,66.5
2011-05-25,2011,5,25,31.9,39.8,23.3,63.6
2011-05-26,2011,5,26,30.8,36.2,26.0,72.3
2011-05-27,2011,5,27,29.9,34.6,25.1,74.6
2011-05-28,2011,5,28,30.5,37.1,22.5,66.8
2011-05-29,2011,5,29,30.7,37.8,23.6,63.9
2011-05-30,2011,5,30,31.8,37.8,25.4,69.0
2011-05-31,2011,5,31,31.0,37.7,23.2,66.0
2011-06-01,2011,6,1,27.4,31.9,24.0,75.7
2011-06-02,2011,6,2,26.5,33.3,19.9,66.1
2011-06-03,2011,6,3,28.8,35.3,20.5,63.0
2011-06-04,2011,6,4,30.6,38.1,21.3,67.0
2011-06-05,2011,6,5,31.1,39.2,22.3,60.4
2011-06-06,2011,6,6,32.1,39.2,23.2,59.3
2011-06-07,2011,6,7,32.0,39.9,21.9,55.2
2011-06-08,2011,6,8,31.3,38.0,23.9,68.5
2011-06-09,2011,6,9,31.1,36.6,25.3,61.8
2011-06-10,2011,6,10,31.5,37.3,25.8,67.0
2011-06-11,2011,6,11,31.8,38.0,24.8,67.1
2011-06-12,2011,6,12,30.5,35.5,25.3,59.1
2011-06-13,2011,6,13,31.8,37.2,25.7,66.4
2011-06-14,2011,6,14,33.1,40.1,24.9,63.5
2011-06-15,2011,6,15,33.5,39.9,26.6,66.3
2011-06-16,2011,6,16,33.3,39.3,28.2,58.9
2011-06-17,2011,6,17,31.7,36.3,27.9,62.5
2011-06-18,2011,6,18,28.7,33.6,24.5,62.7
2011-06-19,2011,6,19,30.3,35.5,24.8,68.9
2011-06-20,2011,6,20,30.9,35.0,27.1,70.0
2011-06-21,2011,6,21,31.7,37.4,25.4,54.0
2011-06-22,2011,6,22,33.4,38.9,28.1,62.9
2011-06-23,2011,6,23,33.5,38.2,28.6,56.6
2011-06-24,2011,6,24,34.4,40.0,28.9,63.2
2011-06-25,2011,6,25,34.1,38.5,30.3,62.9
2011-06-26,2011,6,26,30.4,35.0,26.2,60.4
2011-06-27,2011,6,27,29.2,34.1,25.0,68.6
2011-06-28,2011,6,28,27.5,30.8,24.9,62.0
2011-06-29,2011,6,29,27.4,31.7,24.0,58.2
2011-06-30,2011,6,30,27.4,31.8,23.3,57.0
2011-07-01,2011,7,1,26.5,30.5,22.8,52.7
2011-07-02,2011,7,2,27.8,32.7,23.5,52.0
2011-07-03,2011,7,3,27.4,32.3,23.6,56.9
2011-07-04,2011,7,4,29.1,34.7,23.0,67.3
2011-07-05,2011,7,5,30.2,35.6,23.4,66.0
2011-07-06,2011,7,6,30.8,35.3,26.4,55.4
2011-07-07,2011,7,7,27.6,31.0,24.4,61.7
2011-07-08,2011,7,8,26.8,29.1,24.6,52.4
2011-07-09,2011,7,9,26.8,30.4,22.9,56.2
2011-07-10,2011,7,10,28.2,32.3,23.6,51.0
2011-07-11,2011,7,11,29.1,34.0,23.7,56.0
2011-07-12,2011,7,12,30.5,35.4,25.0,56.6
2011-07-13,2011,7,13,31.3,35.4,27.0,51.1
2011-07-14,2011,7,14,27.8,30.6,24.1,56.7
2011-07-15,2011,7,15,28.3,32.6,24.7,51.7
2011-07-16,2011,7,16,26.8,30.4,23.9,62.7
2011-07-17,2011,7,17,28.4,33.0,23.1,60.2
2011-07-18,2011,7,18,28.8,33.1,24.2,55.2
2011-07-19,2011,7,19,29.9,35.1,24.5,56.4
2011-07-20,2011,7,20,31.5,37.0,24.8,51.1
2011-07-21,2011,7,21,31.4,36.0,27.7,48.4
2011-07-22,2011,7,22,30.0,34.6,24.5,57.0
2011-07-23,2011,7,23,30.6,35.6,26.8,55.8
2011-07-24,2011,7,24,27.9,30.7,25.8,55.3
2011-07-25,2011,7,25,26.7,28.8,25.4,45.2
2011-07-26,2011,7,26,27.5,30.7,24.7,57.4
2011-07-27,2011,7,27,27.2,29.6,24.8,64.7
2011-07-28,2011,7,28,27.5,30.7,24.8,50.4
2011-07-29,2011,7,29,27.7,32.4,24.1,53.8
2011-07-30,2011,7,30,28.7,33.2,24.3,54.0
2011-07-31,2011,7,31,29.3,34.5,24.2,46.6
2011-08-01,2011,8,1,30.1,36.1,23.8,48.6
2011-08-02,2011,8,2,31.4,37.5,25.2,58.5
2011-08-03,2011,8,3,31.5,36.3,26.9,60.6
2011-08-04,2011,8,4,29.5,32.5,26.7,47.9
2011-08-05,2011,8,5,28.4,31.7,24.9,53.1
2011-08-06,2011,8,6,29.3,32.9,25.9,49.7
2011-08-07,2011,8,7,28.4,32.3,24.1,44.6
2011-08-08,2011,8,8,27.1,29.6,24.5,38.2
2011-08-09,2011,8,9,28.5,32.4,24.8,46.4
2011-08-10,2011,8,10,28.7,32.9,25.3,46.6
2011-08-11,2011,8,11,27.3,31.5,24.0,53.8
2011-08-12,2011,8,12,26.1,29.8,23.2,47.6
2011-08-13,2011,8,13,25.1,29.1,22.4,54.0
2011-08-14,2011,8,14,26.6,31.9,22.4,56.1
2011-08-15,2011,8,15,27.3,31.3,23.2,38.4
2011-08-16,2011,8,16,27.0,30.9,23.1,53.8
2011-08-17,2011,8,17,26.7,30.4,22.5,45.2
2011-08-18,2011,8,18,27.5,32.2,23.4,52.2
2011-08-19,2011,8,19,28.0,32.8,23.5,55.5
2011-08-20,2011,8,20,27.5,30.9,24.1,53.5
2011-08-21,2011,8,21,28.8,33.2,24.1,49.3
2011-08-22,2011,8,22,29.7,34.1,26.0,41.2
2011-08-23,2011,8,23,31.0,35.8,26.3,51.9
2011-08-24,2011,8,24,27.5,30.7,24.7,41.6
2011-08-25,2011,8,25,27.2,30.3,25.4,49.1
2011-08-26,2011,8,26,27.7,31.9,24.8,48.5
2011-08-27,2011,8,27,27.3,30.7,25.1,54.6
2011-08-28,2011,8,28,25.4,29.2,23.6,45.1
2011-08-29,2011,8,29,26.9,31.6,22.9,38.8
2011-08-30,2011,8,30,28.1,32.3,23.8,52.2
2011-08-31,2011,8,31,28.8,33.6,24.8,53.0
2011-09-01,2011,9,1,26.5,30.3,24.3,52.5
2011-09-02,2011,9,2,26.3,30.5,23.5,54.8
2011-09-03,2011,9,3,28.2,33.6,22.5,37.4
2011-09-04,2011,9,4,27.5,31.6,24.4,39.8
2011-09-05,2011,9,5,28.1,33.2,23.7,51.3
2011-09-06,2011,9,6,29.2,34.1,24.6,40.2
2011-09-07,2011,9,7,28.8,32.9,25.0,41.8
2011-09-08,2011,9,8,28.4,33.6,24.5,40.0
2011-09-09,2011,9,9,26.6,31.1,23.4,46.3
2011-09-10,2011,9,10,26.9,31.1,23.5,41.6
2011-09-11,2011,9,11,28.2,32.7,23.7,49.5
2011-09-12,2011,9,12,28.0,31.6,24.7,48.6
2011-09-13,2011,9,13,27.6,32.5,23.6,50.2
2011-09-14,2011,9,14,27.9,33.4,23.7,48.4
2011-09-15,2011,9,15,26.3,31.0,23.4,44.3
2011-09-16,2011,9,16,22.9,24.7,20.6,37.9
2011-09-17,2011,9,17,24.3,30.4,19.1,38.4
2011-09-18,2011,9,18,24.9,30.7,19.0,50.3
2011-09-19,2011,9,19,24.8,28.8,20.8,50.9
2011-09-20,2011,9,20,25.0,31.1,19.8,51.1
2011-09-21,2011,9,21,25.0,31.5,18.4,44.3
2011-09-22,2011,9,22,25.4,32.0,19.6,47.5
2011-09-23,2011,9,23,25.1,32.0,18.7,46.3
2011-09-24,2011,9,24,25.5,32.7,18.5,44.6
2011-09-25,2011,9,25,25.6,32.9,19.7,48.0
2011-09-26,2011,9,26,25.6,32.2,19.6,51.3
2011-09-27,2011,9,27,25.7,32.8,19.1,50.2
2011-09-28,2011,9,28,25.8,32.9,19.0,41.1
2011-09-29,2011,9,29,26.2,32.9,19.9,44.2
2011-09-30,2011,9,30,26.1,32.6,19.8,47.2
2011-10-01,2011,10,1,26.5,32.9,20.4,41.7
2011-10-02,2011,10,2,26.7,33.6,20.1,43.2
2011-10-03,2011,10,3,26.7,33.2,19.9,42.8
2011-10-04,2011,10,4,27.7,33.0,22.0,46.5
2011-10-05,2011,10,5,23.8,27.3,21.1,48.5
2011-10-06,2011,10,6,24.1,29.6,19.0,43.5
2011-10-07,2011,10,7,23.3,28.5,19.4,46.9
2011-10-08,2011,10,8,23.3,29.5,18.4,45.4
2011-10-09,2011,10,9,23.2,29.5,17.1,56.4
2011-10-10,2011,10,10,23.5,30.3,17.3,41.4
2011-10-11,2011,10,11,24.0,30.9,18.0,38.2
2011-10-12,2011,10,12,23.6,30.7,17.1,43.6
2011-10-13,2011,10,13,23.4,30.7,16.4,44.9
2011-10-14,2011,10,14,23.3,29.3,18.0,42.0
2011-10-15,2011,10,15,22.5,30.1,15.4,41.1
2011-10-16,2011,10,16,22.6,30.0,15.9,51.2
2011-10-17,2011,10,17,22.4,30.0,15.4,40.8
2011-10-18,2011,10,18,22.7,30.6,15.1,46.8
2011-10-19,2011,10,19,22.8,30.1,15.3,48.2
2011-10-20,2011,10,20,22.1,29.0,15.6,47.6
2011-10-21,2011,10,21,22.2,28.2,17.5,40.7
2011-10-22,2011,10,22,19.8,23.6,17.6,42.0
2011-10-23,2011,10,23,17.7,22.5,14.5,45.7
2011-10-24,2011,10,24,18.2,24.9,12.5,40.9
2011-10-25,2011,10,25,18.4,25.8,11.5,54.2
2011-10-26,2011,10,26,18.3,26.1,11.2,44.5
2011-10-27,2011,10,27,18.7,26.5,11.9,35.1
2011-10-28,2011,10,28,19.3,26.6,12.9,45.9
2011-10-29,2011,10,29,19.8,26.7,14.1,39.6
2011-10-30,2011,10,30,20.0,26.7,14.1,54.1
2011-10-31,2011,10,31,19.7,26.2,14.0,50.1
2011-11-01,2011,11,1,19.4,25.4,15.3,39.3
2011-11-02,2011,11,2,18.9,24.6,15.3,48.0
2011-11-03,2011,11,3,19.0,24.8,15.2,46.3
2011-11-04,2011,11,4,18.4,24.5,15.0,49.7
2011-11-05,2011,11,5,18.3,24.9,12.8,48.3
2011-11-06,2011,11,6,17.8,24.9,12.1,45.2
2011-11-07,2011,11,7,17.1,25.3,9.9,48.7
2011-11-08,2011,11,8,17.1,22.9,12.5,48.6
2011-11-09,2011,11,9,18.9,24.9,14.3,52.2
2011-11-10,2011,11,10,18.9,24.1,14.8,45.4
2011-11-11,2011,11,11,19.1,25.6,13.6,53.7
2011-11-12,2011,11,12,18.3,25.5,12.8,42.9
2011-11-13,2011,11,13,18.4,25.6,12.3,56.3
2011-11-14,2011,11,14,18.2,25.1,12.7,49.3
2011-11-15,2011,11,15,17.4,23.4,13.5,40.9
2011-11-16,2011,11,16,16.8,23.3,11.5,50.6
2011-11-17,2011,11,17,17.1,25.2,10.6,55.6
2011-11-18,2011,11,18,18.0,26.2,11.9,48.0
2011-11-19,2011,11,19,18.3,26.0,12.2,53.0
2011-11-20,2011,11,20,18.4,26.4,12.4,49.9
2011-11-21,2011,11,21,18.1,26.2,11.7,50.2
2011-11-22,2011,11,22,17.1,24.2,11.2,55.1
2011-11-23,2011,11,23,17.1,24.1,11.5,48.8
2011-11-24,2011,11,24,17.2,23.6,11.9,46.4
2011-11-25,2011,11,25,16.9,24.1,11.0,48.0
2011-11-26,2011,11,26,16.1,23.1,10.5,49.5
2011-11-27,2011,11,27,15.3,22.0,9.9,52.9
2011-11-28,2011,11,28,14.9,21.7,9.6,55.6
2011-11-29,2011,11,29,15.0,21.8,9.9,51.8
2011-11-30,2011,11,30,16.1,24.3,10.4,59.9
2011-12-01,2011,12,1,15.5,21.2,10.8,55.6
2011-12-02,2011,12,2,14.5,22.4,8.6,45.8
2011-12-03,2011,12,3,15.0,23.0,9.0,56.4
2011-12-04,2011,12,4,14.8,22.5,8.2,48.6
2011-12-05,2011,12,5,14.9,21.8,9.4,55.5
2011-12-06,2011,12,6,13.9,21.5,8.2,54.5
2011-12-07,2011,12,7,13.8,21.3,7.6,63.2
2011-12-08,2011,12,8,13.9,20.0,9.2,53.9
2011-12-09,2011,12,9,13.6,19.4,9.5,55.4
2011-12-10,2011,12,10,12.8,19.9,7.4,58.5
2011-12-11,2011,12,11,11.8,19.9,5.0,56.5
2011-12-12,2011,12,12,11.8,19.5,5.8,60.6
2011-12-13,2011,12,13,11.2,18.8,5.6,46.0
2011-12-14,2011,12,14,11.2,19.3,4.7,52.9
2011-12-15,2011,12,15,10.8,18.8,4.6,50.4
2011-12-16,2011,12,16,10.9,19.0,4.8,57.8
2011-12-17,2011,12,17,11.4,19.4,5.1,59.3
2011-12-18,2011,12,18,10.8,18.4,4.8,62.2
2011-12-19,2011,12,19,10.5,16.5,6.1,65.8
2011-12-20,2011,12,20,10.0,14.8,7.4,58.2
2011-12-21,2011,12,21,9.8,15.5,5.4,58.4
2011-12-22,2011,12,22,10.0,16.3,5.2,62.1
2011-12-23,2011,12,23,8.7,16.4,2.4,70.5
2011-12-24,2011,12,24,9.5,17.8,4.1,63.0
2011-12-25,2011,12,25,9.7,18.7,2.7,62.8
2011-12-26,2011,12,26,10.2,18.6,3.6,64.8
2011-12-27,2011,12,27,10.7,18.3,5.1,67.0
2011-12-28,2011,12,28,10.7,18.8,4.3,67.2
2011-12-29,2011,12,29,10.6,18.3,4.8,70.1
2011-12-30,2011,12,30,10.6,19.0,3.5,52.8
2011-12-31,2011,12,31,10.6,18.5,4.5,66.1
2012-01-01,2012,1,1,10.2,18.1,4.5,58.5
2012-01-02,2012,1,2,10.5,17.6,4.7,62.4
2012-01-03,2012,1,3,10.7,17.9,5.3,55.9
2012-01-04,2012,1,4,10.3,15.0,7.0,59.4
2012-01-05,2012,1,5,8.8,11.9,6.6,64.1
2012-01-06,2012,1,6,7.7,10.2,6.0,55.3
2012-01-07,2012,1,7,6.7,10.5,3.1,55.4
2012-01-08,2012,1,8,6.8,12.9,1.5,69.8
2012-01-09,2012,1,9,6.6,13.3,0.5,61.8
2012-01-10,2012,1,10,6.6,13.7,1.0,55.3
2012-01-11,2012,1,11,6.5,14.0,0.3,54.0
2012-01-12,2012,1,12,6.7,14.6,0.7,62.7
2012-01-13,2012,1,13,7.5,15.6,0.5,66.0
2012-01-14,2012,1,14,8.2,15.0,2.0,72.1
2012-01-15,2012,1,15,8.8,9.5,8.3,65.1
2012-01-16,2012,1,16,9.3,13.8,5.4,65.7
2012-01-17,2012,1,17,8.2,13.8,3.6,66.0
2012-01-18,2012,1,18,7.2,12.9,2.2,76.8
2012-01-19,2012,1,19,6.7,12.0,3.0,72.9
2012-01-20,2012,1,20,5.9,12.3,-0.1,66.3
2012-01-21,2012,1,21,6.5,13.6,0.1,66.8
2012-01-22,2012,1,22,7.8,11.4,5.5,67.7
2012-01-23,2012,1,23,8.4,14.6,4.0,55.0
2012-01-24,2012,1,24,7.5,14.7,0.5,56.5
2012-01-25,2012,1,25,9.0,15.6,4.6,64.2
2012-01-26,2012,1,26,8.6,15.6,2.7,69.2
2012-01-27,2012,1,27,8.7,15.2,4.4,73.0
2012-01-28,2012,1,28,8.4,16.3,1.6,61.3
2012-01-29,2012,1,29,8.5,16.9,1.9,75.2
2012-01-30,2012,1,30,8.7,16.7,1.3,76.6
2012-01-31,2012,1,31,10.3,16.6,4.0,73.1
2012-02-01,2012,2,1,9.5,16.9,2.5,61.7
2012-02-02,2012,2,2,11.3,17.7,4.0,57.3
2012-02-03,2012,2,3,10.6,11.6,9.0,62.4
2012-02-04,2012,2,4,9.9,14.3,7.5,64.8
2012-02-05,2012,2,5,9.1,14.3,4.3,74.6
2012-02-06,2012,2,6,8.3,14.6,2.4,66.1
2012-02-07,2012,2,7,7.3,13.7,1.0,77.1
2012-02-08,2012,2,8,7.6,14.4,2.2,71.9
2012-02-09,2012,2,9,7.5,14.5,0.9,70.4
2012-02-10,2012,2,10,8.0,16.0,1.0,59.3
2012-02-11,2012,2,11,9.3,16.8,2.2,69.5
2012-02-12,2012,2,12,9.5,11.6,7.7,64.5
2012-02-13,2012,2,13,8.8,12.3,6.7,75.5
2012-02-14,2012,2,14,8.8,13.2,5.3,68.9
2012-02-15,2012,2,15,8.2,14.9,2.2,75.8
2012-02-16,2012,2,16,9.2,15.4,4.9,75.0
2012-02-17,2012,2,17,9.2,14.5,3.0,72.6
2012-02-18,2012,2,18,10.5,14.4,7.1,71.6
2012-02-19,2012,2,19,11.0,16.1,5.9,75.2
2012-02-20,2012,2,20,11.1,14.3,8.3,66.5
2012-02-21,2012,2,21,12.7,18.5,9.0,70.2
2012-02-22,2012,2,22,10.7,14.8,7.4,71.2
2012-02-23,2012,2,23,9.6,14.7,5.2,67.1
2012-02-24,2012,2,24,8.5,14.8,1.6,76.2
2012-02-25,2012,2,25,10.2,16.3,5.9,77.1
2012-02-26,2012,2,26,11.5,18.7,4.3,65.9
2012-02-27,2012,2,27,15.0,20.3,10.2,69.8
2012-02-28,2012,2,28,13.1,19.7,7.1,75.6
2012-02-29,2012,2,29,13.5,20.6,5.9,74.0
2012-03-01,2012,3,1,14.0,20.7,7.3,68.7
2012-03-02,2012,3,2,13.9,20.7,7.1,78.8
2012-03-03,2012,3,3,15.3,22.2,8.0,69.9
2012-03-04,2012,3,4,15.2,19.5,11.9,79.1
2012-03-05,2012,3,5,14.6,19.8,10.8,75.8
2012-03-06,2012,3,6,13.8,20.6,7.2,72.6
2012-03-07,2012,3,7,13.3,19.5,8.7,67.3
2012-03-08,2012,3,8,12.0,17.8,7.2,77.6
2012-03-09,2012,3,9,12.1,18.5,5.8,78.1
2012-03-10,2012,3,10,12.2,19.2,5.6,72.0
2012-03-11,2012,3,11,13.6,19.3,8.4,83.8
2012-03-12,2012,3,12,13.5,19.2,9.7,78.6
2012-03-13,2012,3,13,12.3,17.8,6.4,76.5
2012-03-14,2012,3,14,13.1,19.3,6.8,79.6
2012-03-15,2012,3,15,14.6,21.8,7.0,81.6
2012-03-16,2012,3,16,17.1,23.8,11.3,83.7
2012-03-17,2012,3,17,19.2,25.6,13.5,76.7
2012-03-18,2012,3,18,21.0,27.8,14.5,71.5
2012-03-19,2012,3,19,21.0,27.8,16.3,73.9
2012-03-20,2012,3,20,13.6,16.8,8.9,72.7
2012-03-21,2012,3,21,13.7,20.8,6.3,63.8
2012-03-22,2012,3,22,15.9,23.6,7.6,78.4
2012-03-23,2012,3,23,18.0,25.6,10.7,75.3
2012-03-24,2012,3,24,19.4,27.0,12.0,80.3
2012-03-25,2012,3,25,19.7,25.9,15.1,64.6
2012-03-26,2012,3,26,17.5,23.1,13.2,76.0
2012-03-27,2012,3,27,17.9,24.3,12.6,75.4
2012-03-28,2012,3,28,18.8,25.7,11.5,69.9
2012-03-29,2012,3,29,20.1,27.9,11.8,81.5
2012-03-30,2012,3,30,21.4,30.3,12.5,76.3
2012-03-31,2012,3,31,23.2,31.0,13.9,76.8
2012-04-01,2012,4,1,23.5,30.4,17.1,82.0
2012-04-02,2012,4,2,24.4,31.8,17.0,85.7
2012-04-03,2012,4,3,24.1,31.8,16.1,70.4
2012-04-04,2012,4,4,23.8,31.3,15.2,67.9
2012-04-05,2012,4,5,23.6,31.7,15.3,83.9
2012-04-06,2012,4,6,23.3,31.0,14.9,71.0
2012-04-07,2012,4,7,23.7,30.6,14.9,73.9
2012-04-08,2012,4,8,24.3,31.3,16.4,72.5
2012-04-09,2012,4,9,24.9,30.4,19.5,72.8
2012-04-10,2012,4,10,21.5,25.0,17.5,76.0
2012-04-11,2012,4,11,19.4,24.0,15.7,74.3
2012-04-12,2012,4,12,20.2,26.5,12.9,66.1
2012-04-13,2012,4,13,20.6,26.5,14.6,70.8
2012-04-14,2012,4,14,20.9,26.5,15.7,81.9
2012-04-15,2012,4,15,20.9,26.8,13.8,70.6
2012-04-16,2012,4,16,21.4,26.5,15.9,68.4
2012-04-17,2012,4,17,22.4,28.7,14.7,78.5
2012-04-18,2012,4,18,23.9,30.7,15.5,75.6
2012-04-19,2012,4,19,23.8,29.2,17.3,79.6
2012-04-20,2012,4,20,23.0,31.1,18.1,73.3
2012-04-21,2012,4,21,20.9,26.2,17.4,72.5
2012-04-22,2012,4,22,20.7,25.8,15.3,65.8
2012-04-23,2012,4,23,21.7,27.4,16.3,79.1
2012-04-24,2012,4,24,22.9,29.4,16.0,64.9
2012-04-25,2012,4,25,22.1,28.0,16.9,73.2
2012-04-26,2012,4,26,20.7,25.2,17.0,72.6
2012-04-27,2012,4,27,21.5,26.8,16.1,85.6
2012-04-28,2012,4,28,20.6,25.6,15.5,75.5
2012-04-29,2012,4,29,19.9,25.5,15.5,75.0
2012-04-30,2012,4,30,20.7,26.4,14.1,67.4
2012-05-01,2012,5,1,21.0,27.1,13.8,70.6
2012-05-02,2012,5,2,21.9,28.5,14.4,69.9
2012-05-03,2012,5,3,23.4,30.5,14.8,72.0
2012-05-04,2012,5,4,24.6,32.3,16.1,69.8
2012-05-05,2012,5,5,26.5,33.7,17.1,70.2
2012-05-06,2012,5,6,27.2,32.3,22.7,76.2
2012-05-07,2012,5,7,25.8,31.5,19.1,69.5
2012-05-08,2012,5,8,27.4,34.4,19.1,75.6
2012-05-09,2012,5,9,28.8,35.8,20.0,68.3
2012-05-10,2012,5,10,28.6,35.1,21.2,75.4
2012-05-11,2012,5,11,27.5,34.2,22.4,64.4
2012-05-12,2012,5,12,25.7,32.2,20.9,73.4
2012-05-13,2012,5,13,26.7,33.3,19.1,69.2
2012-05-14,2012,5,14,27.1,34.1,18.8,73.1
2012-05-15,2012,5,15,27.9,35.5,19.6,63.7
2012-05-16,2012,5,16,28.6,36.1,20.2,69.6
2012-05-17,2012,5,17,28.1,34.7,23.4,67.5
2012-05-18,2012,5,18,28.6,35.1,21.7,73.0
2012-05-19,2012,5,19,28.5,35.6,20.4,73.6
2012-05-20,2012,5,20,28.4,35.9,21.9,71.7
2012-05-21,2012,5,21,26.9,32.8,21.8,77.6
2012-05-22,2012,5,22,27.9,34.2,20.2,69.8
2012-05-23,2012,5,23,28.7,35.0,21.1,62.5
2012-05-24,2012,5,24,30.2,37.2,21.3,72.9
2012-05-25,2012,5,25,29.8,37.1,24.6,69.9
2012-05-26,2012,5,26,27.5,32.7,21.3,62.7
2012-05-27,2012,5,27,29.0,36.1,20.1,64.6
2012-05-28,2012,5,28,30.9,38.5,21.4,59.6
2012-05-29,2012,5,29,32.2,40.4,21.6,71.1
2012-05-30,2012,5,30,33.1,40.9,23.0,69.5
2012-05-31,2012,5,31,32.6,40.9,23.8,60.9
2012-06-01,2012,6,1,32.7,40.7,24.6,70.3
2012-06-02,2012,6,2,32.7,39.7,24.0,67.5
2012-06-03,2012,6,3,33.0,40.6,24.2,71.8
2012-06-04,2012,6,4,33.1,41.0,24.0,62.0
2012-06-05,2012,6,5,32.9,40.4,22.4,65.1
2012-06-06,2012,6,6,29.9,35.7,25.0,69.7
2012-06-07,2012,6,7,29.0,34.8,22.7,66.9
2012-06-08,2012,6,8,29.5,34.6,22.5,64.5
2012-06-09,2012,6,9,30.9,37.2,23.3,67.6
2012-06-10,2012,6,10,32.2,38.6,24.3,60.5
2012-06-11,2012,6,11,31.5,38.0,23.1,62.0
2012-06-12,2012,6,12,32.2,38.6,24.4,58.0
2012-06-13,2012,6,13,32.3,38.7,24.9,66.1
2012-06-14,2012,6,14,32.9,39.8,24.1,66.4
2012-06-15,2012,6,15,34.0,41.3,25.3,58.7
2012-06-16,2012,6,16,34.5,41.8,25.6,68.4
2012-06-17,2012,6,17,34.3,41.7,24.8,67.0
2012-06-18,2012,6,18,32.8,38.4,28.4,60.1
2012-06-19,2012,6,19,32.7,38.9,25.2,63.3
2012-06-20,2012,6,20,34.2,40.9,25.1,63.6
2012-06-21,2012,6,21,35.4,42.4,26.2,56.9
2012-06-22,2012,6,22,36.0,42.6,26.9,58.2
2012-06-23,2012,6,23,35.7,41.1,29.1,60.7
2012-06-24,2012,6,24,34.6,40.6,28.8,65.4
2012-06-25,2012,6,25,33.0,38.2,28.1,54.5
2012-06-26,2012,6,26,33.0,38.4,26.8,62.7
2012-06-27,2012,6,27,33.1,39.4,26.2,65.0
2012-06-28,2012,6,28,33.0,39.1,25.7,60.5
2012-06-29,2012,6,29,33.4,39.7,25.1,60.3
2012-06-30,2012,6,30,34.9,41.9,26.8,59.4
2012-07-01,2012,7,1,35.5,42.8,26.9,56.7
2012-07-02,2012,7,2,36.8,43.1,28.7,67.6
2012-07-03,2012,7,3,36.9,43.1,30.3,69.9
2012-07-04,2012,7,4,35.2,40.6,31.4,58.9
2012-07-05,2012,7,5,32.3,36.2,27.0,60.5
2012-07-06,2012,7,6,33.7,39.0,28.4,49.9
2012-07-07,2012,7,7,29.5,34.8,24.3,54.9
2012-07-08,2012,7,8,28.0,31.8,24.2,55.5
2012-07-09,2012,7,9,29.4,33.7,24.4,60.3
2012-07-10,2012,7,10,31.3,36.3,26.4,57.2
2012-07-11,2012,7,11,30.3,34.4,27.0,55.8
2012-07-12,2012,7,12,29.1,33.4,25.8,60.4
2012-07-13,2012,7,13,27.9,31.7,24.0,51.8
2012-07-14,2012,7,14,28.8,33.5,25.1,61.3
2012-07-15,2012,7,15,28.1,33.1,23.4,53.9
2012-07-16,2012,7,16,30.1,35.1,24.9,62.9
2012-07-17,2012,7,17,31.8,37.5,25.9,54.5
2012-07-18,2012,7,18,32.8,39.6,25.5,58.1
2012-07-19,2012,7,19,32.1,38.5,26.6,61.1
2012-07-20,2012,7,20,31.8,36.5,26.0,55.4
2012-07-21,2012,7,21,31.7,36.8,26.9,57.6
2012-07-22,2012,7,22,33.1,38.6,27.6,57.8
2012-07-23,2012,7,23,34.3,39.7,29.0,45.7
2012-07-24,2012,7,24,33.0,39.5,29.2,58.6
2012-07-25,2012,7,25,30.8,35.4,26.3,55.3
2012-07-26,2012,7,26,28.2,33.3,24.9,54.5
2012-07-27,2012,7,27,30.8,36.3,25.1,47.7
2012-07-28,2012,7,28,32.1,37.8,25.8,52.1
2012-07-29,2012,7,29,32.7,37.6,27.8,62.9
2012-07-30,2012,7,30,31.7,36.9,27.5,55.4
2012-07-31,2012,7,31,29.8,35.2,25.9,56.0
2012-08-01,2012,8,1,29.7,34.0,25.8,50.6
2012-08-02,2012,8,2,30.7,35.3,26.6,50.8
2012-08-03,2012,8,3,29.9,34.2,26.0,57.6
2012-08-04,2012,8,4,23.6,26.3,21.2,52.4
2012-08-05,2012,8,5,25.2,29.5,20.8,49.8
2012-08-06,2012,8,6,27.2,32.3,22.0,47.3
2012-08-07,2012,8,7,28.3,33.4,23.5,44.0
2012-08-08,2012,8,8,28.8,32.9,24.6,50.9
2012-08-09,2012,8,9,28.2,31.7,24.7,51.9
2012-08-10,2012,8,10,26.4,30.9,22.8,46.2
2012-08-11,2012,8,11,26.9,30.7,22.5,55.5
2012-08-12,2012,8,12,27.8,32.2,23.7,42.7
2012-08-13,2012,8,13,28.0,32.0,24.0,60.0
2012-08-14,2012,8,14,28.2,32.3,25.1,50.3
2012-08-15,2012,8,15,26.9,31.2,23.6,49.6
2012-08-16,2012,8,16,28.1,32.4,24.9,42.4
2012-08-17,2012,8,17,29.3,33.8,23.9,43.3
2012-08-18,2012,8,18,30.2,34.3,25.2,58.4
2012-08-19,2012,8,19,30.0,33.7,27.2,48.1
2012-08-20,2012,8,20,27.5,30.9,24.7,39.3
2012-08-21,2012,8,21,27.7,30.9,25.5,48.6
2012-08-22,2012,8,22,25.7,27.4,24.6,40.7
2012-08-23,2012,8,23,27.0,30.2,23.9,45.1
2012-08-24,2012,8,24,27.8,31.9,24.5,47.5
2012-08-25,2012,8,25,26.5,30.7,24.1,50.2
2012-08-26,2012,8,26,24.9,26.5,23.3,48.4
2012-08-27,2012,8,27,26.4,30.2,23.1,36.4
2012-08-28,2012,8,28,26.7,31.0,23.0,51.7
2012-08-29,2012,8,29,27.6,32.2,23.0,49.5
2012-08-30,2012,8,30,27.5,32.0,23.7,39.6
2012-08-31,2012,8,31,27.2,30.5,23.9,52.7
2012-09-01,2012,9,1,27.5,31.6,24.4,52.8
2012-09-02,2012,9,2,27.4,31.2,23.8,40.8
2012-09-03,2012,9,3,26.5,29.7,23.6,43.2
2012-09-04,2012,9,4,26.4,29.8,23.7,52.8
2012-09-05,2012,9,5,25.7,28.9,23.3,48.2
2012-09-06,2012,9,6,25.3,29.0,23.0,32.2
2012-09-07,2012,9,7,25.0,27.4,23.2,52.6
2012-09-08,2012,9,8,25.2,27.5,22.7,51.0
2012-09-09,2012,9,9,25.0,27.0,23.5,43.4
2012-09-10,2012,9,10,25.0,27.6,23.1,42.6
2012-09-11,2012,9,11,26.6,31.6,22.2,43.6
2012-09-12,2012,9,12,27.4,31.4,23.5,47.1
2012-09-13,2012,9,13,27.5,31.7,23.7,42.1
2012-09-14,2012,9,14,26.8,31.1,23.5,43.0
2012-09-15,2012,9,15,26.3,30.7,22.9,59.5
2012-09-16,2012,9,16,25.1,29.1,22.7,45.7
2012-09-17,2012,9,17,22.5,24.8,21.4,47.2
2012-09-18,2012,9,18,23.3,27.5,20.4,36.4
2012-09-19,2012,9,19,23.6,29.5,17.9,45.5
2012-09-20,2012,9,20,23.8,29.9,17.9,41.1
2012-09-21,2012,9,21,24.3,30.4,18.1,43.1
2012-09-22,2012,9,22,24.1,29.5,18.9,49.6
2012-09-23,2012,9,23,24.1,30.1,18.4,46.8
2012-09-24,2012,9,24,24.0,30.1,17.8,41.9
2012-09-25,2012,9,25,24.1,30.2,18.1,48.3
2012-09-26,2012,9,26,24.2,29.6,19.7,47.9
2012-09-27,2012,9,27,23.9,30.1,18.5,59.6
2012-09-28,2012,9,28,23.6,31.2,16.9,37.3
2012-09-29,2012,9,29,23.9,31.6,17.2,50.1
2012-09-30,2012,9,30,24.3,32.0,17.2,49.0
2012-10-01,2012,10,1,24.1,32.0,16.9,46.1
2012-10-02,2012,10,2,24.3,32.1,17.1,55.4
2012-10-03,2012,10,3,24.1,31.7,16.9,41.0
2012-10-04,2012,10,4,23.9,31.3,17.9,37.9
2012-10-05,2012,10,5,23.5,31.6,16.5,43.5
2012-10-06,2012,10,6,24.4,31.1,18.4,34.8
2012-10-07,2012,10,7,23.6,30.9,16.9,48.7
2012-10-08,2012,10,8,23.3,30.8,16.4,47.5
2012-10-09,2012,10,9,23.0,30.2,15.9,40.9
2012-10-10,2012,10,10,22.4,29.0,16.8,51.9
2012-10-11,2012,10,11,22.1,29.1,15.4,51.4
2012-10-12,2012,10,12,21.9,29.4,15.2,50.3
2012-10-13,2012,10,13,22.3,28.7,16.4,49.5
2012-10-14,2012,10,14,22.4,29.0,16.0,44.6
2012-10-15,2012,10,15,19.4,23.0,16.6,42.3
2012-10-16,2012,10,16,19.9,25.4,14.9,45.5
2012-10-17,2012,10,17,20.2,26.6,13.8,40.2
2012-10-18,2012,10,18,20.7,27.9,14.0,45.5
2012-10-19,2012,10,19,20.0,27.0,14.5,43.3
2012-10-20,2012,10,20,18.5,23.0,14.9,45.6
2012-10-21,2012,10,21,18.5,24.6,13.2,49.3
2012-10-22,2012,10,22,18.9,25.9,13.1,52.0
2012-10-23,2012,10,23,18.1,24.7,11.9,47.7
2012-10-24,2012,10,24,17.1,24.4,10.2,44.0
2012-10-25,2012,10,25,17.0,24.5,10.6,44.7
2012-10-26,2012,10,26,17.4,25.1,10.7,47.8
2012-10-27,2012,10,27,18.0,25.4,11.4,43.8
2012-10-28,2012,10,28,18.6,25.6,12.8,51.1
2012-10-29,2012,10,29,19.0,26.4,12.7,44.8
2012-10-30,2012,10,30,19.3,26.7,12.8,45.1
2012-10-31,2012,10,31,19.6,27.2,13.1,50.0
2012-11-01,2012,11,1,19.3,26.6,13.3,41.6
2012-11-02,2012,11,2,19.2,26.2,13.2,44.6
2012-11-03,2012,11,3,19.1,26.3,13.0,47.0
2012-11-04,2012,11,4,18.6,25.4,12.1,50.3
2012-11-05,2012,11,5,18.1,23.9,13.2,51.1
2012-11-06,2012,11,6,17.8,24.9,11.5,54.5
2012-11-07,2012,11,7,17.6,24.9,11.4,42.7
2012-11-08,2012,11,8,17.2,24.6,11.3,46.3
2012-11-09,2012,11,9,17.2,24.3,11.3,52.5
2012-11-10,2012,11,10,17.2,24.1,11.2,51.1
2012-11-11,2012,11,11,16.9,24.0,10.7,48.7
2012-11-12,2012,11,12,16.8,23.2,11.1,35.9
2012-11-13,2012,11,13,16.6,22.9,11.0,56.0
2012-11-14,2012,11,14,16.3,23.3,10.5,54.1
2012-11-15,2012,11,15,16.0,23.9,8.8,44.5
2012-11-16,2012,11,16,16.0,23.2,9.2,46.2
2012-11-17,2012,11,17,16.3,21.6,12.5,49.1
2012-11-18,2012,11,18,15.4,22.6,9.4,45.5
2012-11-19,2012,11,19,15.3,22.6,9.5,49.4
2012-11-20,2012,11,20,15.3,22.9,8.5,51.8
2012-11-21,2012,11,21,16.0,22.3,10.7,47.5
2012-11-22,2012,11,22,15.1,22.3,9.3,47.5
2012-11-23,2012,11,23,14.4,20.8,8.7,52.6
2012-11-24,2012,11,24,12.9,18.6,8.9,49.1
2012-11-25,2012,11,25,12.9,19.3,7.3,45.3
2012-11-26,2012,11,26,13.2,20.8,6.3,49.8
2012-11-27,2012,11,27,13.7,21.0,7.1,50.6
2012-11-28,2012,11,28,13.5,19.2,9.2,53.5
2012-11-29,2012,11,29,12.4,16.1,8.3,53.4
2012-11-30,2012,11,30,11.0,17.8,5.4,51.5
2012-12-01,2012,12,1,11.1,19.9,3.6,46.0
2012-12-02,2012,12,2,11.3,19.9,4.3,54.5
2012-12-03,2012,12,3,12.3,21.0,5.4,53.7
2012-12-04,2012,12,4,12.9,22.0,5.8,52.9
2012-12-05,2012,12,5,12.8,20.8,7.1,57.2
2012-12-06,2012,12,6,13.0,21.5,6.9,52.0
2012-12-07,2012,12,7,14.3,22.1,8.7,50.7
2012-12-08,2012,12,8,15.3,22.1,10.8,64.4
2012-12-09,2012,12,9,14.2,22.2,7.7,58.6
2012-12-10,2012,12,10,13.8,20.0,9.5,54.3
2012-12-11,2012,12,11,12.2,17.3,9.4,50.4
2012-12-12,2012,12,12,11.7,16.7,6.6,49.3
2012-12-13,2012,12,13,10.2,11.6,8.4,51.3
2012-12-14,2012,12,14,9.7,10.6,8.5,53.0
2012-12-15,2012,12,15,10.6,13.9,8.3,57.4
2012-12-16,2012,12,16,10.6,16.0,6.8,60.0
2012-12-17,2012,12,17,11.0,17.3,6.1,64.8
2012-12-18,2012,12,18,11.7,16.4,8.4,49.5
2012-12-19,2012,12,19,10.2,16.6,5.3,61.9
2012-12-20,2012,12,20,9.7,17.4,4.3,60.0
2012-12-21,2012,12,21,9.6,18.4,2.9,58.5
2012-12-22,2012,12,22,9.9,19.4,3.1,58.1
2012-12-23,2012,12,23,10.6,18.5,3.5,60.3
2012-12-24,2012,12,24,11.0,17.7,5.5,64.6
2012-12-25,2012,12,25,10.4,18.4,4.2,51.7
2012-12-26,2012,12,26,10.3,18.4,4.2,64.6
2012-12-27,2012,12,27,11.6,16.1,7.1,60.7
2012-12-28,2012,12,28,10.2,11.0,8.7,55.1
2012-12-29,2012,12,29,9.8,13.0,7.6,63.3
2012-12-30,2012,12,30,10.2,16.8,5.3,59.5
2012-12-31,2012,12,31,9.2,16.9,3.2,61.8
2013-01-01,2013,1,1,8.3,15.4,3.1,57.8
2013-01-02,2013,1,2,8.4,15.6,2.8,71.9
2013-01-03,2013,1,3,7.4,14.5,1.5,55.6
2013-01-04,2013,1,4,7.2,13.8,1.9,57.1
2013-01-05,2013,1,5,6.8,14.0,0.8,62.4
2013-01-06,2013,1,6,6.7,13.6,1.2,54.6
2013-01-07,2013,1,7,6.1,13.2,0.8,61.5
2013-01-08,2013,1,8,6.5,14.0,0.0,58.4
2013-01-09,2013,1,9,8.5,15.4,2.3,62.1
2013-01-10,2013,1,10,8.4,16.2,2.1,63.9
2013-01-11,2013,1,11,9.4,18.0,2.5,62.2
2013-01-12,2013,1,12,10.5,13.7,8.1,50.0
2013-01-13,2013,1,13,9.9,16.2,5.3,61.8
2013-01-14,2013,1,14,9.6,16.8,3.3,57.8
2013-01-15,2013,1,15,10.0,16.9,5.0,68.9
2013-01-16,2013,1,16,10.1,16.4,5.6,60.0
2013-01-17,2013,1,17,9.2,13.1,6.6,60.2
2013-01-18,2013,1,18,9.2,13.1,5.0,63.1
2013-01-19,2013,1,19,7.8,13.6,3.2,63.0
2013-01-20,2013,1,20,7.6,14.6,2.1,66.2
2013-01-21,2013,1,21,7.6,15.9,0.7,56.0
2013-01-22,2013,1,22,8.2,16.5,0.8,65.4
2013-01-23,2013,1,23,9.0,14.6,5.3,64.6
2013-01-24,2013,1,24,9.1,16.9,2.9,69.4
2013-01-25,2013,1,25,8.7,17.2,1.7,71.0
2013-01-26,2013,1,26,9.0,17.8,2.0,67.9
2013-01-27,2013,1,27,9.6,16.9,2.7,73.7
2013-01-28,2013,1,28,10.6,19.4,3.0,73.5
2013-01-29,2013,1,29,11.9,19.9,6.3,76.2
2013-01-30,2013,1,30,11.9,18.1,6.2,68.9
2013-01-31,2013,1,31,12.9,19.3,8.5,64.8
2013-02-01,2013,2,1,12.6,19.2,6.2,68.1
2013-02-02,2013,2,2,13.9,18.2,10.1,65.6
2013-02-03,2013,2,3,10.3,14.9,6.7,69.3
2013-02-04,2013,2,4,11.0,12.7,9.0,72.3
2013-02-05,2013,2,5,9.8,11.2,8.1,60.2
2013-02-06,2013,2,6,9.8,15.5,5.6,63.3
2013-02-07,2013,2,7,9.4,16.6,2.7,76.3
2013-02-08,2013,2,8,9.2,18.1,1.4,71.2
2013-02-09,2013,2,9,10.3,18.6,2.5,74.1
2013-02-10,2013,2,10,11.0,18.6,3.8,76.4
2013-02-11,2013,2,11,11.2,18.7,4.4,69.4
2013-02-12,2013,2,12,11.8,19.1,4.9,75.4
2013-02-13,2013,2,13,12.0,19.5,5.4,76.6
2013-02-14,2013,2,14,11.6,16.7,8.0,63.8
2013-02-15,2013,2,15,11.0,13.1,9.7,64.6
2013-02-16,2013,2,16,11.2,15.4,7.0,64.7
2013-02-17,2013,2,17,11.0,16.0,6.3,65.9
2013-02-18,2013,2,18,11.9,18.2,6.3,69.1
2013-02-19,2013,2,19,12.2,18.0,7.7,70.6
2013-02-20,2013,2,20,12.2,19.9,5.1,74.5
2013-02-21,2013,2,21,11.4,17.1,7.3,70.7
2013-02-22,2013,2,22,11.4,14.4,9.1,72.2
2013-02-23,2013,2,23,11.8,15.5,8.3,65.3
2013-02-24,2013,2,24,12.9,19.4,6.3,70.0
2013-02-25,2013,2,25,13.3,19.1,6.6,68.6
2013-02-26,2013,2,26,14.1,18.0,9.5,64.1
2013-02-27,2013,2,27,11.1,12.8,8.9,68.0
2013-02-28,2013,2,28,11.4,16.5,7.4,68.4
2013-03-01,2013,3,1,12.5,19.8,6.0,71.6
2013-03-02,2013,3,2,14.0,22.7,5.7,78.5
2013-03-03,2013,3,3,15.5,24.0,7.1,66.8
2013-03-04,2013,3,4,16.1,24.1,8.8,68.4
2013-03-05,2013,3,5,16.6,24.4,9.8,72.2
2013-03-06,2013,3,6,16.4,24.8,8.8,74.4
2013-03-07,2013,3,7,16.6,25.1,8.6,76.5
2013-03-08,2013,3,8,17.5,25.1,10.2,79.7
2013-03-09,2013,3,9,16.9,22.9,12.4,73.6
2013-03-10,2013,3,10,16.9,23.2,11.7,76.7
2013-03-11,2013,3,11,17.7,25.0,11.0,81.8
2013-03-12,2013,3,12,17.4,22.3,13.7,67.2
2013-03-13,2013,3,13,15.5,18.9,13.5,70.2
2013-03-14,2013,3,14,13.9,17.0,10.6,76.7
2013-03-15,2013,3,15,15.0,21.1,8.2,76.5
2013-03-16,2013,3,16,16.0,22.4,9.7,75.7
2013-03-17,2013,3,17,16.0,21.5,11.3,77.9
2013-03-18,2013,3,18,17.1,23.1,11.0,71.6
2013-03-19,2013,3,19,18.3,25.9,10.9,79.0
2013-03-20,2013,3,20,18.0,23.5,13.6,75.2
2013-03-21,2013,3,21,18.4,24.4,13.1,73.6
2013-03-22,2013,3,22,18.5,24.7,11.5,64.4
2013-03-23,2013,3,23,17.0,22.6,14.5,72.7
2013-03-24,2013,3,24,14.3,17.6,11.7,75.6
2013-03-25,2013,3,25,16.1,22.6,10.0,75.3
2013-03-26,2013,3,26,17.3,24.5,9.3,71.4
2013-03-27,2013,3,27,19.0,25.1,13.3,78.9
2013-03-28,2013,3,28,17.9,22.7,12.4,79.5
2013-03-29,2013,3,29,18.4,24.6,12.0,71.3
2013-03-30,2013,3,30,18.6,25.0,11.9,66.8
2013-03-31,2013,3,31,19.4,25.9,12.4,87.8
2013-04-01,2013,4,1,18.6,24.3,13.4,74.0
2013-04-02,2013,4,2,19.1,24.7,14.1,76.9
2013-04-03,2013,4,3,18.9,24.5,13.2,76.7
2013-04-04,2013,4,4,18.0,23.7,11.5,74.7
2013-04-05,2013,4,5,18.1,25.0,10.8,80.9
2013-04-06,2013,4,6,19.4,26.9,10.9,70.0
2013-04-07,2013,4,7,19.8,25.8,14.0,74.8
2013-04-08,2013,4,8,21.1,27.7,14.8,67.9
2013-04-09,2013,4,9,21.7,28.4,15.1,77.3
2013-04-10,2013,4,10,21.0,25.8,17.0,82.1
2013-04-11,2013,4,11,21.2,27.4,14.3,78.6
2013-04-12,2013,4,12,22.1,28.4,15.2,76.0
2013-04-13,2013,4,13,22.6,29.4,15.3,76.0
2013-04-14,2013,4,14,22.7,29.1,16.5,76.4
2013-04-15,2013,4,15,23.0,29.8,15.4,74.5
2013-04-16,2013,4,16,19.9,23.8,16.6,70.6
2013-04-17,2013,4,17,21.1,27.4,14.0,74.9
2013-04-18,2013,4,18,22.0,29.2,14.1,76.4
2013-04-19,2013,4,19,22.6,30.0,14.2,77.4
2013-04-20,2013,4,20,22.7,27.8,16.3,72.8
2013-04-21,2013,4,21,21.6,26.7,17.6,74.0
2013-04-22,2013,4,22,21.3,25.6,16.3,69.5
2013-04-23,2013,4,23,21.3,27.8,15.4,76.1
2013-04-24,2013,4,24,22.9,29.0,17.0,69.7
2013-04-25,2013,4,25,23.7,28.9,18.5,71.5
2013-04-26,2013,4,26,22.6,27.8,19.0,73.9
2013-04-27,2013,4,27,22.3,27.6,17.0,71.3
2013-04-28,2013,4,28,22.3,27.8,15.9,65.9
2013-04-29,2013,4,29,23.3,30.1,16.1,72.2
2013-04-30,2013,4,30,24.2,30.9,17.3,70.7
2013-05-01,2013,5,1,22.8,29.8,17.6,66.9
2013-05-02,2013,5,2,23.6,30.4,16.3,70.5
2013-05-03,2013,5,3,24.4,32.2,15.6,71.1
2013-05-04,2013,5,4,25.1,32.9,16.6,70.9
2013-05-05,2013,5,5,26.2,33.0,20.7,72.6
2013-05-06,2013,5,6,26.3,33.2,19.7,77.7
2013-05-07,2013,5,7,26.3,33.1,18.6,75.0
2013-05-08,2013,5,8,26.7,32.5,20.8,70.9
2013-05-09,2013,5,9,27.3,34.3,19.2,71.6
2013-05-10,2013,5,10,27.7,34.8,19.7,70.9
2013-05-11,2013,5,11,27.3,31.7,22.7,79.3
2013-05-12,2013,5,12,23.6,26.9,20.1,68.8
2013-05-13,2013,5,13,24.2,29.6,17.2,66.1
2013-05-14,2013,5,14,25.8,31.4,19.8,72.5
2013-05-15,2013,5,15,26.8,33.6,18.9,79.0
2013-05-16,2013,5,16,27.7,35.6,18.0,73.3
2013-05-17,2013,5,17,29.1,37.3,19.1,71.3
2013-05-18,2013,5,18,30.5,39.2,19.9,72.1
2013-05-19,2013,5,19,32.0,40.1,22.7,69.8
2013-05-20,2013,5,20,32.8,39.8,25.7,74.3
2013-05-21,2013,5,21,32.5,40.0,23.3,75.7
2013-05-22,2013,5,22,32.8,40.0,23.5,76.1
2013-05-23,2013,5,23,33.1,41.1,23.7,74.8
2013-05-24,2013,5,24,33.9,42.2,23.4,78.4
2013-05-25,2013,5,25,32.9,39.7,26.4,69.0
2013-05-26,2013,5,26,28.0,35.6,23.5,72.1
2013-05-27,2013,5,27,27.7,34.1,21.9,60.7
2013-05-28,2013,5,28,27.3,33.0,21.3,67.7
2013-05-29,2013,5,29,27.3,33.7,19.6,74.0
2013-05-30,2013,5,30,28.4,36.1,18.6,72.5
2013-05-31,2013,5,31,30.4,38.3,20.7,63.2
2013-06-01,2013,6,1,31.2,37.9,22.4,65.3
2013-06-02,2013,6,2,31.4,37.1,24.3,77.0
2013-06-03,2013,6,3,31.1,36.3,24.8,65.2
2013-06-04,2013,6,4,32.2,37.7,25.2,60.5
2013-06-05,2013,6,5,33.2,39.7,24.2,65.5
2013-06-06,2013,6,6,33.4,40.4,24.7,70.4
2013-06-07,2013,6,7,32.7,39.2,23.8,62.6
2013-06-08,2013,6,8,33.4,39.9,25.2,67.3
2013-06-09,2013,6,9,34.4,40.4,27.3,66.5
2013-06-10,2013,6,10,34.8,39.5,29.2,59.6
2013-06-11,2013,6,11,34.4,40.8,29.7,76.2
2013-06-12,2013,6,12,29.0,32.2,26.3,69.8
2013-06-13,2013,6,13,29.7,33.6,25.8,64.0
2013-06-14,2013,6,14,26.8,30.9,23.7,73.8
2013-06-15,2013,6,15,23.9,26.8,21.6,59.5
2013-06-16,2013,6,16,25.9,30.9,20.7,64.9
2013-06-17,2013,6,17,25.8,30.7,20.7,49.5
2013-06-18,2013,6,18,26.8,32.0,21.5,68.1
2013-06-19,2013,6,19,28.4,34.2,21.4,65.1
2013-06-20,2013,6,20,30.3,36.8,22.7,62.7
2013-06-21,2013,6,21,32.4,39.2,24.6,52.7
2013-06-22,2013,6,22,34.0,40.1,26.9,67.0
2013-06-23,2013,6,23,35.1,40.6,29.4,57.7
2013-06-24,2013,6,24,34.6,40.4,29.7,53.6
2013-06-25,2013,6,25,32.8,38.2,29.0,62.4
2013-06-26,2013,6,26,30.3,35.0,25.2,59.3
2013-06-27,2013,6,27,28.0,30.6,24.6,56.2
2013-06-28,2013,6,28,29.0,34.7,24.6,68.0
2013-06-29,2013,6,29,30.0,34.6,25.1,67.6
2013-06-30,2013,6,30,30.5,35.6,25.4,56.3
2013-07-01,2013,7,1,29.9,35.5,24.2,67.1
2013-07-02,2013,7,2,31.3,36.0,25.6,48.7
2013-07-03,2013,7,3,31.7,37.7,23.8,57.7
2013-07-04,2013,7,4,32.5,38.0,26.7,70.7
2013-07-05,2013,7,5,32.5,37.0,28.7,58.4
2013-07-06,2013,7,6,29.6,34.6,24.6,60.9
2013-07-07,2013,7,7,27.9,31.1,25.3,59.0
2013-07-08,2013,7,8,28.6,32.7,25.2,64.8
2013-07-09,2013,7,9,25.8,28.3,24.1,60.6
2013-07-10,2013,7,10,25.6,28.1,23.2,51.7
2013-07-11,2013,7,11,28.1,33.5,22.2,57.1
2013-07-12,2013,7,12,29.6,34.6,24.0,57.0
2013-07-13,2013,7,13,30.1,35.1,25.6,54.7
2013-07-14,2013,7,14,30.3,34.3,26.2,53.1
2013-07-15,2013,7,15,30.2,33.7,26.8,66.2
2013-07-16,2013,7,16,29.5,33.4,26.8,58.0
2013-07-17,2013,7,17,28.3,32.0,25.1,54.9
2013-07-18,2013,7,18,29.5,33.0,25.9,57.5
2013-07-19,2013,7,19,29.6,33.4,26.5,59.9
2013-07-20,2013,7,20,26.3,29.1,25.1,52.0
2013-07-21,2013,7,21,28.0,32.0,24.2,54.7
2013-07-22,2013,7,22,29.1,33.3,25.8,55.5
2013-07-23,2013,7,23,27.8,30.8,25.7,57.5
2013-07-24,2013,7,24,26.9,31.1,24.2,58.6
2013-07-25,2013,7,25,28.0,32.1,24.3,56.4
2013-07-26,2013,7,26,28.1,31.7,23.9,49.0
2013-07-27,2013,7,27,29.5,33.7,26.0,58.7
2013-07-28,2013,7,28,30.5,34.4,26.8,58.5
2013-07-29,2013,7,29,30.8,33.7,28.1,48.9
2013-07-30,2013,7,30,27.6,29.8,25.5,41.5
2013-07-31,2013,7,31,29.1,33.6,25.5,48.9
2013-08-01,2013,8,1,27.4,30.1,25.2,44.9
2013-08-02,2013,8,2,25.6,27.7,24.6,50.5
2013-08-03,2013,8,3,26.6,30.6,24.3,50.2
2013-08-04,2013,8,4,28.2,31.8,24.3,43.3
2013-08-05,2013,8,5,28.5,33.0,25.3,55.0
2013-08-06,2013,8,6,26.5,28.9,24.3,51.5
2013-08-07,2013,8,7,26.4,29.4,24.3,53.6
2013-08-08,2013,8,8,27.6,31.4,24.5,55.8
2013-08-09,2013,8,9,27.9,31.7,24.7,58.6
2013-08-10,2013,8,10,26.0,28.0,24.6,55.5
2013-08-11,2013,8,11,26.6,28.7,24.8,40.9
2013-08-12,2013,8,12,26.8,30.6,24.5,52.9
2013-08-13,2013,8,13,24.7,25.4,24.0,50.5
2013-08-14,2013,8,14,23.8,25.1,22.8,53.3
2013-08-15,2013,8,15,25.0,29.7,22.7,63.8
2013-08-16,2013,8,16,24.9,27.1,23.2,53.3
2013-08-17,2013,8,17,25.4,29.2,22.8,50.2
2013-08-18,2013,8,18,26.1,30.4,22.4,39.8
2013-08-19,2013,8,19,26.2,30.9,22.6,46.7
2013-08-20,2013,8,20,26.6,31.2,22.3,42.0
2013-08-21,2013,8,21,27.1,31.0,23.0,57.3
2013-08-22,2013,8,22,27.1,31.6,22.4,56.9
2013-08-23,2013,8,23,27.6,31.8,23.4,45.0
2013-08-24,2013,8,24,28.0,32.1,24.0,48.8
2013-08-25,2013,8,25,28.2,32.4,24.2,47.3
2013-08-26,2013,8,26,28.4,32.9,24.7,59.1
2013-08-27,2013,8,27,28.6,32.3,25.3,50.7
2013-08-28,2013,8,28,26.5,29.6,23.6,52.9
2013-08-29,2013,8,29,26.4,30.1,23.2,40.7
2013-08-30,2013,8,30,27.1,31.0,23.0,45.6
2013-08-31,2013,8,31,26.8,31.4,23.1,56.0
2013-09-01,2013,9,1,26.7,31.2,22.6,47.7
2013-09-02,2013,9,2,27.1,31.5,22.2,53.2
2013-09-03,2013,9,3,26.9,31.4,22.6,51.4
2013-09-04,2013,9,4,26.7,31.0,22.1,51.3
2013-09-05,2013,9,5,26.9,31.0,23.1,47.4
2013-09-06,2013,9,6,26.5,30.3,22.8,48.4
2013-09-07,2013,9,7,26.5,30.0,23.2,43.9
2013-09-08,2013,9,8,25.7,28.5,23.3,36.4
2013-09-09,2013,9,9,25.0,28.1,22.4,39.5
2013-09-10,2013,9,10,25.1,29.4,21.6,43.7
2013-09-11,2013,9,11,26.0,29.8,22.3,49.1
2013-09-12,2013,9,12,25.5,29.4,22.6,43.2
2013-09-13,2013,9,13,25.4,29.6,21.7,47.0
2013-09-14,2013,9,14,25.4,29.5,20.8,43.6
2013-09-15,2013,9,15,24.9,29.0,20.7,44.7
2013-09-16,2013,9,16,24.4,28.6,20.5,40.2
2013-09-17,2013,9,17,24.5,30.8,18.2,45.8
2013-09-18,2013,9,18,25.0,31.0,18.4,56.1
2013-09-19,2013,9,19,25.6,32.5,19.1,52.4
2013-09-20,2013,9,20,26.0,32.6,20.2,37.4
2013-09-21,2013,9,21,26.5,31.7,22.3,36.4
2013-09-22,2013,9,22,26.9,32.2,22.0,53.1
2013-09-23,2013,9,23,27.2,32.5,22.7,41.3
2013-09-24,2013,9,24,27.1,32.7,21.8,41.5
2013-09-25,2013,9,25,27.2,33.1,21.5,40.4
2013-09-26,2013,9,26,27.4,32.0,23.2,44.8
2013-09-27,2013,9,27,27.1,31.4,23.7,43.9
2013-09-28,2013,9,28,26.3,29.3,23.0,44.1
2013-09-29,2013,9,29,26.0,30.5,21.8,53.4
2013-09-30,2013,9,30,25.6,30.7,20.9,42.4
2013-10-01,2013,10,1,25.1,30.2,20.8,46.8
2013-10-02,2013,10,2,25.9,30.8,21.0,41.5
2013-10-03,2013,10,3,25.9,30.7,21.5,48.9
2013-10-04,2013,10,4,25.4,29.8,22.0,45.1
2013-10-05,2013,10,5,26.2,31.1,22.3,53.9
2013-10-06,2013,10,6,27.0,31.3,23.5,48.6
2013-10-07,2013,10,7,27.1,31.8,23.3,48.0
2013-10-08,2013,10,8,27.5,31.8,23.7,48.0
2013-10-09,2013,10,9,27.1,31.8,23.6,41.1
2013-10-10,2013,10,10,26.6,32.0,22.8,41.3
2013-10-11,2013,10,11,26.0,31.7,20.5,43.6
2013-10-12,2013,10,12,23.9,27.7,20.3,42.6
2013-10-13,2013,10,13,23.7,28.7,19.7,44.4
2013-10-14,2013,10,14,23.5,30.0,17.3,44.1
2013-10-15,2013,10,15,23.7,30.3,17.2,48.6
2013-10-16,2013,10,16,23.5,30.1,17.7,45.7
2013-10-17,2013,10,17,22.1,27.4,17.9,42.9
2013-10-18,2013,10,18,22.2,28.9,16.7,45.8
2013-10-19,2013,10,19,21.9,29.3,15.3,48.9
2013-10-20,2013,10,20,21.6,28.8,15.3,44.8
2013-10-21,2013,10,21,21.3,28.7,14.8,43.2
2013-10-22,2013,10,22,21.2,28.1,14.9,49.1
2013-10-23,2013,10,23,21.5,27.8,15.2,52.9
2013-10-24,2013,10,24,21.9,27.8,16.5,51.4
2013-10-25,2013,10,25,21.2,28.0,14.7,45.3
2013-10-26,2013,10,26,20.8,27.4,14.6,45.8
2013-10-27,2013,10,27,20.3,25.6,16.1,48.6
2013-10-28,2013,10,28,19.1,25.9,12.7,47.4
2013-10-29,2013,10,29,19.6,26.0,13.0,45.6
2013-10-30,2013,10,30,18.0,22.8,15.0,49.8
2013-10-31,2013,10,31,17.4,22.3,13.1,53.8
2013-11-01,2013,11,1,17.0,23.5,11.4,45.5
2013-11-02,2013,11,2,16.6,23.3,11.0,57.2
2013-11-03,2013,11,3,16.4,23.8,9.7,41.9
2013-11-04,2013,11,4,16.5,23.4,10.3,47.4
2013-11-05,2013,11,5,15.8,21.8,11.3,46.8
2013-11-06,2013,11,6,16.3,20.8,13.5,54.0
2013-11-07,2013,11,7,14.0,16.9,11.4,50.6
2013-11-08,2013,11,8,13.9,18.7,9.6,43.9
2013-11-09,2013,11,9,14.2,20.2,8.5,53.8
2013-11-10,2013,11,10,14.4,21.3,8.1,38.9
2013-11-11,2013,11,11,14.2,21.6,7.8,53.4
2013-11-12,2013,11,12,14.5,22.1,7.9,48.4
2013-11-13,2013,11,13,14.5,21.0,9.1,39.7
2013-11-14,2013,11,14,13.8,20.7,8.1,48.3
2013-11-15,2013,11,15,13.6,22.0,6.5,55.3
2013-11-16,2013,11,16,13.7,22.3,6.3,60.7
2013-11-17,2013,11,17,14.2,22.3,7.7,48.6
2013-11-18,2013,11,18,14.8,22.8,7.6,43.3
2013-11-19,2013,11,19,15.0,23.3,8.3,53.4
2013-11-20,2013,11,20,14.7,22.9,8.7,51.9
2013-11-21,2013,11,21,14.9,22.7,9.1,50.2
2013-11-22,2013,11,22,15.5,22.5,10.4,66.5
2013-11-23,2013,11,23,15.4,21.9,10.2,43.9
2013-11-24,2013,11,24,15.7,22.4,9.7,49.4
2013-11-25,2013,11,25,15.5,22.7,9.5,50.4
2013-11-26,2013,11,26,15.2,22.4,9.8,52.0
2013-11-27,2013,11,27,15.0,22.4,8.9,44.4
2013-11-28,2013,11,28,14.6,22.2,8.8,49.7
2013-11-29,2013,11,29,14.6,22.0,8.7,42.8
2013-11-30,2013,11,30,14.5,22.9,7.7,60.1
2013-12-01,2013,12,1,14.6,22.1,7.9,49.1
2013-12-02,2013,12,2,14.8,20.2,10.4,53.6
2013-12-03,2013,12,3,13.9,20.3,8.0,56.4
2013-12-04,2013,12,4,13.8,21.1,8.5,47.5
2013-12-05,2013,12,5,14.5,21.8,8.7,54.5
2013-12-06,2013,12,6,15.4,22.7,9.4,57.5
2013-12-07,2013,12,7,14.7,20.9,10.5,52.8
2013-12-08,2013,12,8,14.0,20.6,8.8,56.1
2013-12-09,2013,12,9,13.7,20.3,8.1,42.7
2013-12-10,2013,12,10,13.4,20.3,8.1,62.2
2013-12-11,2013,12,11,11.6,17.1,8.2,57.5
2013-12-12,2013,12,12,11.7,18.8,5.7,50.6
2013-12-13,2013,12,13,12.8,20.9,6.3,59.7
2013-12-14,2013,12,14,14.6,23.8,8.1,61.0
2013-12-15,2013,12,15,13.7,20.3,8.3,64.5
2013-12-16,2013,12,16,13.0,19.4,7.7,61.5
2013-12-17,2013,12,17,12.9,19.4,7.8,57.6
2013-12-18,2013,12,18,11.9,18.1,7.4,51.5
2013-12-19,2013,12,19,10.0,15.0,5.9,54.0
2013-12-20,2013,12,20,9.7,16.7,4.2,44.4
2013-12-21,2013,12,21,9.4,14.4,5.6,53.2
2013-12-22,2013,12,22,8.9,13.1,5.2,62.5
2013-12-23,2013,12,23,8.6,15.0,3.5,58.0
2013-12-24,2013,12,24,8.3,15.4,2.4,64.1
2013-12-25,2013,12,25,8.0,15.3,1.6,52.3
2013-12-26,2013,12,26,8.6,16.4,1.9,62.6
2013-12-27,2013,12,27,8.5,15.1,2.9,60.9
2013-12-28,2013,12,28,8.6,14.6,4.1,59.3
2013-12-29,2013,12,29,7.3,14.3,2.3,62.5
2013-12-30,2013,12,30,7.0,14.3,1.2,53.7
2013-12-31,2013,12,31,6.1,9.9,2.9,59.5
2014-01-01,2014,1,1,6.8,13.4,1.6,62.6
2014-01-02,2014,1,2,8.0,16.2,1.5,58.3
2014-01-03,2014,1,3,8.6,17.1,1.3,60.9
2014-01-04,2014,1,4,9.2,16.1,4.4,63.6
2014-01-05,2014,1,5,8.7,16.3,2.8,50.9
2014-01-06,2014,1,6,8.3,15.7,2.4,64.1
2014-01-07,2014,1,7,8.2,14.1,3.3,54.4
2014-01-08,2014,1,8,7.8,12.3,5.3,59.5
2014-01-09,2014,1,9,7.4,13.8,2.2,61.4
2014-01-10,2014,1,10,7.9,14.0,3.4,68.1
2014-01-11,2014,1,11,7.9,15.4,1.4,60.4
2014-01-12,2014,1,12,8.6,16.0,2.5,58.4
2014-01-13,2014,1,13,10.0,17.3,4.0,59.5
2014-01-14,2014,1,14,10.6,17.9,4.6,67.6
2014-01-15,2014,1,15,10.8,18.6,4.4,63.8
2014-01-16,2014,1,16,10.2,17.2,4.1,66.8
2014-01-17,2014,1,17,10.1,15.8,4.6,67.1
2014-01-18,2014,1,18,10.3,16.4,4.2,70.2
2014-01-19,2014,1,19,10.0,16.9,4.3,73.5
2014-01-20,2014,1,20,10.4,18.0,3.1,54.1
2014-01-21,2014,1,21,11.4,16.9,6.8,63.9
2014-01-22,2014,1,22,11.4,13.2,8.6,61.2
2014-01-23,2014,1,23,11.5,16.1,8.2,67.8
2014-01-24,2014,1,24,11.3,18.2,5.4,65.0
2014-01-25,2014,1,25,12.0,18.8,7.3,67.2
2014-01-26,2014,1,26,12.0,19.4,5.7,68.1
2014-01-27,2014,1,27,12.2,20.4,5.5,69.3
2014-01-28,2014,1,28,12.3,20.6,5.7,71.6
2014-01-29,2014,1,29,12.7,20.8,5.7,63.4
2014-01-30,2014,1,30,12.8,20.1,6.3,72.1
2014-01-31,2014,1,31,13.0,20.6,6.1,62.3
2014-02-01,2014,2,1,13.5,19.7,9.0,66.8
2014-02-02,2014,2,2,13.5,18.1,9.9,77.2
2014-02-03,2014,2,3,11.3,12.1,10.1,70.1
2014-02-04,2014,2,4,11.1,14.7,7.7,66.7
2014-02-05,2014,2,5,10.7,14.9,8.4,71.3
2014-02-06,2014,2,6,8.7,10.8,7.0,62.3
2014-02-07,2014,2,7,9.6,13.7,6.6,67.8
2014-02-08,2014,2,8,9.4,14.8,4.2,73.1
2014-02-09,2014,2,9,9.3,16.1,2.9,64.6
2014-02-10,2014,2,10,8.3,14.6,2.5,71.2
2014-02-11,2014,2,11,8.9,15.2,2.6,69.1
2014-02-12,2014,2,12,8.9,16.0,2.6,63.2
2014-02-13,2014,2,13,9.5,17.6,1.8,75.6
2014-02-14,2014,2,14,9.2,14.1,5.5,69.9
2014-02-15,2014,2,15,9.2,14.3,4.1,72.0
2014-02-16,2014,2,16,9.1,15.3,3.0,77.5
2014-02-17,2014,2,17,9.9,17.4,3.0,70.1
2014-02-18,2014,2,18,11.3,19.5,2.9,71.1
2014-02-19,2014,2,19,12.6,17.4,9.0,74.2
2014-02-20,2014,2,20,12.0,18.0,6.3,66.0
2014-02-21,2014,2,21,10.0,12.9,7.6,74.4
2014-02-22,2014,2,22,10.7,14.8,7.1,66.4
2014-02-23,2014,2,23,12.0,18.7,5.3,67.9
2014-02-24,2014,2,24,13.2,20.0,6.6,80.7
2014-02-25,2014,2,25,13.5,20.6,6.4,77.3
2014-02-26,2014,2,26,12.1,17.9,7.8,75.5
2014-02-27,2014,2,27,11.5,16.4,7.8,73.8
2014-02-28,2014,2,28,11.2,17.5,5.7,75.7
2014-03-01,2014,3,1,10.8,15.6,6.0,60.5
2014-03-02,2014,3,2,11.5,17.3,5.5,72.9
2014-03-03,2014,3,3,10.6,14.4,7.7,77.3
2014-03-04,2014,3,4,12.1,16.9,8.2,68.4
2014-03-05,2014,3,5,12.1,17.5,6.1,66.8
2014-03-06,2014,3,6,12.5,18.9,5.8,76.6
2014-03-07,2014,3,7,13.3,19.7,6.3,74.1
2014-03-08,2014,3,8,14.4,21.6,7.3,75.3
2014-03-09,2014,3,9,13.6,18.4,10.2,67.1
2014-03-10,2014,3,10,13.1,15.3,11.1,69.8
2014-03-11,2014,3,11,10.8,12.7,6.4,68.6
2014-03-12,2014,3,12,12.0,18.7,5.6,78.7
2014-03-13,2014,3,13,14.3,21.4,7.6,77.7
2014-03-14,2014,3,14,15.2,22.9,7.4,84.4
2014-03-15,2014,3,15,16.0,21.4,12.3,64.8
2014-03-16,2014,3,16,18.7,24.7,13.7,68.9
2014-03-17,2014,3,17,17.7,23.2,14.7,80.7
2014-03-18,2014,3,18,14.8,17.7,12.1,76.4
2014-03-19,2014,3,19,15.4,22.4,8.8,73.3
2014-03-20,2014,3,20,16.4,23.3,9.0,79.6
2014-03-21,2014,3,21,15.6,19.6,12.3,77.1
2014-03-22,2014,3,22,16.4,23.7,9.9,76.2
2014-03-23,2014,3,23,15.7,20.7,11.0,71.0
2014-03-24,2014,3,24,13.6,14.8,12.4,74.4
2014-03-25,2014,3,25,15.1,20.4,12.1,75.0
2014-03-26,2014,3,26,16.2,22.5,10.1,79.5
2014-03-27,2014,3,27,17.7,23.2,11.6,80.8
2014-03-28,2014,3,28,14.3,15.7,12.6,75.7
2014-03-29,2014,3,29,15.5,21.9,10.0,76.5
2014-03-30,2014,3,30,17.0,23.8,10.3,82.3
2014-03-31,2014,3,31,17.5,24.9,9.8,70.7
2014-04-01,2014,4,1,18.0,25.8,9.7,72.7
2014-04-02,2014,4,2,15.6,18.7,13.3,76.9
2014-04-03,2014,4,3,17.1,23.3,10.0,72.5
2014-04-04,2014,4,4,18.7,23.1,15.4,75.9
2014-04-05,2014,4,5,18.6,23.5,14.5,84.6
2014-04-06,2014,4,6,18.0,23.2,14.6,84.0
2014-04-07,2014,4,7,17.6,22.3,13.1,67.3
2014-04-08,2014,4,8,17.9,24.1,11.8,64.9
2014-04-09,2014,4,9,17.9,25.1,10.1,73.0
2014-04-10,2014,4,10,18.9,26.3,11.0,77.7
2014-04-11,2014,4,11,19.7,26.9,12.5,74.5
2014-04-12,2014,4,12,19.8,26.0,12.9,74.4
2014-04-13,2014,4,13,19.2,23.6,14.3,83.6
2014-04-14,2014,4,14,19.1,25.2,11.6,74.8
2014-04-15,2014,4,15,19.5,25.7,13.3,79.0
2014-04-16,2014,4,16,20.1,25.4,16.1,76.6
2014-04-17,2014,4,17,19.5,23.9,15.1,74.7
2014-04-18,2014,4,18,16.8,18.6,14.5,77.1
2014-04-19,2014,4,19,16.4,20.5,12.9,74.3
2014-04-20,2014,4,20,18.4,24.6,11.0,77.8
2014-04-21,2014,4,21,19.5,25.1,12.8,74.4
2014-04-22,2014,4,22,20.9,27.7,13.1,66.7
2014-04-23,2014,4,23,21.7,28.5,14.5,76.2
2014-04-24,2014,4,24,22.6,29.3,14.5,70.8
2014-04-25,2014,4,25,23.2,28.0,18.7,70.8
2014-04-26,2014,4,26,22.2,28.7,16.3,78.2
2014-04-27,2014,4,27,23.0,29.7,15.3,70.2
2014-04-28,2014,4,28,24.2,31.7,16.7,72.5
2014-04-29,2014,4,29,25.0,32.9,16.6,72.2
2014-04-30,2014,4,30,26.0,34.0,17.9,75.6
2014-05-01,2014,5,1,26.6,33.9,19.1,78.9
2014-05-02,2014,5,2,26.5,34.2,19.3,66.6
2014-05-03,2014,5,3,26.9,33.6,20.8,73.1
2014-05-04,2014,5,4,25.8,31.7,20.7,69.9
2014-05-05,2014,5,5,24.2,28.4,19.5,77.0
2014-05-06,2014,5,6,24.8,30.1,19.0,75.9
2014-05-07,2014,5,7,24.9,30.3,18.5,63.5
2014-05-08,2014,5,8,24.9,29.8,19.8,69.9
2014-05-09,2014,5,9,24.8,30.8,18.3,74.9
2014-05-10,2014,5,10,25.0,30.9,17.9,74.5
2014-05-11,2014,5,11,23.3,26.9,19.3,68.2
2014-05-12,2014,5,12,20.1,22.0,17.5,79.6
2014-05-13,2014,5,13,19.2,22.9,16.4,65.7
2014-05-14,2014,5,14,20.8,26.5,15.9,71.4
2014-05-15,2014,5,15,21.7,27.9,14.0,75.6
2014-05-16,2014,5,16,23.8,30.3,15.9,80.1
2014-05-17,2014,5,17,23.7,27.7,19.9,68.3
2014-05-18,2014,5,18,23.5,28.9,18.2,70.6
2014-05-19,2014,5,19,24.0,29.3,18.3,70.3
2014-05-20,2014,5,20,24.3,29.4,18.9,70.9
2014-05-21,2014,5,21,24.9,30.4,18.2,63.0
2014-05-22,2014,5,22,24.9,31.3,17.4,69.5
2014-05-23,2014,5,23,26.3,32.8,19.2,65.0
2014-05-24,2014,5,24,26.0,32.8,17.8,67.9
2014-05-25,2014,5,25,26.4,34.2,17.5,74.5
2014-05-26,2014,5,26,26.7,33.3,18.2,65.1
2014-05-27,2014,5,27,27.5,34.1,20.4,65.0
2014-05-28,2014,5,28,28.3,36.0,19.2,74.3
2014-05-29,2014,5,29,29.2,37.7,20.0,75.2
2014-05-30,2014,5,30,29.3,35.2,23.4,77.4
2014-05-31,2014,5,31,27.2,33.2,21.3,68.6
2014-06-01,2014,6,1,26.2,31.5,21.6,74.9
2014-06-02,2014,6,2,27.9,34.9,19.1,64.2
2014-06-03,2014,6,3,29.2,35.7,21.2,64.4
2014-06-04,2014,6,4,30.4,37.5,21.6,70.5
2014-06-05,2014,6,5,30.7,38.7,21.8,65.9
2014-06-06,2014,6,6,31.4,38.9,22.6,60.5
2014-06-07,2014,6,7,31.6,38.9,22.8,61.3
2014-06-08,2014,6,8,31.6,39.0,22.8,67.9
2014-06-09,2014,6,9,31.9,39.2,23.2,64.5
2014-06-10,2014,6,10,31.9,39.6,23.0,70.7
2014-06-11,2014,6,11,32.1,39.5,23.3,68.9
2014-06-12,2014,6,12,32.1,38.5,23.5,59.0
2014-06-13,2014,6,13,32.1,39.5,22.0,65.8
2014-06-14,2014,6,14,32.9,40.1,24.6,69.2
2014-06-15,2014,6,15,34.1,40.4,27.2,67.2
2014-06-16,2014,6,16,33.9,40.5,28.8,63.1
2014-06-17,2014,6,17,33.5,38.6,28.7,69.9
2014-06-18,2014,6,18,32.3,36.3,27.8,63.9
2014-06-19,2014,6,19,31.6,36.4,26.0,60.9
2014-06-20,2014,6,20,32.6,38.4,26.1,66.8
2014-06-21,2014,6,21,32.5,38.3,25.7,56.2
2014-06-22,2014,6,22,31.8,37.5,25.3,66.8
2014-06-23,2014,6,23,31.1,37.0,24.7,65.1
2014-06-24,2014,6,24,31.3,37.2,24.6,51.4
2014-06-25,2014,6,25,30.6,35.5,26.7,59.5
2014-06-26,2014,6,26,30.9,36.2,25.2,60.5
2014-06-27,2014,6,27,32.5,37.9,26.5,60.6
2014-06-28,2014,6,28,34.0,39.2,28.5,60.4
2014-06-29,2014,6,29,31.7,35.6,28.1,60.3
2014-06-30,2014,6,30,30.7,35.4,27.4,53.8
2014-07-01,2014,7,1,26.7,28.9,23.6,58.1
2014-07-02,2014,7,2,27.1,31.6,24.1,60.3
2014-07-03,2014,7,3,26.4,30.5,23.4,67.8
2014-07-04,2014,7,4,28.1,32.9,23.5,57.6
2014-07-05,2014,7,5,29.2,33.8,24.8,53.1
2014-07-06,2014,7,6,29.6,33.9,24.5,56.7
2014-07-07,2014,7,7,30.3,35.9,23.9,59.3
2014-07-08,2014,7,8,31.3,37.2,24.4,57.6
2014-07-09,2014,7,9,31.7,37.3,25.8,64.5
2014-07-10,2014,7,10,32.6,37.7,26.7,60.9
2014-07-11,2014,7,11,33.3,38.3,27.4,65.5
2014-07-12,2014,7,12,33.8,38.5,29.4,58.7
2014-07-13,2014,7,13,33.8,38.8,29.1,50.0
2014-07-14,2014,7,14,32.9,36.8,28.9,57.7
2014-07-15,2014,7,15,32.2,36.8,28.2,57.0
2014-07-16,2014,7,16,29.4,33.1,25.3,57.1
2014-07-17,2014,7,17,28.4,31.8,25.4,56.3
2014-07-18,2014,7,18,28.8,34.0,23.6,60.0
2014-07-19,2014,7,19,29.5,34.5,24.9,56.6
2014-07-20,2014,7,20,30.4,35.7,25.1,62.3
2014-07-21,2014,7,21,32.0,37.0,26.7,49.2
2014-07-22,2014,7,22,32.8,37.1,28.2,53.8
2014-07-23,2014,7,23,31.9,35.7,28.6,58.3
2014-07-24,2014,7,24,27.7,29.5,25.8,52.7
2014-07-25,2014,7,25,28.3,31.1,25.8,51.4
2014-07-26,2014,7,26,28.3,31.1,25.9,59.6
2014-07-27,2014,7,27,28.8,31.4,26.1,52.3
2014-07-28,2014,7,28,28.0,32.4,25.6,53.8
2014-07-29,2014,7,29,26.2,27.9,24.9,61.5
2014-07-30,2014,7,30,28.5,32.2,24.7,51.5
2014-07-31,2014,7,31,29.2,32.8,25.4,56.2
2014-08-01,2014,8,1,27.5,31.3,24.4,50.0
2014-08-02,2014,8,2,28.5,32.8,24.4,51.5
2014-08-03,2014,8,3,30.1,34.7,25.3,55.7
2014-08-04,2014,8,4,31.1,36.5,25.8,56.0
2014-08-05,2014,8,5,29.7,34.1,26.2,47.1
2014-08-06,2014,8,6,30.7,36.1,25.2,58.6
2014-08-07,2014,8,7,29.8,33.6,26.6,47.3
2014-08-08,2014,8,8,26.6,29.6,24.3,58.8
2014-08-09,2014,8,9,28.1,32.1,24.8,52.7
2014-08-10,2014,8,10,29.3,34.4,23.9,39.2
2014-08-11,2014,8,11,30.1,34.4,25.9,51.6
2014-08-12,2014,8,12,29.4,34.0,26.1,52.3
2014-08-13,2014,8,13,29.7,33.9,25.3,47.2
2014-08-14,2014,8,14,29.8,33.9,26.3,56.7
2014-08-15,2014,8,15,27.1,33.3,23.9,48.4
2014-08-16,2014,8,16,22.7,24.2,20.4,44.4
2014-08-17,2014,8,17,24.5,30.1,19.0,53.6
2014-08-18,2014,8,18,26.7,32.4,20.8,50.5
2014-08-19,2014,8,19,27.3,32.7,21.0,49.0
2014-08-20,2014,8,20,27.8,33.2,22.3,41.8
2014-08-21,2014,8,21,28.2,32.6,24.0,57.4
2014-08-22,2014,8,22,26.9,31.1,23.1,55.2
2014-08-23,2014,8,23,26.6,30.5,23.3,39.0
2014-08-24,2014,8,24,27.3,31.4,22.8,53.9
2014-08-25,2014,8,25,27.4,32.0,22.7,43.8
2014-08-26,2014,8,26,27.2,31.9,23.1,43.9
2014-08-27,2014,8,27,27.3,32.1,22.3,46.3
2014-08-28,2014,8,28,26.3,31.9,20.9,43.3
2014-08-29,2014,8,29,26.9,32.2,21.1,46.0
2014-08-30,2014,8,30,27.4,32.8,21.7,46.4
2014-08-31,2014,8,31,28.0,33.4,22.3,42.6
2014-09-01,2014,9,1,27.6,31.2,24.2,37.5
2014-09-02,2014,9,2,26.7,31.3,22.8,47.6
2014-09-03,2014,9,3,24.6,26.8,22.3,41.4
2014-09-04,2014,9,4,21.6,22.7,20.2,46.2
2014-09-05,2014,9,5,21.2,22.7,20.1,45.2
2014-09-06,2014,9,6,23.8,27.8,20.8,52.9
2014-09-07,2014,9,7,25.6,30.3,21.1,42.2
2014-09-08,2014,9,8,26.4,31.4,21.7,50.2
2014-09-09,2014,9,9,26.3,30.9,21.9,51.2
2014-09-10,2014,9,10,26.2,30.7,21.6,46.8
2014-09-11,2014,9,11,26.1,29.9,22.7,43.0
2014-09-12,2014,9,12,24.6,28.0,21.2,50.1
2014-09-13,2014,9,13,24.7,29.2,20.8,50.3
2014-09-14,2014,9,14,25.0,29.1,21.7,55.3
2014-09-15,2014,9,15,24.6,29.6,19.6,46.1
2014-09-16,2014,9,16,24.8,30.1,19.2,55.4
2014-09-17,2014,9,17,25.4,30.5,20.3,33.9
2014-09-18,2014,9,18,26.3,31.5,21.2,41.1
2014-09-19,2014,9,19,27.0,31.6,22.7,50.9
2014-09-20,2014,9,20,26.5,31.1,23.2,43.4
2014-09-21,2014,9,21,26.1,30.7,21.6,43.1
2014-09-22,2014,9,22,25.9,31.0,20.4,46.9
2014-09-23,2014,9,23,26.3,31.2,21.4,51.8
2014-09-24,2014,9,24,25.6,29.5,22.7,45.2
2014-09-25,2014,9,25,24.3,29.0,20.4,39.5
2014-09-26,2014,9,26,24.4,29.7,19.1,40.7
2014-09-27,2014,9,27,25.0,30.1,19.7,47.6
2014-09-28,2014,9,28,25.4,30.0,20.5,49.2
2014-09-29,2014,9,29,25.5,29.9,20.9,44.8
2014-09-30,2014,9,30,24.9,29.2,21.2,49.0
2014-10-01,2014,10,1,24.8,28.6,21.2,45.5
2014-10-02,2014,10,2,25.1,29.3,21.5,45.9
2014-10-03,2014,10,3,25.8,30.2,21.5,52.0
2014-10-04,2014,10,4,25.6,29.7,21.8,42.3
2014-10-05,2014,10,5,25.4,29.6,21.4,43.5
2014-10-06,2014,10,6,25.2,30.2,21.5,46.3
2014-10-07,2014,10,7,22.7,28.2,18.9,50.3
2014-10-08,2014,10,8,21.1,25.5,18.4,51.8
2014-10-09,2014,10,9,21.8,28.0,16.1,51.3
2014-10-10,2014,10,10,21.7,28.7,15.4,45.9
2014-10-11,2014,10,11,21.3,28.6,14.8,55.7
2014-10-12,2014,10,12,21.4,29.0,15.0,44.3
2014-10-13,2014,10,13,18.4,20.8,16.9,51.3
2014-10-14,2014,10,14,17.2,19.6,14.8,51.2
2014-10-15,2014,10,15,17.6,22.7,11.9,49.4
2014-10-16,2014,10,16,18.8,25.0,12.8,40.8
2014-10-17,2014,10,17,19.3,25.7,13.7,48.4
2014-10-18,2014,10,18,19.7,26.4,13.6,42.7
2014-10-19,2014,10,19,20.2,26.1,14.5,48.7
2014-10-20,2014,10,20,20.8,25.9,16.9,48.8
2014-10-21,2014,10,21,20.6,27.2,14.6,34.5
2014-10-22,2014,10,22,20.5,27.0,15.0,48.6
2014-10-23,2014,10,23,21.0,27.1,15.5,43.9
2014-10-24,2014,10,24,20.5,25.1,16.9,45.9
2014-10-25,2014,10,25,19.7,26.5,13.8,52.8
2014-10-26,2014,10,26,20.2,26.4,15.4,48.4
2014-10-27,2014,10,27,19.8,26.3,14.3,44.3
2014-10-28,2014,10,28,18.4,23.3,14.8,41.2
2014-10-29,2014,10,29,18.0,23.9,13.3,46.5
2014-10-30,2014,10,30,17.7,24.1,12.0,55.0
2014-10-31,2014,10,31,17.6,24.8,11.8,47.2
2014-11-01,2014,11,1,17.0,24.3,10.7,54.9
2014-11-02,2014,11,2,17.7,24.0,11.6,47.2
2014-11-03,2014,11,3,17.8,22.4,13.8,44.0
2014-11-04,2014,11,4,18.0,23.1,14.3,41.9
2014-11-05,2014,11,5,17.8,24.5,12.1,50.4
2014-11-06,2014,11,6,17.8,24.0,13.7,47.7
2014-11-07,2014,11,7,17.1,21.1,14.5,44.3
2014-11-08,2014,11,8,16.3,21.8,12.1,48.4
2014-11-09,2014,11,9,15.6,22.6,10.1,50.5
2014-11-10,2014,11,10,15.4,23.5,8.6,52.4
2014-11-11,2014,11,11,15.0,23.3,7.9,47.3
2014-11-12,2014,11,12,14.9,23.3,7.7,42.4
2014-11-13,2014,11,13,14.7,23.0,7.6,49.0
2014-11-14,2014,11,14,14.6,22.7,7.6,55.8
2014-11-15,2014,11,15,14.6,22.4,8.1,53.7
2014-11-16,2014,11,16,14.8,22.7,8.8,51.4
2014-11-17,2014,11,17,14.9,23.0,8.4,51.0
2014-11-18,2014,11,18,15.0,23.0,8.7,47.3
2014-11-19,2014,11,19,14.7,22.6,8.7,51.5
2014-11-20,2014,11,20,14.5,22.1,8.6,58.8
2014-11-21,2014,11,21,14.3,22.2,8.1,47.3
2014-11-22,2014,11,22,13.9,21.2,7.8,51.6
2014-11-23,2014,11,23,13.6,21.0,7.7,45.7
2014-11-24,2014,11,24,13.4,20.4,7.3,47.1
2014-11-25,2014,11,25,13.6,21.4,7.2,52.6
2014-11-26,2014,11,26,14.4,22.2,8.4,51.6
2014-11-27,2014,11,27,14.5,19.9,10.0,57.9
2014-11-28,2014,11,28,15.2,21.8,9.9,56.6
2014-11-29,2014,11,29,15.6,22.4,10.4,60.3
2014-11-30,2014,11,30,15.1,21.8,10.0,58.6
2014-12-01,2014,12,1,14.6,22.0,8.5,55.2
2014-12-02,2014,12,2,14.3,21.9,7.9,61.3
2014-12-03,2014,12,3,14.2,22.1,8.2,54.2
2014-12-04,2014,12,4,14.0,21.9,7.6,52.1
2014-12-05,2014,12,5,13.8,21.4,8.6,58.1
2014-12-06,2014,12,6,13.2,20.7,7.5,52.9
2014-12-07,2014,12,7,12.8,20.6,6.4,46.9
2014-12-08,2014,12,8,12.1,18.5,7.7,51.4
2014-12-09,2014,12,9,11.9,19.2,6.6,47.9
2014-12-10,2014,12,10,11.0,18.1,5.4,59.7
2014-12-11,2014,12,11,10.8,18.4,4.4,52.6
2014-12-12,2014,12,12,11.6,18.5,6.3,54.7
2014-12-13,2014,12,13,12.1,17.3,8.3,55.5
2014-12-14,2014,12,14,10.8,16.2,6.5,66.3
2014-12-15,2014,12,15,9.6,15.3,4.6,54.8
2014-12-16,2014,12,16,9.2,16.2,3.3,53.3
2014-12-17,2014,12,17,9.2,16.8,2.9,55.5
2014-12-18,2014,12,18,9.8,17.7,3.1,51.8
2014-12-19,2014,12,19,10.4,16.6,5.9,57.1
2014-12-20,2014,12,20,10.2,16.8,5.3,61.8
2014-12-21,2014,12,21,10.1,16.6,5.2,57.9
2014-12-22,2014,12,22,10.6,15.2,6.9,57.4
2014-12-23,2014,12,23,10.9,16.5,7.1,57.2
2014-12-24,2014,12,24,10.5,17.4,5.1,57.2
2014-12-25,2014,12,25,10.1,17.3,4.5,64.6
2014-12-26,2014,12,26,10.5,16.9,5.1,55.7
2014-12-27,2014,12,27,9.8,17.8,2.9,62.7
2014-12-28,2014,12,28,9.5,17.0,2.9,55.8
2014-12-29,2014,12,29,9.4,16.5,3.7,56.6
2014-12-30,2014,12,30,9.5,16.4,4.3,59.8
2014-12-31,2014,12,31,11.2,18.0,6.5,60.9
2015-01-01,2015,1,1,11.7,20.1,5.3,56.7
2015-01-02,2015,1,2,11.3,19.2,4.1,50.5
2015-01-03,2015,1,3,11.5,16.9,6.6,54.1
2015-01-04,2015,1,4,11.3,16.8,5.3,56.1
2015-01-05,2015,1,5,11.0,16.8,6.3,69.8
2015-01-06,2015,1,6,11.1,18.4,5.4,51.0
2015-01-07,2015,1,7,11.6,19.3,5.9,57.3
2015-01-08,2015,1,8,10.4,18.2,3.6,64.2
2015-01-09,2015,1,9,10.4,17.5,4.9,60.1
2015-01-10,2015,1,10,10.9,18.9,4.2,60.5
2015-01-11,2015,1,11,12.7,21.0,6.2,67.0
2015-01-12,2015,1,12,12.6,18.9,7.3,65.8
2015-01-13,2015,1,13,11.3,14.2,9.4,66.0
2015-01-14,2015,1,14,11.6,16.7,7.2,66.2
2015-01-15,2015,1,15,10.2,16.5,4.9,70.0
2015-01-16,2015,1,16,10.6,18.2,4.2,69.8
2015-01-17,2015,1,17,10.1,18.4,4.2,72.5
2015-01-18,2015,1,18,10.0,18.2,3.1,66.1
2015-01-19,2015,1,19,10.6,18.4,4.2,63.7
2015-01-20,2015,1,20,11.7,17.8,6.3,62.6
2015-01-21,2015,1,21,10.8,13.4,9.2,75.5
2015-01-22,2015,1,22,10.1,13.4,7.3,71.3
2015-01-23,2015,1,23,9.0,14.0,5.4,61.6
2015-01-24,2015,1,24,9.3,15.3,4.9,67.6
2015-01-25,2015,1,25,9.3,15.5,4.3,64.6
2015-01-26,2015,1,26,8.5,13.3,3.9,67.8
2015-01-27,2015,1,27,7.4,12.1,4.4,62.9
2015-01-28,2015,1,28,8.1,14.7,1.9,66.5
2015-01-29,2015,1,29,8.7,13.7,4.5,67.5
2015-01-30,2015,1,30,8.3,15.2,2.5,75.6
2015-01-31,2015,1,31,9.8,17.0,3.1,67.4
2015-02-01,2015,2,1,9.8,13.3,6.0,64.8
2015-02-02,2015,2,2,11.1,15.9,8.3,62.1
2015-02-03,2015,2,3,10.2,14.3,6.2,65.4
2015-02-04,2015,2,4,10.4,17.2,4.9,69.4
2015-02-05,2015,2,5,10.7,18.2,3.3,62.2
2015-02-06,2015,2,6,10.8,17.6,5.3,61.4
2015-02-07,2015,2,7,9.7,15.2,5.7,72.7
2015-02-08,2015,2,8,11.3,16.1,8.0,73.2
2015-02-09,2015,2,9,11.7,19.1,5.3,67.3
2015-02-10,2015,2,10,12.0,20.2,4.3,78.4
2015-02-11,2015,2,11,12.7,20.5,6.3,70.5
2015-02-12,2015,2,12,12.5,20.7,5.5,64.1
2015-02-13,2015,2,13,13.6,21.6,6.8,80.2
2015-02-14,2015,2,14,14.6,22.4,8.2,65.2
2015-02-15,2015,2,15,15.6,23.2,8.6,74.1
2015-02-16,2015,2,16,13.9,16.0,11.6,76.4
2015-02-17,2015,2,17,14.6,18.9,10.4,78.0
2015-02-18,2015,2,18,13.2,17.3,9.6,64.6
2015-02-19,2015,2,19,12.6,14.6,10.8,67.7
2015-02-20,2015,2,20,13.3,16.8,10.4,78.8
2015-02-21,2015,2,21,14.9,20.4,10.7,70.8
2015-02-22,2015,2,22,17.1,24.2,10.3,72.5
2015-02-23,2015,2,23,17.4,23.0,12.7,64.0
2015-02-24,2015,2,24,15.7,19.1,13.5,67.0
2015-02-25,2015,2,25,12.3,14.1,9.2,68.4
2015-02-26,2015,2,26,10.9,16.3,6.6,78.2
2015-02-27,2015,2,27,11.6,17.4,5.9,81.1
2015-02-28,2015,2,28,12.3,18.9,4.9,72.9
2015-03-01,2015,3,1,11.9,12.9,10.3,61.4
2015-03-02,2015,3,2,11.4,13.8,9.9,62.1
2015-03-03,2015,3,3,11.2,14.4,8.0,71.9
2015-03-04,2015,3,4,11.0,16.8,5.0,71.3
2015-03-05,2015,3,5,11.0,13.2,8.8,78.1
2015-03-06,2015,3,6,11.9,17.7,5.9,76.6
2015-03-07,2015,3,7,10.7,13.8,8.4,78.1
2015-03-08,2015,3,8,10.0,12.2,8.4,64.8
2015-03-09,2015,3,9,11.8,17.8,6.0,72.9
2015-03-10,2015,3,10,13.2,20.5,6.5,76.6
2015-03-11,2015,3,11,14.5,21.4,8.7,72.1
2015-03-12,2015,3,12,15.0,22.9,7.1,70.6
2015-03-13,2015,3,13,15.6,23.1,8.1,70.9
2015-03-14,2015,3,14,17.1,23.9,11.0,81.5
2015-03-15,2015,3,15,13.8,15.0,12.1,68.8
2015-03-16,2015,3,16,13.8,17.1,10.7,81.2
2015-03-17,2015,3,17,14.7,19.9,9.9,62.8
2015-03-18,2015,3,18,15.2,22.4,8.3,77.8
2015-03-19,2015,3,19,16.6,23.9,9.2,79.6
2015-03-20,2015,3,20,17.6,24.4,11.2,73.5
2015-03-21,2015,3,21,18.1,25.3,11.2,68.2
2015-03-22,2015,3,22,18.8,26.3,11.7,72.7
2015-03-23,2015,3,23,19.2,27.4,11.4,81.4
2015-03-24,2015,3,24,20.7,28.3,14.1,74.7
2015-03-25,2015,3,25,20.3,26.8,14.3,74.9
2015-03-26,2015,3,26,20.6,27.8,13.3,68.4
2015-03-27,2015,3,27,20.8,28.3,12.9,77.2
2015-03-28,2015,3,28,20.5,27.6,16.9,82.2
2015-03-29,2015,3,29,17.1,18.8,15.2,69.1
2015-03-30,2015,3,30,17.8,21.8,14.1,63.2
2015-03-31,2015,3,31,17.0,21.5,13.1,77.9
2015-04-01,2015,4,1,15.9,17.3,14.5,77.8
2015-04-02,2015,4,2,17.1,22.0,13.8,75.5
2015-04-03,2015,4,3,17.1,20.8,14.6,72.8
2015-04-04,2015,4,4,18.2,23.9,12.6,70.3
2015-04-05,2015,4,5,18.6,24.0,13.0,80.4
2015-04-06,2015,4,6,18.1,23.7,13.1,72.2
2015-04-07,2015,4,7,17.0,22.2,13.2,65.9
2015-04-08,2015,4,8,17.4,23.2,10.6,71.0
2015-04-09,2015,4,9,19.2,25.8,12.1,91.0
2015-04-10,2015,4,10,20.4,27.5,12.6,80.2
2015-04-11,2015,4,11,21.1,28.0,14.4,78.2
2015-04-12,2015,4,12,21.5,28.5,13.9,72.9
2015-04-13,2015,4,13,21.7,28.3,14.2,76.5
2015-04-14,2015,4,14,22.5,27.4,17.8,71.2
2015-04-15,2015,4,15,22.2,26.3,17.6,74.9
2015-04-16,2015,4,16,20.3,23.7,17.6,79.5
2015-04-17,2015,4,17,21.6,27.5,15.9,73.2
2015-04-18,2015,4,18,22.2,28.9,15.3,81.5
2015-04-19,2015,4,19,21.2,23.9,18.2,69.7
2015-04-20,2015,4,20,22.0,27.7,17.8,86.8
2015-04-21,2015,4,21,23.2,29.3,17.1,71.6
2015-04-22,2015,4,22,22.6,29.4,15.3,79.0
2015-04-23,2015,4,23,23.4,30.9,15.9,80.2
2015-04-24,2015,4,24,23.9,31.7,15.9,74.7
2015-04-25,2015,4,25,24.7,32.3,16.6,71.1
2015-04-26,2015,4,26,24.3,30.3,17.1,71.3
2015-04-27,2015,4,27,21.5,25.8,17.9,76.2
2015-04-28,2015,4,28,23.0,29.7,16.2,60.9
2015-04-29,2015,4,29,23.6,30.4,15.5,73.8
2015-04-30,2015,4,30,21.7,25.3,17.9,69.8
2015-05-01,2015,5,1,22.0,28.4,15.4,81.7
2015-05-02,2015,5,2,22.3,29.1,14.1,71.3
2015-05-03,2015,5,3,22.9,30.5,14.7,76.0
2015-05-04,2015,5,4,24.3,32.3,15.3,76.6
2015-05-05,2015,5,5,26.2,33.6,18.8,76.4
2015-05-06,2015,5,6,27.0,34.7,18.7,81.0
2015-05-07,2015,5,7,28.2,35.5,19.9,76.6
2015-05-08,2015,5,8,28.5,35.4,21.6,74.3
2015-05-09,2015,5,9,28.1,34.6,20.8,66.6
2015-05-10,2015,5,10,27.4,34.4,20.0,67.5
2015-05-11,2015,5,11,24.5,32.7,20.5,80.7
2015-05-12,2015,5,12,22.2,25.1,19.5,76.8
2015-05-13,2015,5,13,21.9,26.0,17.8,73.7
2015-05-14,2015,5,14,23.4,28.3,18.9,67.5
2015-05-15,2015,5,15,24.7,30.3,18.0,69.0
2015-05-16,2015,5,16,26.2,31.9,19.3,67.8
2015-05-17,2015,5,17,25.9,32.2,21.0,65.2
2015-05-18,2015,5,18,25.6,31.5,19.9,64.3
2015-05-19,2015,5,19,26.3,33.2,19.3,65.3
2015-05-20,2015,5,20,26.3,33.8,18.1,65.5
2015-05-21,2015,5,21,26.6,34.3,18.3,74.9
2015-05-22,2015,5,22,27.5,35.9,18.6,72.3
2015-05-23,2015,5,23,27.1,35.1,19.1,68.1
2015-05-24,2015,5,24,28.2,34.6,22.2,76.3
2015-05-25,2015,5,25,27.7,34.9,21.1,67.5
2015-05-26,2015,5,26,26.0,33.0,18.8,66.2
2015-05-27,2015,5,27,27.9,35.2,19.9,76.8
2015-05-28,2015,5,28,28.5,35.1,22.1,69.9
2015-05-29,2015,5,29,28.0,34.8,20.4,83.7
2015-05-30,2015,5,30,28.5,34.6,21.8,73.5
2015-05-31,2015,5,31,27.9,34.4,19.8,67.8
2015-06-01,2015,6,1,27.5,33.1,20.6,68.4
2015-06-02,2015,6,2,27.4,32.9,22.1,82.6
2015-06-03,2015,6,3,25.5,29.4,21.9,74.2
2015-06-04,2015,6,4,25.7,29.6,21.5,62.4
2015-06-05,2015,6,5,25.4,30.1,21.2,66.3
2015-06-06,2015,6,6,27.7,34.1,20.5,69.7
2015-06-07,2015,6,7,29.2,35.9,20.4,65.0
2015-06-08,2015,6,8,30.3,37.6,22.5,61.8
2015-06-09,2015,6,9,30.6,37.4,23.1,73.7
2015-06-10,2015,6,10,30.1,37.3,22.5,66.6
2015-06-11,2015,6,11,29.5,35.5,22.1,62.2
2015-06-12,2015,6,12,29.9,36.2,22.0,65.4
2015-06-13,2015,6,13,29.8,36.3,23.0,67.3
2015-06-14,2015,6,14,29.8,34.9,24.7,53.5
2015-06-15,2015,6,15,27.9,32.4,23.6,65.2
2015-06-16,2015,6,16,29.3,34.8,22.3,53.9
2015-06-17,2015,6,17,30.6,36.6,23.1,63.0
2015-06-18,2015,6,18,32.2,38.3,24.1,64.1
2015-06-19,2015,6,19,33.2,39.3,25.1,54.2
2015-06-20,2015,6,20,31.3,37.8,27.2,56.3
2015-06-21,2015,6,21,27.8,32.2,23.7,64.6
2015-06-22,2015,6,22,29.6,34.4,24.8,59.4
2015-06-23,2015,6,23,28.8,34.3,24.1,66.6
2015-06-24,2015,6,24,26.1,29.7,23.7,67.8
2015-06-25,2015,6,25,26.5,31.6,21.0,60.0
2015-06-26,2015,6,26,28.2,34.0,20.3,58.7
2015-06-27,2015,6,27,29.9,35.9,22.1,62.9
2015-06-28,2015,6,28,31.5,38.0,23.2,65.7
2015-06-29,2015,6,29,31.4,37.2,24.6,54.1
2015-06-30,2015,6,30,28.5,32.7,24.7,58.2
2015-07-01,2015,7,1,29.2,34.4,24.0,64.5
2015-07-02,2015,7,2,28.7,34.1,25.1,70.8
2015-07-03,2015,7,3,30.7,35.9,24.2,62.0
2015-07-04,2015,7,4,33.0,38.0,27.5,61.4
2015-07-05,2015,7,5,33.7,38.6,28.2,57.5
2015-07-06,2015,7,6,29.5,32.6,26.8,53.1
2015-07-07,2015,7,7,25.8,27.3,24.5,61.8
2015-07-08,2015,7,8,27.6,31.5,24.2,61.6
2015-07-09,2015,7,9,28.2,30.9,25.9,58.4
2015-07-10,2015,7,10,25.1,26.9,24.0,59.6
2015-07-11,2015,7,11,25.6,29.8,22.9,54.3
2015-07-12,2015,7,12,26.4,29.8,23.4,57.9
2015-07-13,2015,7,13,27.5,31.1,23.7,65.2
2015-07-14,2015,7,14,28.9,32.7,24.5,59.5
2015-07-15,2015,7,15,30.2,33.8,26.4,55.5
2015-07-16,2015,7,16,29.9,33.7,26.2,53.9
2015-07-17,2015,7,17,24.9,26.1,24.3,56.7
2015-07-18,2015,7,18,25.8,28.4,23.9,63.1
2015-07-19,2015,7,19,27.0,31.1,23.9,47.7
2015-07-20,2015,7,20,27.5,31.4,24.5,54.4
2015-07-21,2015,7,21,27.3,30.7,24.2,55.5
2015-07-22,2015,7,22,28.0,31.3,24.6,57.9
2015-07-23,2015,7,23,26.9,29.0,24.4,53.3
2015-07-24,2015,7,24,27.5,31.5,24.6,56.3
2015-07-25,2015,7,25,28.0,31.3,25.0,55.3
2015-07-26,2015,7,26,26.0,27.4,24.5,49.7
2015-07-27,2015,7,27,28.0,31.5,24.6,52.5
2015-07-28,2015,7,28,27.2,30.3,24.5,50.6
2015-07-29,2015,7,29,27.8,31.5,24.5,52.3
2015-07-30,2015,7,30,27.4,30.2,24.7,55.3
2015-07-31,2015,7,31,26.7,29.2,24.7,41.1
2015-08-01,2015,8,1,25.9,28.5,24.4,50.3
2015-08-02,2015,8,2,26.0,29.1,24.0,50.6
2015-08-03,2015,8,3,26.2,28.8,24.5,58.5
2015-08-04,2015,8,4,28.0,31.6,23.8,37.9
2015-08-05,2015,8,5,28.1,32.1,25.0,49.2
2015-08-06,2015,8,6,28.4,32.5,24.8,60.3
2015-08-07,2015,8,7,29.0,33.1,25.5,47.9
2015-08-08,2015,8,8,27.5,32.0,24.8,50.7
2015-08-09,2015,8,9,26.2,28.8,24.4,48.7
2015-08-10,2015,8,10,27.6,31.0,25.2,45.5
2015-08-11,2015,8,11,28.4,32.6,23.9,52.7
2015-08-12,2015,8,12,27.4,30.8,24.9,45.1
2015-08-13,2015,8,13,27.6,31.1,24.7,49.8
2015-08-14,2015,8,14,27.8,31.1,24.8,50.5
2015-08-15,2015,8,15,27.3,31.0,24.2,44.9
2015-08-16,2015,8,16,27.5,30.9,24.1,53.5
2015-08-17,2015,8,17,27.3,31.2,24.1,51.2
2015-08-18,2015,8,18,28.4,32.4,24.2,42.0
2015-08-19,2015,8,19,28.3,31.8,24.9,52.0
2015-08-20,2015,8,20,27.6,31.0,24.4,51.1
2015-08-21,2015,8,21,25.1,28.5,23.0,46.1
2015-08-22,2015,8,22,26.1,30.0,23.6,52.2
2015-08-23,2015,8,23,25.9,29.6,22.6,45.6
2015-08-24,2015,8,24,26.0,29.5,22.7,48.8
2015-08-25,2015,8,25,27.2,32.2,22.2,36.1
2015-08-26,2015,8,26,27.7,32.5,22.8,48.4
2015-08-27,2015,8,27,28.0,32.1,24.2,40.6
2015-08-28,2015,8,28,27.2,31.5,23.0,47.6
2015-08-29,2015,8,29,27.6,32.5,22.3,41.5
2015-08-30,2015,8,30,27.3,32.5,22.6,48.8
2015-08-31,2015,8,31,26.0,30.7,21.8,46.8
2015-09-01,2015,9,1,26.6,31.8,21.5,50.5
2015-09-02,2015,9,2,27.0,31.9,21.8,46.1
2015-09-03,2015,9,3,26.3,30.0,22.7,38.5
2015-09-04,2015,9,4,26.2,31.9,20.8,38.1
2015-09-05,2015,9,5,25.8,31.3,21.1,41.3
2015-09-06,2015,9,6,25.8,30.8,20.8,49.8
2015-09-07,2015,9,7,25.3,30.5,20.0,50.6
2015-09-08,2015,9,8,25.5,32.2,19.2,42.0
2015-09-09,2015,9,9,25.6,32.4,18.4,41.7
2015-09-10,2015,9,10,26.1,33.3,18.5,52.3
2015-09-11,2015,9,11,26.3,33.7,19.0,46.3
2015-09-12,2015,9,12,27.0,34.0,20.3,37.8
2015-09-13,2015,9,13,27.5,34.0,21.4,55.8
2015-09-14,2015,9,14,27.4,34.2,21.7,50.6
2015-09-15,2015,9,15,27.0,33.3,21.4,45.3
2015-09-16,2015,9,16,26.6,33.0,20.7,42.7
2015-09-17,2015,9,17,26.9,33.0,20.0,37.9
2015-09-18,2015,9,18,27.5,33.9,20.7,53.2
2015-09-19,2015,9,19,27.4,33.5,21.7,42.8
2015-09-20,2015,9,20,26.9,32.4,21.8,46.7
2015-09-21,2015,9,21,26.6,32.7,20.0,41.8
2015-09-22,2015,9,22,21.7,25.3,19.1,56.5
2015-09-23,2015,9,23,21.4,24.5,18.7,36.7
2015-09-24,2015,9,24,23.2,28.4,18.2,48.9
2015-09-25,2015,9,25,24.2,29.1,19.2,52.4
2015-09-26,2015,9,26,23.9,28.3,20.3,43.3
2015-09-27,2015,9,27,22.9,28.6,18.0,47.3
2015-09-28,2015,9,28,22.8,29.0,17.2,39.8
2015-09-29,2015,9,29,22.9,28.2,17.6,44.7
2015-09-30,2015,9,30,22.9,29.9,17.1,48.2
2015-10-01,2015,10,1,23.3,30.7,17.0,45.9
2015-10-02,2015,10,2,23.3,30.7,16.7,46.2
2015-10-03,2015,10,3,23.7,31.0,17.0,51.4
2015-10-04,2015,10,4,24.1,30.6,18.0,40.3
2015-10-05,2015,10,5,24.2,31.1,17.8,41.7
2015-10-06,2015,10,6,24.0,30.6,17.7,47.3
2015-10-07,2015,10,7,23.7,30.9,17.1,48.7
2015-10-08,2015,10,8,24.1,31.4,17.7,43.2
2015-10-09,2015,10,9,24.2,31.4,17.8,39.8
2015-10-10,2015,10,10,25.1,31.1,19.8,42.4
2015-10-11,2015,10,11,25.5,31.4,19.9,41.6
2015-10-12,2015,10,12,25.6,31.0,21.2,48.3
2015-10-13,2015,10,13,24.5,30.5,20.3,45.4
2015-10-14,2015,10,14,22.8,26.7,20.0,45.7
2015-10-15,2015,10,15,22.9,28.2,17.9,41.6
2015-10-16,2015,10,16,22.7,28.5,16.8,39.8
2015-10-17,2015,10,17,23.1,29.0,18.2,47.3
2015-10-18,2015,10,18,22.7,28.3,17.4,47.8
2015-10-19,2015,10,19,19.1,22.6,16.1,38.6
2015-10-20,2015,10,20,19.3,25.0,14.9,56.7
2015-10-21,2015,10,21,19.5,26.2,13.3,47.4
2015-10-22,2015,10,22,19.2,26.4,12.6,48.9
2015-10-23,2015,10,23,19.4,26.5,12.9,56.3
2015-10-24,2015,10,24,18.7,23.3,15.9,48.7
2015-10-25,2015,10,25,16.3,18.0,15.0,39.8
2015-10-26,2015,10,26,15.7,19.9,13.2,51.3
2015-10-27,2015,10,27,16.2,22.8,10.9,45.8
2015-10-28,2015,10,28,16.7,23.9,10.5,45.5
2015-10-29,2015,10,29,16.1,23.4,9.9,39.2
2015-10-30,2015,10,30,16.7,22.9,11.8,51.2
2015-10-31,2015,10,31,17.2,23.8,11.6,41.8
2015-11-01,2015,11,1,18.0,24.0,12.9,53.5
2015-11-02,2015,11,2,19.3,24.4,14.9,51.7
2015-11-03,2015,11,3,18.1,21.3,15.7,40.5
2015-11-04,2015,11,4,15.9,17.4,14.2,49.7
2015-11-05,2015,11,5,15.8,20.9,12.1,38.8
2015-11-06,2015,11,6,15.6,22.0,10.0,43.8
2015-11-07,2015,11,7,15.6,22.2,9.7,42.3
2015-11-08,2015,11,8,16.4,22.5,10.1,48.2
2015-11-09,2015,11,9,15.6,19.5,12.9,44.6
2015-11-10,2015,11,10,14.2,17.8,11.6,49.1
2015-11-11,2015,11,11,15.1,20.5,10.5,52.1
2015-11-12,2015,11,12,15.5,20.8,10.5,54.0
2015-11-13,2015,11,13,16.8,21.0,13.1,42.8
2015-11-14,2015,11,14,15.9,22.3,10.7,54.7
2015-11-15,2015,11,15,15.5,21.9,10.0,49.4
2015-11-16,2015,11,16,14.9,21.4,9.5,46.5
2015-11-17,2015,11,17,14.1,21.9,7.7,50.7
2015-11-18,2015,11,18,14.4,22.5,7.8,58.9
2015-11-19,2015,11,19,14.9,22.4,9.0,54.0
2015-11-20,2015,11,20,14.9,21.9,9.3,54.0
2015-11-21,2015,11,21,14.7,22.3,8.7,52.3
2015-11-22,2015,11,22,14.5,21.0,9.7,53.5
2015-11-23,2015,11,23,14.6,21.4,8.9,53.5
2015-11-24,2015,11,24,14.8,21.2,9.1,52.6
2015-11-25,2015,11,25,14.6,20.2,10.5,47.4
2015-11-26,2015,11,26,14.0,20.0,9.7,59.3
2015-11-27,2015,11,27,12.8,20.0,6.6,52.2
2015-11-28,2015,11,28,13.6,21.2,7.7,59.4
2015-11-29,2015,11,29,14.0,21.2,8.1,49.9
2015-11-30,2015,11,30,14.8,22.2,9.0,49.4
2015-12-01,2015,12,1,14.0,21.2,8.2,48.1
2015-12-02,2015,12,2,13.7,21.2,7.8,55.9
2015-12-03,2015,12,3,13.6,21.6,7.6,54.3
2015-12-04,2015,12,4,14.0,21.7,7.6,52.6
2015-12-05,2015,12,5,14.7,21.5,9.5,61.1
2015-12-06,2015,12,6,15.4,22.1,10.2,69.0
2015-12-07,2015,12,7,14.5,20.6,9.3,51.7
2015-12-08,2015,12,8,14.7,20.6,9.5,59.7
2015-12-09,2015,12,9,13.4,17.7,10.3,55.7
2015-12-10,2015,12,10,12.9,15.4,10.9,58.6
2015-12-11,2015,12,11,9.8,13.7,6.7,61.9
2015-12-12,2015,12,12,9.6,16.4,4.6,62.2
2015-12-13,2015,12,13,9.2,16.4,3.1,56.0
2015-12-14,2015,12,14,9.1,16.3,3.8,53.4
2015-12-15,2015,12,15,8.5,16.6,2.2,58.6
2015-12-16,2015,12,16,8.6,16.0,2.5,61.2
2015-12-17,2015,12,17,9.6,15.7,5.2,61.4
2015-12-18,2015,12,18,8.6,15.9,3.1,53.4
2015-12-19,2015,12,19,8.4,15.6,2.3,67.5
2015-12-20,2015,12,20,9.4,15.8,4.2,49.8
2015-12-21,2015,12,21,8.9,15.7,2.4,61.7
2015-12-22,2015,12,22,9.0,14.2,6.2,62.5
2015-12-23,2015,12,23,8.1,12.5,4.9,60.0
2015-12-24,2015,12,24,7.0,14.5,1.3,60.9
2015-12-25,2015,12,25,7.4,15.6,1.4,55.7
2015-12-26,2015,12,26,9.1,14.4,3.7,62.7
2015-12-27,2015,12,27,10.6,18.3,4.6,47.5
2015-12-28,2015,12,28,11.6,19.2,6.0,65.0
2015-12-29,2015,12,29,11.4,19.1,6.0,51.8
2015-12-30,2015,12,30,10.8,18.7,5.0,60.9
2015-12-31,2015,12,31,10.9,19.4,4.2,56.1
2016-01-01,2016,1,1,11.3,18.8,6.5,64.9
2016-01-02,2016,1,2,10.5,18.0,4.7,62.3
2016-01-03,2016,1,3,11.7,19.4,5.4,56.7
2016-01-04,2016,1,4,12.8,16.9,9.4,62.7
2016-01-05,2016,1,5,12.1,17.9,7.8,61.9
2016-01-06,2016,1,6,11.1,17.4,5.9,62.1
2016-01-07,2016,1,7,11.3,18.2,5.7,60.0
2016-01-08,2016,1,8,11.3,16.6,7.4,64.0
2016-01-09,2016,1,9,10.0,17.0,4.6,63.0
2016-01-10,2016,1,10,10.3,18.2,3.8,66.9
2016-01-11,2016,1,11,10.6,17.8,4.8,62.7
2016-01-12,2016,1,12,9.4,13.0,6.3,65.8
2016-01-13,2016,1,13,10.3,16.6,5.0,67.3
2016-01-14,2016,1,14,10.1,16.1,5.3,57.7
2016-01-15,2016,1,15,10.3,16.7,4.8,65.2
2016-01-16,2016,1,16,10.0,17.0,3.8,66.0
2016-01-17,2016,1,17,9.6,16.4,3.8,58.8
2016-01-18,2016,1,18,9.7,15.4,4.9,61.2
2016-01-19,2016,1,19,9.6,16.4,4.1,62.2
2016-01-20,2016,1,20,7.8,14.9,2.2,60.9
2016-01-21,2016,1,21,7.7,14.5,2.1,66.7
2016-01-22,2016,1,22,7.9,14.3,1.8,69.8
2016-01-23,2016,1,23,8.3,14.8,2.9,75.6
2016-01-24,2016,1,24,7.8,14.6,1.8,67.3
2016-01-25,2016,1,25,8.2,13.9,2.6,70.0
2016-01-26,2016,1,26,9.9,14.2,6.9,67.5
2016-01-27,2016,1,27,11.5,17.8,6.8,69.4
2016-01-28,2016,1,28,11.6,17.8,5.7,62.3
2016-01-29,2016,1,29,12.2,14.1,10.9,66.7
2016-01-30,2016,1,30,12.0,15.8,8.3,74.3
2016-01-31,2016,1,31,10.7,16.7,6.2,56.8
2016-02-01,2016,2,1,10.7,17.9,4.7,72.2
2016-02-02,2016,2,2,10.5,17.7,4.4,60.2
2016-02-03,2016,2,3,10.6,17.8,4.8,64.2
2016-02-04,2016,2,4,11.0,18.8,4.7,64.8
2016-02-05,2016,2,5,11.7,19.8,4.6,67.7
2016-02-06,2016,2,6,12.5,18.2,7.3,66.4
2016-02-07,2016,2,7,13.0,17.8,8.8,73.1
2016-02-08,2016,2,8,12.2,18.7,6.5,61.2
2016-02-09,2016,2,9,12.8,19.2,6.8,79.2
2016-02-10,2016,2,10,11.0,16.1,7.3,66.3
2016-02-11,2016,2,11,8.4,10.0,6.7,77.4
2016-02-12,2016,2,12,9.4,16.1,3.0,63.8
2016-02-13,2016,2,13,10.5,17.3,3.6,72.9
2016-02-14,2016,2,14,10.4,17.4,3.6,69.5
2016-02-15,2016,2,15,10.7,17.6,4.3,71.5
2016-02-16,2016,2,16,11.8,19.4,5.1,67.3
2016-02-17,2016,2,17,12.5,20.4,5.0,78.3
2016-02-18,2016,2,18,13.2,21.8,5.7,63.4
2016-02-19,2016,2,19,12.9,20.6,7.7,58.6
2016-02-20,2016,2,20,14.1,19.9,9.6,76.8
2016-02-21,2016,2,21,13.6,21.2,6.6,71.1
2016-02-22,2016,2,22,14.4,22.2,7.0,71.9
2016-02-23,2016,2,23,15.7,25.7,8.4,77.2
2016-02-24,2016,2,24,15.2,23.3,7.8,80.3
2016-02-25,2016,2,25,16.0,23.7,9.2,70.2
2016-02-26,2016,2,26,16.0,23.5,9.0,75.5
2016-02-27,2016,2,27,15.6,23.7,8.0,75.5
2016-02-28,2016,2,28,16.1,24.3,8.3,76.4
2016-02-29,2016,2,29,16.7,24.1,9.4,79.8
2016-03-01,2016,3,1,16.5,24.1,9.7,76.6
2016-03-02,2016,3,2,17.0,23.7,10.1,79.3
2016-03-03,2016,3,3,18.5,24.2,14.3,81.3
2016-03-04,2016,3,4,18.0,24.6,10.9,66.2
2016-03-05,2016,3,5,15.4,17.9,12.8,71.1
2016-03-06,2016,3,6,14.3,18.7,11.1,63.4
2016-03-07,2016,3,7,15.8,22.3,9.1,73.3
2016-03-08,2016,3,8,17.1,24.4,9.8,75.2
2016-03-09,2016,3,9,17.5,24.5,10.6,72.0
2016-03-10,2016,3,10,18.4,24.7,11.7,69.5
2016-03-11,2016,3,11,15.6,17.2,13.8,69.2
2016-03-12,2016,3,12,14.4,15.1,13.6,73.4
2016-03-13,2016,3,13,14.1,16.4,12.6,74.8
2016-03-14,2016,3,14,14.1,19.5,10.7,70.9
2016-03-15,2016,3,15,14.3,20.2,8.7,73.5
2016-03-16,2016,3,16,15.6,22.1,10.1,80.7
2016-03-17,2016,3,17,14.8,17.7,12.6,73.3
2016-03-18,2016,3,18,15.4,18.8,13.0,72.0
2016-03-19,2016,3,19,15.7,19.8,13.4,68.6
2016-03-20,2016,3,20,15.8,19.6,11.9,75.2
2016-03-21,2016,3,21,15.5,21.3,9.4,79.8
2016-03-22,2016,3,22,16.9,25.1,9.3,69.1
2016-03-23,2016,3,23,17.9,26.2,10.8,70.9
2016-03-24,2016,3,24,17.2,22.2,13.1,79.3
2016-03-25,2016,3,25,17.7,22.5,14.1,69.6
2016-03-26,2016,3,26,17.3,22.5,12.5,80.0
2016-03-27,2016,3,27,18.9,26.4,11.3,82.0
2016-03-28,2016,3,28,19.9,26.4,13.4,68.5
2016-03-29,2016,3,29,20.4,26.7,14.0,71.3
2016-03-30,2016,3,30,20.9,27.7,14.3,68.8
2016-03-31,2016,3,31,20.2,24.6,16.4,74.9
2016-04-01,2016,4,1,19.8,25.0,14.6,77.1
2016-04-02,2016,4,2,19.8,22.8,17.7,87.6
2016-04-03,2016,4,3,19.1,21.6,16.0,90.3
2016-04-04,2016,4,4,19.7,25.9,13.9,83.4
2016-04-05,2016,4,5,20.7,26.1,16.5,71.9
2016-04-06,2016,4,6,19.3,24.4,15.3,79.8
2016-04-07,2016,4,7,19.1,25.6,12.1,75.9
2016-04-08,2016,4,8,19.1,26.2,12.5,70.3
2016-04-09,2016,4,9,18.4,22.3,15.7,73.5
2016-04-10,2016,4,10,19.5,25.2,13.1,75.9
2016-04-11,2016,4,11,18.6,22.7,15.3,80.2
2016-04-12,2016,4,12,20.0,26.6,12.9,79.0
2016-04-13,2016,4,13,21.2,27.7,14.4,83.5
2016-04-14,2016,4,14,22.1,29.8,13.9,66.3
2016-04-15,2016,4,15,23.7,30.8,17.0,68.1
2016-04-16,2016,4,16,24.4,31.6,16.2,76.6
2016-04-17,2016,4,17,23.6,28.6,18.9,73.8
2016-04-18,2016,4,18,23.2,29.7,16.9,71.9
2016-04-19,2016,4,19,21.6,26.6,17.3,63.0
2016-04-20,2016,4,20,22.9,29.2,16.7,81.4
2016-04-21,2016,4,21,22.8,29.7,16.6,70.8
2016-04-22,2016,4,22,21.1,26.6,16.0,71.5
2016-04-23,2016,4,23,20.4,27.3,13.3,72.1
2016-04-24,2016,4,24,21.1,27.8,13.8,74.0
2016-04-25,2016,4,25,22.2,29.8,13.4,79.3
2016-04-26,2016,4,26,23.2,30.5,16.3,65.9
2016-04-27,2016,4,27,24.0,30.0,18.2,77.3
2016-04-28,2016,4,28,23.5,30.8,15.7,60.7
2016-04-29,2016,4,29,24.3,32.4,15.5,67.3
2016-04-30,2016,4,30,25.6,34.1,16.3,72.5
2016-05-01,2016,5,1,27.0,35.3,18.1,74.6
2016-05-02,2016,5,2,28.4,37.0,19.1,68.3
2016-05-03,2016,5,3,25.4,29.5,22.7,61.9
2016-05-04,2016,5,4,23.4,27.4,20.1,66.4
2016-05-05,2016,5,5,24.1,30.0,18.8,73.3
2016-05-06,2016,5,6,25.2,31.4,17.7,74.4
2016-05-07,2016,5,7,26.5,33.2,19.0,78.2
2016-05-08,2016,5,8,28.1,35.4,19.8,74.6
2016-05-09,2016,5,9,29.0,35.7,21.9,65.9
2016-05-10,2016,5,10,29.0,35.7,22.0,70.8
2016-05-11,2016,5,11,28.6,33.3,24.5,81.9
2016-05-12,2016,5,12,26.9,32.0,22.1,74.2
2016-05-13,2016,5,13,27.1,33.0,20.4,70.6
2016-05-14,2016,5,14,27.4,33.9,20.4,61.8
2016-05-15,2016,5,15,27.7,34.0,20.4,63.0
2016-05-16,2016,5,16,28.8,35.2,21.8,66.1
2016-05-17,2016,5,17,29.8,36.9,21.8,70.8
2016-05-18,2016,5,18,30.7,38.3,22.3,69.9
2016-05-19,2016,5,19,31.2,39.1,22.1,72.7
2016-05-20,2016,5,20,31.6,39.2,22.8,66.0
2016-05-21,2016,5,21,32.2,40.3,22.5,73.4
2016-05-22,2016,5,22,33.1,40.1,24.3,65.1
2016-05-23,2016,5,23,31.6,37.2,26.0,65.3
2016-05-24,2016,5,24,26.6,30.8,22.9,69.8
2016-05-25,2016,5,25,26.9,32.3,20.9,68.6
2016-05-26,2016,5,26,28.1,35.0,20.1,72.0
2016-05-27,2016,5,27,29.6,36.2,20.7,68.6
2016-05-28,2016,5,28,30.0,36.9,22.9,56.8
2016-05-29,2016,5,29,29.6,35.7,22.0,70.7
2016-05-30,2016,5,30,29.1,34.9,22.8,58.7
2016-05-31,2016,5,31,29.7,35.7,21.8,64.6
2016-06-01,2016,6,1,30.9,38.0,22.3,63.1
2016-06-02,2016,6,2,31.4,36.6,26.3,69.1
2016-06-03,2016,6,3,31.6,37.5,25.5,65.5
2016-06-04,2016,6,4,32.1,38.2,25.1,62.3
2016-06-05,2016,6,5,32.6,39.2,24.4,56.4
2016-06-06,2016,6,6,32.5,39.4,24.0,70.8
2016-06-07,2016,6,7,32.2,38.6,25.5,62.3
2016-06-08,2016,6,8,31.9,38.8,24.1,64.3
2016-06-09,2016,6,9,32.5,38.2,25.7,63.0
2016-06-10,2016,6,10,32.7,38.3,26.5,64.0
2016-06-11,2016,6,11,30.9,35.8,25.1,55.8
2016-06-12,2016,6,12,31.5,36.7,26.2,71.2
2016-06-13,2016,6,13,31.5,36.1,25.3,53.7
2016-06-14,2016,6,14,33.1,38.8,26.3,69.0
2016-06-15,2016,6,15,32.6,38.5,28.3,62.7
2016-06-16,2016,6,16,28.8,33.1,24.0,59.8
2016-06-17,2016,6,17,29.9,34.2,25.2,62.8
2016-06-18,2016,6,18,30.8,36.2,24.8,63.9
2016-06-19,2016,6,19,31.6,36.3,26.8,65.9
2016-06-20,2016,6,20,31.5,36.1,27.6,57.0
2016-06-21,2016,6,21,30.0,34.3,24.8,64.6
2016-06-22,2016,6,22,27.6,31.2,23.9,55.9
2016-06-23,2016,6,23,29.4,34.2,24.9,58.8
2016-06-24,2016,6,24,30.5,36.2,23.8,58.0
2016-06-25,2016,6,25,31.6,37.6,24.3,57.7
2016-06-26,2016,6,26,31.5,36.5,26.4,64.2
2016-06-27,2016,6,27,31.3,36.5,26.5,51.7
2016-06-28,2016,6,28,29.4,34.1,25.7,54.7
2016-06-29,2016,6,29,31.6,36.6,26.0,64.1
2016-06-30,2016,6,30,32.8,38.0,27.4,67.0
2016-07-01,2016,7,1,33.5,38.4,28.3,60.0
2016-07-02,2016,7,2,28.9,32.5,25.8,61.2
2016-07-03,2016,7,3,25.5,27.7,24.2,59.1
2016-07-04,2016,7,4,28.7,32.9,24.4,54.9
2016-07-05,2016,7,5,30.3,34.5,25.5,61.1
2016-07-06,2016,7,6,29.4,33.9,24.4,60.0
2016-07-07,2016,7,7,29.9,33.9,26.2,60.1
2016-07-08,2016,7,8,31.1,36.7,25.2,62.5
2016-07-09,2016,7,9,28.6,31.3,25.2,64.4
2016-07-10,2016,7,10,30.0,34.9,24.6,58.8
2016-07-11,2016,7,11,30.4,35.0,26.6,60.2
2016-07-12,2016,7,12,29.6,34.1,25.8,52.8
2016-07-13,2016,7,13,29.4,32.8,25.9,50.4
2016-07-14,2016,7,14,29.5,32.6,26.1,56.6
2016-07-15,2016,7,15,29.6,33.7,25.7,50.5
2016-07-16,2016,7,16,28.6,33.0,25.1,50.3
2016-07-17,2016,7,17,27.9,31.7,24.4,57.1
2016-07-18,2016,7,18,27.1,30.5,23.6,51.7
2016-07-19,2016,7,19,28.1,32.6,23.1,59.8
2016-07-20,2016,7,20,29.8,35.2,23.9,51.1
2016-07-21,2016,7,21,30.7,35.8,25.3,62.4
2016-07-22,2016,7,22,29.9,33.6,26.0,51.1
2016-07-23,2016,7,23,28.9,32.8,25.9,52.2
2016-07-24,2016,7,24,28.7,33.2,24.9,42.8
2016-07-25,2016,7,25,29.8,33.5,25.7,45.3
2016-07-26,2016,7,26,29.2,33.6,25.0,53.8
2016-07-27,2016,7,27,26.0,28.7,24.1,56.9
2016-07-28,2016,7,28,26.9,30.3,23.7,53.9
2016-07-29,2016,7,29,28.0,31.4,24.2,48.5
2016-07-30,2016,7,30,27.2,30.0,24.3,47.6
2016-07-31,2016,7,31,27.3,31.7,24.2,61.1
2016-08-01,2016,8,1,28.7,33.0,24.6,47.5
2016-08-02,2016,8,2,27.4,30.3,25.0,51.2
2016-08-03,2016,8,3,27.9,31.8,24.0,54.2
2016-08-04,2016,8,4,29.7,34.5,24.4,49.1
2016-08-05,2016,8,5,30.9,35.3,26.3,43.1
2016-08-06,2016,8,6,29.6,34.5,26.7,50.9
2016-08-07,2016,8,7,25.6,28.1,24.1,51.2
2016-08-08,2016,8,8,26.7,29.7,24.5,54.1
2016-08-09,2016,8,9,27.6,31.0,24.1,56.5
2016-08-10,2016,8,10,27.5,30.5,24.7,49.6
2016-08-11,2016,8,11,27.4,31.8,23.8,46.4
2016-08-12,2016,8,12,27.8,31.8,24.0,45.3
2016-08-13,2016,8,13,28.8,33.1,24.2,46.6
2016-08-14,2016,8,14,29.1,33.3,25.0,49.5
2016-08-15,2016,8,15,28.0,33.1,23.1,52.8
2016-08-16,2016,8,16,29.0,34.6,23.1,45.9
2016-08-17,2016,8,17,29.2,34.9,24.6,39.0
2016-08-18,2016,8,18,29.0,34.5,23.4,53.3
2016-08-19,2016,8,19,30.6,36.8,23.5,45.4
2016-08-20,2016,8,20,30.9,37.0,24.5,50.1
2016-08-21,2016,8,21,30.7,36.3,25.6,48.7
2016-08-22,2016,8,22,30.7,36.0,24.7,44.8
2016-08-23,2016,8,23,31.2,36.6,26.2,55.2
2016-08-24,2016,8,24,30.2,36.4,25.5,56.8
2016-08-25,2016,8,25,28.0,32.8,23.9,47.7
2016-08-26,2016,8,26,29.5,33.6,25.1,42.2
2016-08-27,2016,8,27,26.8,29.0,24.5,46.3
2016-08-28,2016,8,28,27.0,31.3,23.9,46.5
2016-08-29,2016,8,29,27.9,32.6,23.5,46.2
2016-08-30,2016,8,30,27.2,31.5,22.5,48.5
2016-08-31,2016,8,31,27.1,32.5,21.9,46.9
2016-09-01,2016,9,1,27.2,31.5,23.5,42.4
2016-09-02,2016,9,2,26.7,31.6,21.6,50.5
2016-09-03,2016,9,3,27.6,33.7,20.8,50.7
2016-09-04,2016,9,4,28.8,34.5,23.4,41.7
2016-09-05,2016,9,5,29.3,34.7,24.4,46.7
2016-09-06,2016,9,6,27.7,33.1,23.1,39.8
2016-09-07,2016,9,7,28.9,34.2,23.2,45.3
2016-09-08,2016,9,8,29.8,35.8,23.8,38.7
2016-09-09,2016,9,9,30.3,36.0,24.3,52.4
2016-09-10,2016,9,10,29.5,34.4,25.8,50.2
2016-09-11,2016,9,11,28.7,33.7,24.9,42.6
2016-09-12,2016,9,12,26.4,31.0,21.9,48.7
2016-09-13,2016,9,13,27.0,32.7,23.0,44.1
2016-09-14,2016,9,14,26.6,31.2,22.7,37.3
2016-09-15,2016,9,15,27.2,33.1,21.0,45.8
2016-09-16,2016,9,16,28.2,34.4,21.8,48.5
2016-09-17,2016,9,17,28.4,34.8,22.3,37.5
2016-09-18,2016,9,18,29.3,35.0,24.3,43.7
2016-09-19,2016,9,19,29.5,35.2,24.4,38.6
2016-09-20,2016,9,20,29.5,34.6,24.2,47.8
2016-09-21,2016,9,21,28.7,33.1,25.2,43.8
2016-09-22,2016,9,22,26.6,32.6,22.9,43.1
2016-09-23,2016,9,23,25.2,30.3,22.1,52.0
2016-09-24,2016,9,24,26.1,30.9,22.0,38.5
2016-09-25,2016,9,25,26.9,31.8,22.5,46.4
2016-09-26,2016,9,26,26.7,32.3,21.4,46.8
2016-09-27,2016,9,27,27.3,32.4,22.4,48.5
2016-09-28,2016,9,28,27.8,33.4,22.5,47.3
2016-09-29,2016,9,29,28.2,32.9,23.9,50.3
2016-09-30,2016,9,30,28.6,34.3,23.1,49.6
2016-10-01,2016,10,1,29.0,35.1,22.9,49.8
2016-10-02,2016,10,2,29.0,34.9,24.3,50.2
2016-10-03,2016,10,3,28.9,35.0,23.1,39.4
2016-10-04,2016,10,4,27.9,34.5,22.1,48.2
2016-10-05,2016,10,5,26.9,32.4,22.8,49.5
2016-10-06,2016,10,6,25.4,31.9,20.3,36.4
2016-10-07,2016,10,7,26.0,32.1,19.7,48.3
2016-10-08,2016,10,8,24.8,31.4,18.5,39.2
2016-10-09,2016,10,9,24.4,32.1,17.3,57.1
2016-10-10,2016,10,10,24.4,32.2,16.6,42.0
2016-10-11,2016,10,11,24.4,32.2,16.5,39.3
2016-10-12,2016,10,12,24.3,31.6,18.1,43.1
2016-10-13,2016,10,13,24.7,32.1,17.6,46.7
2016-10-14,2016,10,14,24.2,32.0,17.1,42.1
2016-10-15,2016,10,15,24.3,32.3,17.0,43.0
2016-10-16,2016,10,16,24.3,31.5,17.1,42.8
2016-10-17,2016,10,17,23.9,31.0,16.9,35.7
2016-10-18,2016,10,18,24.0,31.3,16.8,44.3
2016-10-19,2016,10,19,24.3,30.9,17.7,47.2
2016-10-20,2016,10,20,23.7,30.8,17.0,49.5
2016-10-21,2016,10,21,23.5,29.6,17.4,38.3
2016-10-22,2016,10,22,22.9,29.9,16.3,47.2
2016-10-23,2016,10,23,22.7,29.9,16.4,44.6
2016-10-24,2016,10,24,22.0,29.3,15.4,43.8
2016-10-25,2016,10,25,21.8,29.2,14.7,46.0
2016-10-26,2016,10,26,21.7,29.1,15.5,53.9
2016-10-27,2016,10,27,21.0,29.2,13.6,52.2
2016-10-28,2016,10,28,21.0,28.8,14.5,48.4
2016-10-29,2016,10,29,21.5,28.1,15.4,45.3
2016-10-30,2016,10,30,21.1,27.1,15.9,45.5
2016-10-31,2016,10,31,20.6,27.7,14.4,46.3
2016-11-01,2016,11,1,20.9,28.2,14.4,50.1
2016-11-02,2016,11,2,20.8,27.4,15.0,47.9
2016-11-03,2016,11,3,20.8,27.2,14.4,51.1
2016-11-04,2016,11,4,20.0,25.0,16.8,48.6
2016-11-05,2016,11,5,19.3,26.4,12.6,40.8
2016-11-06,2016,11,6,19.3,26.6,12.6,46.4
2016-11-07,2016,11,7,18.6,26.1,12.7,51.8
2016-11-08,2016,11,8,18.9,27.1,12.2,58.3
2016-11-09,2016,11,9,19.1,27.4,12.2,41.4
2016-11-10,2016,11,10,19.2,26.5,13.0,59.1
2016-11-11,2016,11,11,18.6,25.2,12.1,53.8
2016-11-12,2016,11,12,17.0,22.1,12.9,54.6
2016-11-13,2016,11,13,17.3,25.0,10.8,39.9
2016-11-14,2016,11,14,17.0,25.0,10.2,41.2
2016-11-15,2016,11,15,16.5,24.2,9.8,49.0
2016-11-16,2016,11,16,16.7,24.6,9.9,50.9
2016-11-17,2016,11,17,17.3,25.5,10.5,54.1
2016-11-18,2016,11,18,17.8,26.0,11.2,52.3
2016-11-19,2016,11,19,17.7,25.7,10.7,48.6
2016-11-20,2016,11,20,17.7,23.3,13.2,50.7
2016-11-21,2016,11,21,17.8,22.9,14.4,47.8
2016-11-22,2016,11,22,17.3,23.8,12.2,57.6
2016-11-23,2016,11,23,17.4,23.5,11.4,52.2
2016-11-24,2016,11,24,16.6,23.3,11.1,49.4
2016-11-25,2016,11,25,17.1,23.3,11.5,51.7
2016-11-26,2016,11,26,17.5,24.4,13.2,62.6
2016-11-27,2016,11,27,16.6,24.3,10.5,49.5
2016-11-28,2016,11,28,16.5,24.6,10.4,48.6
2016-11-29,2016,11,29,16.5,23.9,10.7,42.8
2016-11-30,2016,11,30,17.3,23.9,12.8,58.9
2016-12-01,2016,12,1,16.3,23.9,10.7,58.1
2016-12-02,2016,12,2,15.7,23.9,9.0,53.2
2016-12-03,2016,12,3,15.5,23.7,8.7,58.9
2016-12-04,2016,12,4,15.6,23.1,9.4,65.4
2016-12-05,2016,12,5,15.7,23.7,9.6,52.2
2016-12-06,2016,12,6,16.3,24.0,10.5,50.5
2016-12-07,2016,12,7,16.7,24.3,11.2,50.4
2016-12-08,2016,12,8,15.6,22.7,9.9,52.3
2016-12-09,2016,12,9,15.1,21.9,9.8,54.6
2016-12-10,2016,12,10,15.0,21.5,10.5,58.4
2016-12-11,2016,12,11,14.7,20.5,9.7,50.8
2016-12-12,2016,12,12,12.9,18.1,9.0,53.5
2016-12-13,2016,12,13,12.9,19.2,8.6,59.1
2016-12-14,2016,12,14,12.7,20.1,6.8,61.9
2016-12-15,2016,12,15,13.3,20.7,8.5,54.1
2016-12-16,2016,12,16,12.4,20.1,7.1,57.1
2016-12-17,2016,12,17,12.0,19.9,6.0,51.5
2016-12-18,2016,12,18,12.7,20.8,6.9,57.9
2016-12-19,2016,12,19,12.9,20.8,7.1,65.7
2016-12-20,2016,12,20,13.7,21.8,8.1,64.6
2016-12-21,2016,12,21,14.0,22.5,7.1,56.2
2016-12-22,2016,12,22,14.2,23.0,7.8,61.1
2016-12-23,2016,12,23,13.8,21.7,7.7,58.0
2016-12-24,2016,12,24,12.2,19.1,7.2,61.5
2016-12-25,2016,12,25,11.7,19.0,5.8,56.6
2016-12-26,2016,12,26,11.7,19.7,5.2,56.1
2016-12-27,2016,12,27,12.6,21.1,6.2,63.9
2016-12-28,2016,12,28,14.0,22.3,7.6,59.6
2016-12-29,2016,12,29,14.5,21.5,9.1,63.0
2016-12-30,2016,12,30,14.3,19.7,10.8,71.7
2016-12-31,2016,12,31,13.6,20.0,8.8,53.2
2017-01-01,2017,1,1,13.6,20.1,8.7,61.5
2017-01-02,2017,1,2,13.9,20.3,8.9,58.7
2017-01-03,2017,1,3,13.3,16.2,10.7,56.0
2017-01-04,2017,1,4,11.2,12.9,9.7,67.4
2017-01-05,2017,1,5,11.4,15.0,8.8,62.5
2017-01-06,2017,1,6,10.0,11.6,8.3,55.3
2017-01-07,2017,1,7,9.1,12.0,6.6,52.4
2017-01-08,2017,1,8,7.8,12.5,4.6,57.7
2017-01-09,2017,1,9,7.8,12.6,4.1,63.5
2017-01-10,2017,1,10,8.1,13.5,4.7,67.8
2017-01-11,2017,1,11,7.1,13.6,3.0,70.6
2017-01-12,2017,1,12,7.9,14.1,2.9,60.1
2017-01-13,2017,1,13,8.3,13.3,5.0,61.2
2017-01-14,2017,1,14,8.2,12.8,3.8,62.1
2017-01-15,2017,1,15,9.2,14.9,5.7,61.9
2017-01-16,2017,1,16,8.3,11.3,5.4,60.8
2017-01-17,2017,1,17,8.4,11.5,5.4,66.3
2017-01-18,2017,1,18,7.8,10.8,5.4,66.0
2017-01-19,2017,1,19,8.8,15.0,3.7,70.4
2017-01-20,2017,1,20,10.8,16.3,6.5,63.3
2017-01-21,2017,1,21,11.6,16.9,8.4,65.5
2017-01-22,2017,1,22,12.9,18.7,7.9,66.9
2017-01-23,2017,1,23,12.3,17.3,8.1,63.9
2017-01-24,2017,1,24,11.3,13.0,10.1,60.9
2017-01-25,2017,1,25,11.4,13.2,10.2,73.6
2017-01-26,2017,1,26,10.9,12.9,8.6,70.6
2017-01-27,2017,1,27,12.4,16.7,9.4,59.1
2017-01-28,2017,1,28,11.8,16.3,8.3,70.8
2017-01-29,2017,1,29,12.7,17.1,9.5,70.7
2017-01-30,2017,1,30,11.9,16.1,8.0,69.0
2017-01-31,2017,1,31,12.2,17.2,8.2,70.4
2017-02-01,2017,2,1,12.3,19.0,7.3,64.0
2017-02-02,2017,2,2,12.7,18.7,8.4,73.3
2017-02-03,2017,2,3,12.7,17.0,9.8,67.4
2017-02-04,2017,2,4,12.0,14.5,10.3,62.8
2017-02-05,2017,2,5,11.7,14.2,9.1,70.4
2017-02-06,2017,2,6,11.5,16.5,7.2,68.1
2017-02-07,2017,2,7,12.5,17.9,7.6,66.9
2017-02-08,2017,2,8,12.8,17.4,8.6,68.4
2017-02-09,2017,2,9,12.4,17.9,7.0,75.4
2017-02-10,2017,2,10,12.5,18.3,8.1,73.9
2017-02-11,2017,2,11,12.1,18.6,6.9,67.0
2017-02-12,2017,2,12,13.3,19.9,7.9,76.3
2017-02-13,2017,2,13,15.0,21.0,9.0,62.1
2017-02-14,2017,2,14,15.2,21.2,11.6,71.7
2017-02-15,2017,2,15,14.7,19.4,10.9,75.5
2017-02-16,2017,2,16,16.6,22.3,11.9,62.9
2017-02-17,2017,2,17,17.8,23.2,12.9,68.1
2017-02-18,2017,2,18,17.8,21.6,15.0,71.9
2017-02-19,2017,2,19,16.2,19.9,13.9,81.4
2017-02-20,2017,2,20,15.0,18.9,11.0,65.0
2017-02-21,2017,2,21,13.2,19.3,8.8,65.6
2017-02-22,2017,2,22,13.7,19.9,7.9,66.8
2017-02-23,2017,2,23,13.8,19.4,9.8,72.8
2017-02-24,2017,2,24,14.1,20.2,9.1,68.7
2017-02-25,2017,2,25,15.5,21.1,11.1,72.0
2017-02-26,2017,2,26,14.8,21.9,9.2,78.9
2017-02-27,2017,2,27,16.2,22.9,10.0,73.5
2017-02-28,2017,2,28,16.2,21.4,12.4,82.9
2017-03-01,2017,3,1,13.9,18.6,10.3,82.3
2017-03-02,2017,3,2,13.8,19.7,9.6,65.5
2017-03-03,2017,3,3,14.1,20.3,8.7,79.2
2017-03-04,2017,3,4,14.7,20.6,9.9,74.8
2017-03-05,2017,3,5,15.0,21.2,9.4,77.9
2017-03-06,2017,3,6,15.8,22.4,9.0,72.9
2017-03-07,2017,3,7,13.9,16.9,10.5,73.4
2017-03-08,2017,3,8,12.5,16.1,9.9,76.5
2017-03-09,2017,3,9,11.5,15.4,8.6,76.7
2017-03-10,2017,3,10,11.0,16.1,7.4,77.0
2017-03-11,2017,3,11,11.4,16.5,6.1,75.4
2017-03-12,2017,3,12,11.9,17.9,7.5,64.2
2017-03-13,2017,3,13,13.0,18.7,8.2,83.3
2017-03-14,2017,3,14,14.2,20.1,7.9,72.4
2017-03-15,2017,3,15,14.7,18.9,11.0,71.3
2017-03-16,2017,3,16,15.8,21.3,10.4,70.6
2017-03-17,2017,3,17,15.4,21.4,9.9,67.9
2017-03-18,2017,3,18,17.1,23.5,11.6,81.1
2017-03-19,2017,3,19,18.1,24.9,12.0,82.0
2017-03-20,2017,3,20,19.5,26.8,12.6,72.2
2017-03-21,2017,3,21,18.8,23.2,15.8,70.3
2017-03-22,2017,3,22,18.3,23.1,14.2,72.2
2017-03-23,2017,3,23,19.3,25.8,13.8,68.5
2017-03-24,2017,3,24,20.8,27.9,13.5,75.8
2017-03-25,2017,3,25,21.2,27.1,16.2,74.6
2017-03-26,2017,3,26,22.4,29.1,15.2,71.1
2017-03-27,2017,3,27,24.1,31.0,18.0,75.7
2017-03-28,2017,3,28,24.7,30.5,19.2,78.7
2017-03-29,2017,3,29,24.2,30.4,18.9,76.9
2017-03-30,2017,3,30,24.4,31.9,17.3,71.4
2017-03-31,2017,3,31,23.5,30.8,18.6,71.7
2017-04-01,2017,4,1,24.3,30.8,17.6,73.8
2017-04-02,2017,4,2,23.1,31.3,16.4,71.5
2017-04-03,2017,4,3,24.1,30.8,18.4,71.2
2017-04-04,2017,4,4,22.6,27.9,17.1,82.8
2017-04-05,2017,4,5,19.9,27.1,15.3,70.3
2017-04-06,2017,4,6,16.4,21.5,13.7,72.6
2017-04-07,2017,4,7,15.7,20.8,12.1,80.5
2017-04-08,2017,4,8,16.9,22.5,11.9,65.0
2017-04-09,2017,4,9,17.4,24.0,10.0,73.7
2017-04-10,2017,4,10,20.3,27.0,14.0,73.0
2017-04-11,2017,4,11,22.3,29.5,14.6,76.3
2017-04-12,2017,4,12,24.2,31.3,17.3,64.1
2017-04-13,2017,4,13,25.0,33.1,15.7,73.0
2017-04-14,2017,4,14,25.6,33.8,17.9,77.1
2017-04-15,2017,4,15,27.2,34.9,20.9,79.7
2017-04-16,2017,4,16,27.3,35.4,18.5,69.2
2017-04-17,2017,4,17,30.0,37.2,23.2,77.7
2017-04-18,2017,4,18,30.7,38.2,23.5,69.2
2017-04-19,2017,4,19,29.9,36.7,23.6,68.1
2017-04-20,2017,4,20,30.2,36.5,24.0,72.5
2017-04-21,2017,4,21,28.5,35.6,22.1,74.0
2017-04-22,2017,4,22,25.4,31.6,21.2,67.3
2017-04-23,2017,4,23,23.3,28.5,19.6,75.1
2017-04-24,2017,4,24,21.3,26.2,16.8,74.6
2017-04-25,2017,4,25,23.6,30.3,17.7,74.3
2017-04-26,2017,4,26,24.3,30.5,18.0,78.5
2017-04-27,2017,4,27,25.1,31.2,19.8,83.5
2017-04-28,2017,4,28,25.3,32.5,18.7,78.9
2017-04-29,2017,4,29,24.6,30.2,20.1,74.1
2017-04-30,2017,4,30,24.0,30.5,18.8,80.9
2017-05-01,2017,5,1,25.2,32.3,18.0,71.7
2017-05-02,2017,5,2,25.3,31.8,18.4,71.6
2017-05-03,2017,5,3,24.2,30.1,19.3,62.8
2017-05-04,2017,5,4,24.6,30.9,17.5,71.2
2017-05-05,2017,5,5,27.5,33.4,20.5,65.9
2017-05-06,2017,5,6,29.1,36.0,22.4,70.9
2017-05-07,2017,5,7,29.5,35.7,24.1,72.9
2017-05-08,2017,5,8,29.2,37.0,22.9,73.5
2017-05-09,2017,5,9,29.6,37.4,22.2,64.8
2017-05-10,2017,5,10,29.6,35.5,22.2,72.1
2017-05-11,2017,5,11,28.7,34.3,23.4,77.3
2017-05-12,2017,5,12,29.0,35.1,22.9,78.9
2017-05-13,2017,5,13,29.5,35.7,23.3,79.8
2017-05-14,2017,5,14,29.1,35.3,23.0,67.8
2017-05-15,2017,5,15,29.0,34.4,24.1,70.9
2017-05-16,2017,5,16,26.8,32.5,22.7,76.7
2017-05-17,2017,5,17,26.0,30.2,21.9,78.6
2017-05-18,2017,5,18,28.0,34.0,21.7,66.3
2017-05-19,2017,5,19,29.2,36.5,22.0,78.1
2017-05-20,2017,5,20,28.9,35.3,23.0,69.3
2017-05-21,2017,5,21,27.4,33.8,22.4,66.0
2017-05-22,2017,5,22,26.3,30.9,21.8,68.7
2017-05-23,2017,5,23,28.9,35.7,21.8,66.2
2017-05-24,2017,5,24,29.7,35.3,23.4,63.9
2017-05-25,2017,5,25,31.6,38.8,23.7,73.1
2017-05-26,2017,5,26,32.7,40.7,24.5,71.7
2017-05-27,2017,5,27,33.1,40.8,24.2,79.6
2017-05-28,2017,5,28,31.8,38.4,24.6,67.4
2017-05-29,2017,5,29,30.6,37.6,23.8,75.0
2017-05-30,2017,5,30,29.9,36.7,24.2,62.2
2017-05-31,2017,5,31,26.8,32.1,22.6,66.7
2017-06-01,2017,6,1,28.3,34.6,21.8,63.8
2017-06-02,2017,6,2,30.6,37.8,23.2,68.4
2017-06-03,2017,6,3,33.3,40.9,24.1,55.3
2017-06-04,2017,6,4,35.9,44.0,27.7,64.8
2017-06-05,2017,6,5,35.0,42.3,28.0,61.0
2017-06-06,2017,6,6,32.2,37.4,26.7,70.0
2017-06-07,2017,6,7,28.2,33.4,23.1,62.9
2017-06-08,2017,6,8,28.3,33.6,22.8,68.3
2017-06-09,2017,6,9,28.5,33.7,23.3,66.8
2017-06-10,2017,6,10,27.6,33.0,23.0,67.0
2017-06-11,2017,6,11,28.6,35.2,22.0,66.6
2017-06-12,2017,6,12,29.2,36.1,22.3,59.9
2017-06-13,2017,6,13,30.2,35.6,23.3,59.2
2017-06-14,2017,6,14,30.7,36.8,24.4,63.9
2017-06-15,2017,6,15,31.1,37.3,24.9,52.6
2017-06-16,2017,6,16,31.1,37.6,24.3,62.8
2017-06-17,2017,6,17,30.5,36.0,26.8,61.8
2017-06-18,2017,6,18,30.6,35.2,26.3,64.5
2017-06-19,2017,6,19,30.4,34.6,26.9,58.7
2017-06-20,2017,6,20,27.9,31.4,24.6,61.7
2017-06-21,2017,6,21,24.2,28.6,20.6,50.9
2017-06-22,2017,6,22,26.6,32.1,21.2,65.2
2017-06-23,2017,6,23,29.0,34.5,23.3,60.2
2017-06-24,2017,6,24,30.7,36.5,25.2,60.9
2017-06-25,2017,6,25,31.1,35.2,27.2,58.5
2017-06-26,2017,6,26,30.7,34.7,25.9,65.3
2017-06-27,2017,6,27,29.3,32.5,26.4,60.1
2017-06-28,2017,6,28,26.8,30.3,24.9,64.7
2017-06-29,2017,6,29,26.7,30.7,23.2,60.9
2017-06-30,2017,6,30,26.8,31.7,22.5,55.4
2017-07-01,2017,7,1,29.6,34.4,24.4,51.4
2017-07-02,2017,7,2,30.3,34.7,26.7,57.0
2017-07-03,2017,7,3,30.0,34.7,25.3,57.5
2017-07-04,2017,7,4,30.0,35.1,26.4,61.6
2017-07-05,2017,7,5,29.3,34.4,24.1,72.8
2017-07-06,2017,7,6,29.6,33.7,26.5,54.6
2017-07-07,2017,7,7,28.8,34.4,24.4,59.3
2017-07-08,2017,7,8,30.3,35.4,25.4,56.5
2017-07-09,2017,7,9,31.4,35.9,27.4,63.2
2017-07-10,2017,7,10,29.8,33.7,26.6,54.9
2017-07-11,2017,7,11,26.8,29.9,24.7,55.7
2017-07-12,2017,7,12,25.8,28.6,24.0,58.4
2017-07-13,2017,7,13,26.5,30.3,23.6,65.9
2017-07-14,2017,7,14,28.8,32.6,24.2,51.0
2017-07-15,2017,7,15,29.0,32.3,25.3,60.2
2017-07-16,2017,7,16,28.6,33.1,24.2,59.5
2017-07-17,2017,7,17,28.2,32.7,23.9,62.3
2017-07-18,2017,7,18,27.1,30.9,24.8,61.3
2017-07-19,2017,7,19,28.5,32.4,25.1,53.2
2017-07-20,2017,7,20,29.0,32.8,26.2,49.4
2017-07-21,2017,7,21,27.3,31.2,23.8,43.6
2017-07-22,2017,7,22,27.4,31.1,25.4,46.1
2017-07-23,2017,7,23,28.0,31.6,24.5,37.2
2017-07-24,2017,7,24,28.4,31.8,25.8,59.9
2017-07-25,2017,7,25,27.6,31.6,24.6,57.3
2017-07-26,2017,7,26,27.0,30.5,23.8,50.4
2017-07-27,2017,7,27,27.4,31.2,24.1,48.5
2017-07-28,2017,7,28,27.4,31.1,25.1,53.1
2017-07-29,2017,7,29,26.8,29.8,24.3,56.9
2017-07-30,2017,7,30,27.8,31.0,25.2,50.3
2017-07-31,2017,7,31,26.3,28.7,24.9,45.7
2017-08-01,2017,8,1,26.1,29.1,24.5,52.8
2017-08-02,2017,8,2,25.4,27.8,24.2,56.1
2017-08-03,2017,8,3,26.9,30.6,24.2,52.4
2017-08-04,2017,8,4,28.6,32.9,24.4,62.1
2017-08-05,2017,8,5,28.7,33.2,23.9,52.4
2017-08-06,2017,8,6,28.4,31.9,25.6,48.8
2017-08-07,2017,8,7,28.0,30.0,25.4,52.1
2017-08-08,2017,8,8,27.7,31.0,24.6,56.8
2017-08-09,2017,8,9,27.2,30.0,25.3,54.5
2017-08-10,2017,8,10,27.0,30.2,24.3,53.4
2017-08-11,2017,8,11,27.6,31.4,24.2,49.1
2017-08-12,2017,8,12,28.4,32.9,23.7,45.8
2017-08-13,2017,8,13,27.5,31.1,24.2,48.6
2017-08-14,2017,8,14,25.8,30.1,22.3,49.3
2017-08-15,2017,8,15,27.2,31.6,22.3,39.6
2017-08-16,2017,8,16,28.1,33.1,23.5,50.5
2017-08-17,2017,8,17,29.0,33.5,24.8,47.1
2017-08-18,2017,8,18,29.6,33.8,25.7,55.6
2017-08-19,2017,8,19,28.8,32.1,25.7,43.8
2017-08-20,2017,8,20,27.7,31.3,24.2,51.9
2017-08-21,2017,8,21,27.9,31.6,24.9,41.8
2017-08-22,2017,8,22,27.6,31.1,24.9,51.4
2017-08-23,2017,8,23,28.0,31.9,24.2,47.0
2017-08-24,2017,8,24,26.4,29.7,23.5,47.5
2017-08-25,2017,8,25,24.9,28.2,22.8,48.6
2017-08-26,2017,8,26,25.7,30.1,22.6,52.9
2017-08-27,2017,8,27,27.0,31.5,23.0,47.0
2017-08-28,2017,8,28,27.1,31.8,23.0,45.7
2017-08-29,2017,8,29,26.6,30.4,23.3,51.7
2017-08-30,2017,8,30,26.7,30.2,24.0,45.5
2017-08-31,2017,8,31,26.9,30.4,24.0,44.5
2017-09-01,2017,9,1,25.8,29.6,22.8,44.8
2017-09-02,2017,9,2,24.8,29.1,21.7,45.5
2017-09-03,2017,9,3,25.5,29.9,22.5,47.9
2017-09-04,2017,9,4,26.0,30.4,23.2,44.6
2017-09-05,2017,9,5,26.5,30.3,23.3,46.9
2017-09-06,2017,9,6,25.8,29.4,23.2,52.7
2017-09-07,2017,9,7,25.4,29.7,22.1,58.8
2017-09-08,2017,9,8,27.1,31.6,22.7,39.2
2017-09-09,2017,9,9,27.2,31.6,22.8,52.7
2017-09-10,2017,9,10,25.8,28.6,23.7,53.4
2017-09-11,2017,9,11,25.1,29.3,21.7,52.0
2017-09-12,2017,9,12,26.0,30.8,21.7,42.9
2017-09-13,2017,9,13,25.8,30.7,21.8,42.8
2017-09-14,2017,9,14,25.2,30.1,21.2,43.9
2017-09-15,2017,9,15,25.7,30.8,21.0,46.9
2017-09-16,2017,9,16,25.7,31.9,20.4,39.8
2017-09-17,2017,9,17,25.5,31.8,19.9,42.9
2017-09-18,2017,9,18,26.3,32.4,20.9,48.5
2017-09-19,2017,9,19,26.7,32.7,20.9,48.6
2017-09-20,2017,9,20,26.7,32.9,21.3,48.6
2017-09-21,2017,9,21,26.8,32.4,21.9,42.8
2017-09-22,2017,9,22,26.4,31.7,22.5,40.7
2017-09-23,2017,9,23,26.4,32.2,21.6,47.4
2017-09-24,2017,9,24,26.4,31.0,22.1,42.0
2017-09-25,2017,9,25,26.5,31.5,22.4,50.4
2017-09-26,2017,9,26,26.9,32.4,22.5,48.5
2017-09-27,2017,9,27,26.9,33.5,21.2,60.7
2017-09-28,2017,9,28,27.0,33.7,21.3,51.6
2017-09-29,2017,9,29,27.4,33.8,22.1,46.0
2017-09-30,2017,9,30,27.8,34.3,22.5,42.8
2017-10-01,2017,10,1,27.3,33.4,22.1,38.0
2017-10-02,2017,10,2,27.4,33.8,23.0,51.1
2017-10-03,2017,10,3,27.2,34.0,21.7,43.9
2017-10-04,2017,10,4,27.3,33.8,22.2,43.4
2017-10-05,2017,10,5,27.1,33.4,22.0,44.8
2017-10-06,2017,10,6,26.8,32.6,21.8,49.6
2017-10-07,2017,10,7,27.1,33.0,22.0,38.8
2017-10-08,2017,10,8,26.2,32.4,21.6,52.8
2017-10-09,2017,10,9,25.6,31.9,21.1,40.8
2017-10-10,2017,10,10,24.9,32.0,19.5,45.0
2017-10-11,2017,10,11,25.3,31.9,20.2,47.0
2017-10-12,2017,10,12,25.2,32.2,19.8,42.8
2017-10-13,2017,10,13,24.8,31.3,20.2,47.2
2017-10-14,2017,10,14,25.1,31.8,19.7,46.8
2017-10-15,2017,10,15,24.5,30.4,19.7,35.5
2017-10-16,2017,10,16,24.2,31.3,18.9,43.4
2017-10-17,2017,10,17,24.1,31.4,18.5,42.2
2017-10-18,2017,10,18,24.6,31.8,18.3,59.1
2017-10-19,2017,10,19,24.3,30.9,18.5,54.1
2017-10-20,2017,10,20,24.6,31.7,19.0,46.2
2017-10-21,2017,10,21,23.7,31.4,18.5,36.8
2017-10-22,2017,10,22,22.3,29.6,17.9,44.4
2017-10-23,2017,10,23,22.0,28.4,16.9,50.2
2017-10-24,2017,10,24,22.0,28.3,17.4,46.3
2017-10-25,2017,10,25,21.8,29.7,16.2,46.6
2017-10-26,2017,10,26,21.5,28.9,14.9,50.9
2017-10-27,2017,10,27,21.5,28.2,16.4,49.4
2017-10-28,2017,10,28,21.1,27.8,15.2,48.1
2017-10-29,2017,10,29,20.6,27.7,15.0,49.3
2017-10-30,2017,10,30,20.7,27.4,15.8,55.3
2017-10-31,2017,10,31,20.3,26.8,15.0,42.3
2017-11-01,2017,11,1,20.2,26.8,14.6,48.2
2017-11-02,2017,11,2,20.1,26.5,14.6,47.4
2017-11-03,2017,11,3,19.5,26.0,14.3,47.8
2017-11-04,2017,11,4,20.4,26.4,15.2,37.7
2017-11-05,2017,11,5,20.5,26.7,15.2,47.6
2017-11-06,2017,11,6,20.1,26.6,15.0,57.9
2017-11-07,2017,11,7,19.8,25.6,15.8,46.8
2017-11-08,2017,11,8,20.2,25.2,16.1,42.9
2017-11-09,2017,11,9,19.1,25.4,14.4,58.6
2017-11-10,2017,11,10,18.9,24.9,14.5,54.0
2017-11-11,2017,11,11,18.3,24.6,13.5,46.4
2017-11-12,2017,11,12,17.7,24.5,13.2,48.6
2017-11-13,2017,11,13,17.4,23.5,11.8,60.3
2017-11-14,2017,11,14,14.9,17.6,12.8,57.6
2017-11-15,2017,11,15,13.5,16.1,11.0,47.3
2017-11-16,2017,11,16,13.8,20.4,10.0,44.8
2017-11-17,2017,11,17,13.8,19.0,10.1,43.6
2017-11-18,2017,11,18,14.2,19.8,10.5,51.3
2017-11-19,2017,11,19,14.2,20.5,9.6,52.7
2017-11-20,2017,11,20,14.3,21.2,9.1,55.0
2017-11-21,2017,11,21,14.3,20.7,9.9,45.8
2017-11-22,2017,11,22,13.6,21.0,9.2,54.7
2017-11-23,2017,11,23,13.8,20.9,9.5,50.3
2017-11-24,2017,11,24,14.1,21.3,8.9,50.6
2017-11-25,2017,11,25,14.5,20.7,9.4,50.0
2017-11-26,2017,11,26,14.9,21.6,10.1,48.5
2017-11-27,2017,11,27,14.5,21.8,9.4,47.5
2017-11-28,2017,11,28,14.5,20.2,9.1,50.8
2017-11-29,2017,11,29,14.6,21.5,9.6,50.9
2017-11-30,2017,11,30,14.3,21.2,9.8,53.9
2017-12-01,2017,12,1,13.7,20.9,8.3,51.9
2017-12-02,2017,12,2,14.0,20.5,9.7,50.2
2017-12-03,2017,12,3,13.1,19.7,8.3,50.4
2017-12-04,2017,12,4,12.5,19.3,6.7,57.6
2017-12-05,2017,12,5,11.8,17.7,7.3,56.3
2017-12-06,2017,12,6,12.2,19.5,6.1,51.2
2017-12-07,2017,12,7,14.5,21.1,8.9,47.5
2017-12-08,2017,12,8,14.1,22.1,9.1,41.4
2017-12-09,2017,12,9,13.4,18.9,9.4,49.2
2017-12-10,2017,12,10,13.1,19.8,7.4,53.1
2017-12-11,2017,12,11,12.0,14.6,10.3,64.4
2017-12-12,2017,12,12,10.3,12.5,8.4,54.3
2017-12-13,2017,12,13,9.0,12.3,6.7,54.2
2017-12-14,2017,12,14,9.2,14.8,5.3,56.3
2017-12-15,2017,12,15,9.7,14.8,5.7,52.7
2017-12-16,2017,12,16,11.1,15.3,8.4,54.1
2017-12-17,2017,12,17,12.2,17.9,8.6,54.5
2017-12-18,2017,12,18,13.4,19.2,9.9,61.9
2017-12-19,2017,12,19,13.8,20.1,8.4,61.0
2017-12-20,2017,12,20,15.1,21.2,11.5,60.2
2017-12-21,2017,12,21,14.7,20.0,9.3,61.0
2017-12-22,2017,12,22,13.5,18.8,9.9,58.8
2017-12-23,2017,12,23,12.3,18.7,8.1,61.8
2017-12-24,2017,12,24,12.4,18.7,8.6,58.3
2017-12-25,2017,12,25,12.0,19.7,6.8,57.0
2017-12-26,2017,12,26,13.0,19.0,8.4,58.2
2017-12-27,2017,12,27,13.1,19.4,8.7,56.3
2017-12-28,2017,12,28,12.1,18.2,7.4,56.2
2017-12-29,2017,12,29,12.6,19.2,8.1,56.8
2017-12-30,2017,12,30,12.6,19.3,7.6,64.9
2017-12-31,2017,12,31,12.1,17.9,8.5,67.3
2018-01-01,2018,1,1,11.0,17.7,6.8,56.9
2018-01-02,2018,1,2,11.2,17.2,6.8,62.5
2018-01-03,2018,1,3,10.2,17.1,4.9,66.9
2018-01-04,2018,1,4,9.7,14.3,6.2,58.8
2018-01-05,2018,1,5,10.2,15.1,6.9,69.2
2018-01-06,2018,1,6,9.2,16.0,4.4,68.7
2018-01-07,2018,1,7,9.1,16.3,4.6,56.4
2018-01-08,2018,1,8,9.7,17.0,4.4,54.4
2018-01-09,2018,1,9,10.3,18.4,5.0,50.6
2018-01-10,2018,1,10,12.0,19.6,6.0,70.9
2018-01-11,2018,1,11,12.6,19.4,7.3,64.9
2018-01-12,2018,1,12,11.9,18.8,6.4,64.0
2018-01-13,2018,1,13,11.3,18.2,5.6,60.7
2018-01-14,2018,1,14,11.5,18.7,5.8,67.7
2018-01-15,2018,1,15,11.4,18.6,6.7,71.4
2018-01-16,2018,1,16,11.5,19.1,4.4,64.6
2018-01-17,2018,1,17,11.6,17.2,8.2,62.3
2018-01-18,2018,1,18,12.2,19.0,7.9,70.3
2018-01-19,2018,1,19,12.4,19.7,6.8,66.4
2018-01-20,2018,1,20,13.8,20.9,9.6,71.9
2018-01-21,2018,1,21,12.5,19.5,8.0,52.8
2018-01-22,2018,1,22,12.0,18.3,6.1,59.7
2018-01-23,2018,1,23,10.2,15.9,5.6,71.9
2018-01-24,2018,1,24,10.1,16.5,4.8,74.5
2018-01-25,2018,1,25,10.1,16.6,5.4,61.9
2018-01-26,2018,1,26,11.0,17.0,6.2,68.2
2018-01-27,2018,1,27,11.1,17.7,6.2,70.1
2018-01-28,2018,1,28,11.5,18.2,5.5,71.8
2018-01-29,2018,1,29,11.8,15.9,7.0,62.2
2018-01-30,2018,1,30,13.3,19.1,9.4,69.4
2018-01-31,2018,1,31,13.1,18.3,8.8,65.6
2018-02-01,2018,2,1,13.1,18.9,9.2,65.3
2018-02-02,2018,2,2,12.5,19.8,7.7,79.0
2018-02-03,2018,2,3,12.7,19.3,7.1,68.3
2018-02-04,2018,2,4,13.0,18.8,9.1,72.6
2018-02-05,2018,2,5,11.7,19.5,6.0,70.9
2018-02-06,2018,2,6,12.5,19.5,6.2,59.8
2018-02-07,2018,2,7,12.0,19.2,6.3,68.5
2018-02-08,2018,2,8,11.9,19.3,6.5,69.4
2018-02-09,2018,2,9,12.6,19.5,6.8,73.9
2018-02-10,2018,2,10,12.7,18.3,8.3,79.6
2018-02-11,2018,2,11,12.7,18.8,7.5,70.5
2018-02-12,2018,2,12,9.7,10.6,8.4,66.0
2018-02-13,2018,2,13,10.7,14.9,7.9,66.3
2018-02-14,2018,2,14,11.8,16.9,7.6,67.2
2018-02-15,2018,2,15,13.9,20.2,9.4,71.9
2018-02-16,2018,2,16,14.6,21.4,9.0,71.6
2018-02-17,2018,2,17,14.5,20.9,9.6,71.9
2018-02-18,2018,2,18,14.6,21.2,9.0,76.7
2018-02-19,2018,2,19,15.1,22.6,9.3,66.4
2018-02-20,2018,2,20,16.0,23.1,10.4,60.3
2018-02-21,2018,2,21,16.1,22.0,11.1,70.1
2018-02-22,2018,2,22,15.9,22.6,11.0,62.1
2018-02-23,2018,2,23,17.0,23.2,10.7,77.1
2018-02-24,2018,2,24,13.9,16.0,11.9,69.3
2018-02-25,2018,2,25,15.3,21.2,10.2,81.3
2018-02-26,2018,2,26,16.9,22.8,12.8,76.8
2018-02-27,2018,2,27,17.3,23.2,13.4,63.1
2018-02-28,2018,2,28,17.8,24.0,13.0,74.5
2018-03-01,2018,3,1,16.4,19.4,13.3,68.4
2018-03-02,2018,3,2,15.5,19.1,13.5,70.1
2018-03-03,2018,3,3,14.8,18.3,12.7,74.8
2018-03-04,2018,3,4,15.2,20.8,9.8,69.0
2018-03-05,2018,3,5,15.4,22.0,10.5,63.3
2018-03-06,2018,3,6,16.7,22.8,12.3,73.3
2018-03-07,2018,3,7,17.1,24.2,11.1,75.5
2018-03-08,2018,3,8,18.4,24.8,12.4,64.8
2018-03-09,2018,3,9,18.2,22.7,14.4,64.0
2018-03-10,2018,3,10,18.7,24.1,12.8,80.7
2018-03-11,2018,3,11,19.1,26.2,13.1,69.4
2018-03-12,2018,3,12,20.3,26.8,14.8,79.6
2018-03-13,2018,3,13,19.7,25.0,15.7,71.7
2018-03-14,2018,3,14,17.5,22.7,13.7,68.9
2018-03-15,2018,3,15,16.5,21.2,11.7,80.7
2018-03-16,2018,3,16,17.8,23.8,12.8,82.5
2018-03-17,2018,3,17,17.8,24.6,11.5,67.6
2018-03-18,2018,3,18,18.9,25.8,12.5,71.5
2018-03-19,2018,3,19,20.0,26.2,14.1,72.1
2018-03-20,2018,3,20,19.5,24.9,14.9,77.4
2018-03-21,2018,3,21,17.0,20.5,13.8,71.7
2018-03-22,2018,3,22,18.3,24.5,13.2,79.4
2018-03-23,2018,3,23,19.2,25.9,13.0,80.8
2018-03-24,2018,3,24,20.6,27.2,14.3,73.4
2018-03-25,2018,3,25,22.0,29.1,16.1,72.4
2018-03-26,2018,3,26,22.6,30.5,15.8,73.6
2018-03-27,2018,3,27,23.3,31.3,15.8,85.5
2018-03-28,2018,3,28,23.1,30.1,16.6,73.9
2018-03-29,2018,3,29,23.9,30.8,18.9,80.6
2018-03-30,2018,3,30,26.4,32.9,19.4,73.4
2018-03-31,2018,3,31,25.9,34.1,19.0,76.7
2018-04-01,2018,4,1,25.4,33.1,18.3,72.7
2018-04-02,2018,4,2,25.0,32.3,19.3,75.2
2018-04-03,2018,4,3,24.4,30.8,18.2,72.6
2018-04-04,2018,4,4,25.3,31.6,19.2,77.3
2018-04-05,2018,4,5,24.7,31.4,19.1,80.2
2018-04-06,2018,4,6,24.4,31.4,18.5,65.1
2018-04-07,2018,4,7,25.2,32.2,19.4,71.0
2018-04-08,2018,4,8,23.4,29.0,20.1,76.7
2018-04-09,2018,4,9,20.8,25.1,17.3,75.0
2018-04-10,2018,4,10,20.1,24.7,17.4,78.6
2018-04-11,2018,4,11,18.9,23.0,15.4,74.3
2018-04-12,2018,4,12,19.6,25.5,13.8,77.5
2018-04-13,2018,4,13,21.4,28.0,15.5,78.4
2018-04-14,2018,4,14,22.0,28.5,17.0,74.0
2018-04-15,2018,4,15,23.8,30.2,18.0,68.3
2018-04-16,2018,4,16,20.7,24.8,16.5,74.6
2018-04-17,2018,4,17,21.3,26.3,16.4,72.6
2018-04-18,2018,4,18,21.9,27.7,17.1,80.3
2018-04-19,2018,4,19,21.7,28.4,17.2,68.9
2018-04-20,2018,4,20,15.1,18.0,11.7,83.2
2018-04-21,2018,4,21,18.2,24.1,12.0,74.7
2018-04-22,2018,4,22,21.6,27.8,14.6,71.5
2018-04-23,2018,4,23,23.5,29.6,18.8,89.2
2018-04-24,2018,4,24,24.8,32.3,17.4,86.1
2018-04-25,2018,4,25,25.7,32.6,18.9,90.5
2018-04-26,2018,4,26,26.3,32.9,19.5,70.8
2018-04-27,2018,4,27,26.8,34.2,20.5,72.3
2018-04-28,2018,4,28,27.4,34.4,21.7,73.4
2018-04-29,2018,4,29,27.6,34.8,20.6,83.4
2018-04-30,2018,4,30,27.9,36.2,20.2,76.4
2018-05-01,2018,5,1,28.6,36.1,21.4,64.4
2018-05-02,2018,5,2,27.4,35.1,22.2,69.4
2018-05-03,2018,5,3,23.8,28.2,18.6,75.7
2018-05-04,2018,5,4,25.4,31.0,20.2,75.2
2018-05-05,2018,5,5,25.5,31.7,19.6,78.5
2018-05-06,2018,5,6,23.0,29.8,18.6,71.2
2018-05-07,2018,5,7,19.0,21.7,16.9,72.7
2018-05-08,2018,5,8,22.0,26.9,16.0,81.4
2018-05-09,2018,5,9,23.2,28.2,17.6,64.1
2018-05-10,2018,5,10,25.7,31.7,19.0,75.4
2018-05-11,2018,5,11,27.7,33.9,21.0,66.3
2018-05-12,2018,5,12,27.0,32.3,21.2,71.0
2018-05-13,2018,5,13,25.4,31.4,20.1,73.7
2018-05-14,2018,5,14,23.8,26.9,20.7,67.6
2018-05-15,2018,5,15,24.3,30.0,18.4,70.8
2018-05-16,2018,5,16,24.6,31.0,18.9,69.1
2018-05-17,2018,5,17,25.6,32.2,19.5,68.0
2018-05-18,2018,5,18,25.2,30.4,21.2,69.5
2018-05-19,2018,5,19,24.3,31.1,17.8,66.8
2018-05-20,2018,5,20,25.8,32.0,19.3,74.6
2018-05-21,2018,5,21,27.5,34.2,21.8,67.3
2018-05-22,2018,5,22,27.1,33.3,22.1,66.9
2018-05-23,2018,5,23,28.1,34.7,22.0,67.7
2018-05-24,2018,5,24,28.5,35.5,22.6,74.1
2018-05-25,2018,5,25,29.9,37.9,21.7,69.0
2018-05-26,2018,5,26,29.6,37.3,22.6,67.5
2018-05-27,2018,5,27,29.9,36.9,22.5,68.4
2018-05-28,2018,5,28,30.9,37.7,24.4,69.6
2018-05-29,2018,5,29,31.5,38.5,23.3,62.0
2018-05-30,2018,5,30,31.6,39.5,23.6,70.5
2018-05-31,2018,5,31,32.2,40.2,24.2,69.5
2018-06-01,2018,6,1,32.6,39.1,25.9,67.7
2018-06-02,2018,6,2,31.9,39.5,25.9,66.6
2018-06-03,2018,6,3,32.5,38.9,26.0,71.0
2018-06-04,2018,6,4,33.4,39.7,27.3,61.9
2018-06-05,2018,6,5,33.0,38.0,28.0,75.5
2018-06-06,2018,6,6,32.5,39.1,26.3,61.2
2018-06-07,2018,6,7,32.2,37.9,27.2,67.6
2018-06-08,2018,6,8,33.8,40.3,27.8,73.5
2018-06-09,2018,6,9,29.6,33.5,26.4,66.6
2018-06-10,2018,6,10,28.9,33.2,25.3,70.9
2018-06-11,2018,6,11,31.4,36.4,25.7,68.9
2018-06-12,2018,6,12,32.8,40.2,26.2,63.4
2018-06-13,2018,6,13,34.1,41.9,26.1,58.3
2018-06-14,2018,6,14,34.4,42.4,26.9,65.1
2018-06-15,2018,6,15,31.3,37.3,26.0,71.9
2018-06-16,2018,6,16,28.9,33.9,24.3,65.8
2018-06-17,2018,6,17,26.6,32.1,21.1,63.9
2018-06-18,2018,6,18,27.1,31.3,23.6,54.7
2018-06-19,2018,6,19,29.6,35.1,23.9,63.9
2018-06-20,2018,6,20,29.4,34.5,25.1,70.2
2018-06-21,2018,6,21,30.7,36.4,24.5,60.9
2018-06-22,2018,6,22,29.8,34.7,26.1,62.1
2018-06-23,2018,6,23,30.3,36.0,24.0,63.6
2018-06-24,2018,6,24,31.0,36.4,26.3,63.7
2018-06-25,2018,6,25,32.8,38.9,25.7,62.9
2018-06-26,2018,6,26,33.1,38.5,26.5,61.5
2018-06-27,2018,6,27,30.2,35.3,27.0,68.8
2018-06-28,2018,6,28,28.1,32.2,25.1,60.9
2018-06-29,2018,6,29,26.8,31.9,23.6,69.4
2018-06-30,2018,6,30,28.8,33.9,23.4,57.4
2018-07-01,2018,7,1,31.4,38.1,24.9,53.8
2018-07-02,2018,7,2,31.4,37.0,27.2,59.1
2018-07-03,2018,7,3,25.9,30.3,23.4,55.4
2018-07-04,2018,7,4,25.5,28.8,22.5,68.0
2018-07-05,2018,7,5,26.7,30.5,21.7,65.1
2018-07-06,2018,7,6,29.1,34.4,24.1,60.4
2018-07-07,2018,7,7,30.2,36.6,23.5,54.6
2018-07-08,2018,7,8,31.7,38.1,25.2,60.5
2018-07-09,2018,7,9,32.5,37.4,27.9,54.9
2018-07-10,2018,7,10,32.0,36.7,26.2,59.2
2018-07-11,2018,7,11,29.2,32.1,25.5,65.5
2018-07-12,2018,7,12,28.5,32.1,24.3,51.2
2018-07-13,2018,7,13,26.8,30.0,24.1,57.9
2018-07-14,2018,7,14,28.7,32.3,25.0,55.9
2018-07-15,2018,7,15,28.0,31.8,25.6,49.5
2018-07-16,2018,7,16,27.7,31.2,25.1,57.8
2018-07-17,2018,7,17,27.7,31.3,24.3,48.4
2018-07-18,2018,7,18,28.1,32.0,24.1,60.5
2018-07-19,2018,7,19,28.5,32.6,25.6,59.3
2018-07-20,2018,7,20,29.1,33.0,25.5,55.2
2018-07-21,2018,7,21,29.4,33.5,26.1,56.9
2018-07-22,2018,7,22,27.4,31.5,24.7,56.6
2018-07-23,2018,7,23,27.1,29.3,25.1,53.5
2018-07-24,2018,7,24,27.5,30.7,24.3,56.3
2018-07-25,2018,7,25,28.3,32.1,25.3,50.9
2018-07-26,2018,7,26,26.0,28.9,24.2,55.3
2018-07-27,2018,7,27,26.3,29.8,23.5,54.5
2018-07-28,2018,7,28,26.8,30.2,23.2,62.4
2018-07-29,2018,7,29,27.0,31.5,22.6,59.9
2018-07-30,2018,7,30,28.6,32.9,24.4,55.6
2018-07-31,2018,7,31,29.4,33.7,24.5,52.0
2018-08-01,2018,8,1,28.5,32.7,25.3,47.3
2018-08-02,2018,8,2,28.5,33.1,23.4,57.9
2018-08-03,2018,8,3,30.1,33.8,26.0,50.0
2018-08-04,2018,8,4,30.2,34.4,26.6,53.8
2018-08-05,2018,8,5,30.8,35.8,27.2,55.4
2018-08-06,2018,8,6,28.7,32.1,25.2,50.3
2018-08-07,2018,8,7,24.2,24.8,23.6,54.1
2018-08-08,2018,8,8,25.3,28.7,22.5,53.2
2018-08-09,2018,8,9,28.0,32.1,24.6,57.2
2018-08-10,2018,8,10,28.5,32.9,24.6,51.3
2018-08-11,2018,8,11,28.8,32.1,25.9,55.0
2018-08-12,2018,8,12,27.6,30.4,25.2,49.0
2018-08-13,2018,8,13,25.8,29.9,22.9,50.7
2018-08-14,2018,8,14,25.8,29.3,23.9,49.5
2018-08-15,2018,8,15,27.3,30.8,23.6,46.8
2018-08-16,2018,8,16,28.2,31.7,25.2,53.4
2018-08-17,2018,8,17,28.5,31.7,25.2,49.6
2018-08-18,2018,8,18,26.7,30.5,23.7,46.6
2018-08-19,2018,8,19,28.1,32.0,25.3,45.6
2018-08-20,2018,8,20,28.9,32.6,25.8,46.2
2018-08-21,2018,8,21,27.1,30.3,25.0,52.6
2018-08-22,2018,8,22,28.1,32.5,24.7,42.5
2018-08-23,2018,8,23,28.3,31.8,24.9,43.5
2018-08-24,2018,8,24,28.0,32.5,23.7,43.5
2018-08-25,2018,8,25,27.2,31.0,23.5,55.8
2018-08-26,2018,8,26,26.5,30.5,22.0,48.5
2018-08-27,2018,8,27,27.3,31.4,24.0,39.4
2018-08-28,2018,8,28,28.0,33.1,23.3,52.3
2018-08-29,2018,8,29,28.7,33.4,24.9,41.2
2018-08-30,2018,8,30,28.8,33.2,24.6,50.8
2018-08-31,2018,8,31,29.6,34.0,25.7,42.5
2018-09-01,2018,9,1,28.8,32.6,24.9,47.8
2018-09-02,2018,9,2,27.9,32.0,23.2,53.9
2018-09-03,2018,9,3,27.0,30.4,22.3,45.0
2018-09-04,2018,9,4,27.9,31.7,24.5,43.7
2018-09-05,2018,9,5,28.0,32.5,24.4,48.7
2018-09-06,2018,9,6,29.0,34.0,24.2,45.8
2018-09-07,2018,9,7,28.9,34.4,24.8,51.4
2018-09-08,2018,9,8,28.8,33.9,24.5,43.6
2018-09-09,2018,9,9,28.7,34.0,24.8,42.2
2018-09-10,2018,9,10,28.7,33.3,24.9,47.6
2018-09-11,2018,9,11,27.9,33.6,23.6,40.9
2018-09-12,2018,9,12,29.1,34.6,25.0,47.8
2018-09-13,2018,9,13,27.6,32.4,22.3,47.4
2018-09-14,2018,9,14,25.3,30.9,20.4,43.2
2018-09-15,2018,9,15,23.5,28.8,20.0,47.9
2018-09-16,2018,9,16,24.3,30.3,18.4,43.8
2018-09-17,2018,9,17,25.7,31.9,20.4,38.1
2018-09-18,2018,9,18,26.1,32.6,20.6,40.2
2018-09-19,2018,9,19,26.9,33.2,20.7,47.3
2018-09-20,2018,9,20,27.7,33.9,22.3,44.1
2018-09-21,2018,9,21,27.2,32.5,23.3,48.4
2018-09-22,2018,9,22,26.0,31.3,22.9,48.8
2018-09-23,2018,9,23,25.2,30.3,21.3,47.4
2018-09-24,2018,9,24,25.8,31.4,20.0,47.7
2018-09-25,2018,9,25,26.1,30.9,22.0,48.4
2018-09-26,2018,9,26,26.8,32.2,22.0,45.4
2018-09-27,2018,9,27,26.7,31.4,22.5,41.1
2018-09-28,2018,9,28,26.8,32.5,22.0,53.5
2018-09-29,2018,9,29,25.5,31.9,21.3,50.6
2018-09-30,2018,9,30,25.8,32.3,20.5,41.5
2018-10-01,2018,10,1,26.3,32.3,21.5,46.3
2018-10-02,2018,10,2,26.6,33.2,21.3,46.3
2018-10-03,2018,10,3,25.2,31.8,21.2,41.7
2018-10-04,2018,10,4,23.7,29.3,19.8,33.7
2018-10-05,2018,10,5,23.8,29.5,19.6,46.5
2018-10-06,2018,10,6,24.2,30.6,18.4,34.6
2018-10-07,2018,10,7,24.7,31.6,18.6,47.8
2018-10-08,2018,10,8,22.7,30.6,18.0,50.5
2018-10-09,2018,10,9,21.4,27.4,16.6,45.2
2018-10-10,2018,10,10,22.2,28.9,16.9,38.4
2018-10-11,2018,10,11,22.1,28.7,16.9,40.9
2018-10-12,2018,10,12,22.4,28.8,16.6,45.8
2018-10-13,2018,10,13,21.8,28.5,15.7,48.1
2018-10-14,2018,10,14,21.6,28.2,16.8,47.3
2018-10-15,2018,10,15,21.8,28.6,16.6,51.6
2018-10-16,2018,10,16,18.7,21.9,15.5,41.1
2018-10-17,2018,10,17,20.5,26.5,16.3,39.0
2018-10-18,2018,10,18,20.8,27.8,15.3,36.7
2018-10-19,2018,10,19,21.1,27.8,15.4,42.0
2018-10-20,2018,10,20,21.0,28.3,15.5,43.8
2018-10-21,2018,10,21,20.8,28.1,14.9,51.1
2018-10-22,2018,10,22,20.9,28.2,15.2,48.9
2018-10-23,2018,10,23,20.8,27.5,15.1,39.9
2018-10-24,2018,10,24,21.0,27.9,14.6,37.5
2018-10-25,2018,10,25,20.6,27.6,14.6,47.4
2018-10-26,2018,10,26,20.8,28.1,15.2,58.7
2018-10-27,2018,10,27,20.8,28.2,15.7,52.0
2018-10-28,2018,10,28,20.9,28.1,14.8,46.2
2018-10-29,2018,10,29,21.3,28.1,14.9,45.5
2018-10-30,2018,10,30,21.8,28.2,15.7,44.9
2018-10-31,2018,10,31,20.9,26.6,16.8,33.6
2018-11-01,2018,11,1,17.2,18.9,15.5,48.1
2018-11-02,2018,11,2,16.6,21.5,13.9,55.0
2018-11-03,2018,11,3,14.9,17.9,11.9,37.2
2018-11-04,2018,11,4,15.4,21.3,10.2,50.2
2018-11-05,2018,11,5,15.5,21.6,10.3,57.9
2018-11-06,2018,11,6,15.3,22.1,10.2,50.2
2018-11-07,2018,11,7,15.7,23.4,10.2,43.6
2018-11-08,2018,11,8,17.0,22.7,12.2,50.4
2018-11-09,2018,11,9,16.6,23.0,11.8,54.3
2018-11-10,2018,11,10,16.7,22.5,12.5,45.4
2018-11-11,2018,11,11,17.0,22.1,13.3,54.2
2018-11-12,2018,11,12,16.8,21.7,13.9,47.7
2018-11-13,2018,11,13,15.3,19.0,12.4,49.3
2018-11-14,2018,11,14,13.6,15.6,11.5,49.9
2018-11-15,2018,11,15,14.3,20.4,9.8,50.6
2018-11-16,2018,11,16,14.7,21.1,10.5,54.4
2018-11-17,2018,11,17,14.8,22.0,9.4,52.6
2018-11-18,2018,11,18,16.9,22.9,11.6,43.0
2018-11-19,2018,11,19,16.8,23.2,12.0,58.0
2018-11-20,2018,11,20,17.0,23.0,12.0,51.4
2018-11-21,2018,11,21,15.9,23.4,11.1,56.4
2018-11-22,2018,11,22,15.4,19.6,12.0,53.3
2018-11-23,2018,11,23,15.8,20.9,11.9,52.3
2018-11-24,2018,11,24,16.5,22.5,12.1,48.6
2018-11-25,2018,11,25,16.2,23.7,11.4,42.0
2018-11-26,2018,11,26,16.6,24.0,10.3,44.3
2018-11-27,2018,11,27,16.3,22.3,11.2,43.9
2018-11-28,2018,11,28,16.6,21.9,12.0,56.3
2018-11-29,2018,11,29,16.3,20.6,13.5,51.9
2018-11-30,2018,11,30,15.2,22.0,10.0,54.7
2018-12-01,2018,12,1,14.4,21.9,9.8,54.5
2018-12-02,2018,12,2,14.0,20.7,9.1,47.3
2018-12-03,2018,12,3,13.4,20.4,8.1,53.6
2018-12-04,2018,12,4,13.7,20.3,9.2,60.1
2018-12-05,2018,12,5,13.2,19.1,8.4,65.3
2018-12-06,2018,12,6,13.1,18.9,9.7,60.6
2018-12-07,2018,12,7,12.4,19.7,6.9,56.1
2018-12-08,2018,12,8,12.7,19.3,7.4,51.1
2018-12-09,2018,12,9,12.9,17.9,8.6,54.7
2018-12-10,2018,12,10,10.6,12.1,8.8,52.3
2018-12-11,2018,12,11,11.2,15.5,7.4,63.0
2018-12-12,2018,12,12,10.7,15.2,7.5,50.2
2018-12-13,2018,12,13,10.2,15.5,5.9,58.8
2018-12-14,2018,12,14,10.0,15.8,6.1,61.1
2018-12-15,2018,12,15,10.1,17.1,5.4,49.3
2018-12-16,2018,12,16,10.5,18.4,6.2,52.0
2018-12-17,2018,12,17,10.9,18.6,7.0,57.8
2018-12-18,2018,12,18,11.6,19.1,6.8,60.3
2018-12-19,2018,12,19,13.1,18.2,8.6,59.7
2018-12-20,2018,12,20,10.6,18.1,6.0,56.9
2018-12-21,2018,12,21,10.5,18.7,4.8,62.8
2018-12-22,2018,12,22,9.8,17.0,5.5,61.5
2018-12-23,2018,12,23,9.6,15.9,5.2,60.5
2018-12-24,2018,12,24,9.4,16.3,4.5,66.2
2018-12-25,2018,12,25,9.0,16.8,3.9,57.5
2018-12-26,2018,12,26,8.6,14.1,4.9,60.7
2018-12-27,2018,12,27,8.0,14.6,3.1,53.6
2018-12-28,2018,12,28,8.9,16.2,3.6,59.6
2018-12-29,2018,12,29,9.2,16.4,2.2,51.1
2018-12-30,2018,12,30,10.6,16.5,6.7,61.0
2018-12-31,2018,12,31,10.1,18.8,4.1,53.0
2019-01-01,2019,1,1,10.5,14.5,6.0,62.6
2019-01-02,2019,1,2,10.4,14.7,7.6,68.3
2019-01-03,2019,1,3,9.4,15.9,4.8,57.6
2019-01-04,2019,1,4,9.1,11.9,5.3,62.8
2019-01-05,2019,1,5,8.0,10.0,6.4,67.1
2019-01-06,2019,1,6,8.9,15.0,4.7,68.6
2019-01-07,2019,1,7,9.3,15.7,4.8,64.9
2019-01-08,2019,1,8,9.6,14.6,6.4,60.6
2019-01-09,2019,1,9,10.3,16.2,6.5,67.7
2019-01-10,2019,1,10,8.8,12.3,4.6,59.3
2019-01-11,2019,1,11,10.1,14.8,7.7,77.0
2019-01-12,2019,1,12,8.8,11.1,6.4,61.8
2019-01-13,2019,1,13,8.4,13.3,4.7,60.7
2019-01-14,2019,1,14,9.0,14.6,5.4,69.5
2019-01-15,2019,1,15,9.3,17.3,3.8,66.1
2019-01-16,2019,1,16,9.8,14.6,6.4,77.4
2019-01-17,2019,1,17,9.7,17.6,4.2,67.3
2019-01-18,2019,1,18,9.6,12.6,5.4,62.4
2019-01-19,2019,1,19,11.5,17.6,7.2,64.8
2019-01-20,2019,1,20,11.4,15.9,8.4,60.4
2019-01-21,2019,1,21,9.9,10.7,8.8,62.2
2019-01-22,2019,1,22,9.5,12.1,7.7,64.8
2019-01-23,2019,1,23,8.9,13.4,5.8,65.8
2019-01-24,2019,1,24,8.4,13.7,4.4,69.4
2019-01-25,2019,1,25,7.7,13.6,3.5,67.6
2019-01-26,2019,1,26,8.0,13.7,3.5,60.6
2019-01-27,2019,1,27,8.7,14.3,4.4,59.7
2019-01-28,2019,1,28,8.1,14.8,3.0,76.5
2019-01-29,2019,1,29,9.2,16.2,3.3,69.2
2019-01-30,2019,1,30,9.6,11.9,7.8,74.4
2019-01-31,2019,1,31,8.8,10.4,7.6,67.9
2019-02-01,2019,2,1,9.7,15.3,6.2,55.7
2019-02-02,2019,2,2,11.0,17.8,6.3,67.5
2019-02-03,2019,2,3,11.8,19.0,6.7,74.3
2019-02-04,2019,2,4,12.2,17.3,8.3,60.7
2019-02-05,2019,2,5,11.7,15.1,9.1,61.2
2019-02-06,2019,2,6,9.1,12.7,5.8,75.3
2019-02-07,2019,2,7,8.5,11.7,6.0,64.8
2019-02-08,2019,2,8,9.8,14.4,7.0,74.4
2019-02-09,2019,2,9,10.1,16.4,6.0,74.6
2019-02-10,2019,2,10,11.6,17.9,6.6,61.8
2019-02-11,2019,2,11,12.8,18.8,8.2,76.4
2019-02-12,2019,2,12,13.6,18.9,9.4,68.0
2019-02-13,2019,2,13,13.4,18.4,10.7,78.5
2019-02-14,2019,2,14,10.5,15.0,6.3,68.5
2019-02-15,2019,2,15,10.8,16.6,5.4,75.0
2019-02-16,2019,2,16,11.6,18.3,6.4,70.3
2019-02-17,2019,2,17,11.8,16.3,8.1,70.0
2019-02-18,2019,2,18,9.4,12.1,5.8,74.5
2019-02-19,2019,2,19,10.7,16.3,4.5,78.4
2019-02-20,2019,2,20,11.7,16.3,8.6,60.7
2019-02-21,2019,2,21,10.8,14.7,7.8,69.3
2019-02-22,2019,2,22,11.0,17.0,5.8,66.7
2019-02-23,2019,2,23,12.3,18.5,7.9,72.6
2019-02-24,2019,2,24,12.0,17.6,7.3,66.8
2019-02-25,2019,2,25,10.5,15.6,7.6,71.9
2019-02-26,2019,2,26,8.7,11.4,4.8,71.4
2019-02-27,2019,2,27,9.3,15.0,4.4,79.7
2019-02-28,2019,2,28,10.2,16.0,4.8,78.6
2019-03-01,2019,3,1,10.7,13.5,8.6,67.0
2019-03-02,2019,3,2,9.7,11.3,8.4,74.6
2019-03-03,2019,3,3,11.1,15.0,8.2,79.1
2019-03-04,2019,3,4,11.9,17.8,7.5,72.9
2019-03-05,2019,3,5,13.2,19.3,7.5,71.1
2019-03-06,2019,3,6,13.7,19.9,8.0,74.2
2019-03-07,2019,3,7,12.3,17.4,8.4,73.4
2019-03-08,2019,3,8,13.2,18.0,8.8,79.0
2019-03-09,2019,3,9,14.1,20.5,8.1,72.6
2019-03-10,2019,3,10,14.8,21.2,8.7,70.8
2019-03-11,2019,3,11,11.9,13.8,9.0,73.2
2019-03-12,2019,3,12,13.5,19.2,8.6,74.6
2019-03-13,2019,3,13,13.1,17.4,9.8,68.0
2019-03-14,2019,3,14,12.7,17.1,9.7,69.5
2019-03-15,2019,3,15,14.0,19.9,7.5,81.3
2019-03-16,2019,3,16,15.7,22.0,10.0,73.6
2019-03-17,2019,3,17,16.9,23.7,11.1,63.7
2019-03-18,2019,3,18,17.9,23.7,11.9,76.2
2019-03-19,2019,3,19,14.5,17.2,12.5,77.4
2019-03-20,2019,3,20,13.6,18.4,9.7,68.7
2019-03-21,2019,3,21,15.2,22.0,10.0,69.6
2019-03-22,2019,3,22,16.7,23.0,11.4,68.9
2019-03-23,2019,3,23,16.0,18.7,12.8,77.8
2019-03-24,2019,3,24,17.4,23.2,11.3,75.9
2019-03-25,2019,3,25,18.4,24.9,12.5,71.7
2019-03-26,2019,3,26,18.7,25.4,12.6,80.1
2019-03-27,2019,3,27,20.1,26.3,13.4,77.4
2019-03-28,2019,3,28,21.3,27.8,14.9,59.5
2019-03-29,2019,3,29,20.5,25.7,15.3,71.7
2019-03-30,2019,3,30,18.3,23.8,14.6,69.3
2019-03-31,2019,3,31,19.8,26.0,14.2,76.8
2019-04-01,2019,4,1,21.4,27.7,16.9,67.7
2019-04-02,2019,4,2,22.5,29.5,15.0,67.3
2019-04-03,2019,4,3,23.2,29.5,16.7,66.5
2019-04-04,2019,4,4,24.3,31.4,17.9,72.9
2019-04-05,2019,4,5,24.7,31.5,19.5,72.7
2019-04-06,2019,4,6,23.9,31.6,18.4,82.0
2019-04-07,2019,4,7,25.0,32.4,18.8,81.3
2019-04-08,2019,4,8,23.7,28.9,18.0,76.3
2019-04-09,2019,4,9,24.5,31.3,18.6,77.8
2019-04-10,2019,4,10,22.8,28.7,16.8,81.2
2019-04-11,2019,4,11,23.0,29.5,18.2,67.1
2019-04-12,2019,4,12,23.3,28.4,18.1,70.4
2019-04-13,2019,4,13,21.9,27.1,19.1,78.0
2019-04-14,2019,4,14,22.8,28.7,18.6,79.6
2019-04-15,2019,4,15,24.4,30.8,18.6,82.1
2019-04-16,2019,4,16,20.0,25.0,16.4,76.5
2019-04-17,2019,4,17,17.0,19.9,15.6,76.0
2019-04-18,2019,4,18,19.0,24.0,14.4,80.8
2019-04-19,2019,4,19,20.9,26.8,14.2,68.7
2019-04-20,2019,4,20,22.4,28.2,16.9,74.5
2019-04-21,2019,4,21,23.3,28.6,18.0,78.7
2019-04-22,2019,4,22,25.1,31.1,19.0,74.5
2019-04-23,2019,4,23,25.7,33.0,20.2,67.1
2019-04-24,2019,4,24,22.2,26.2,18.2,68.7
2019-04-25,2019,4,25,23.4,29.9,17.6,67.8
2019-04-26,2019,4,26,23.1,29.4,16.7,71.7
2019-04-27,2019,4,27,24.4,30.4,18.7,86.9
2019-04-28,2019,4,28,24.8,31.8,17.4,73.7
2019-04-29,2019,4,29,25.4,31.9,18.4,72.9
2019-04-30,2019,4,30,24.1,29.8,18.5,72.9
2019-05-01,2019,5,1,23.8,30.8,17.8,74.3
2019-05-02,2019,5,2,23.6,30.2,18.7,60.3
2019-05-03,2019,5,3,23.4,29.7,17.2,65.6
2019-05-04,2019,5,4,24.5,31.5,17.6,71.8
2019-05-05,2019,5,5,26.1,32.7,19.2,68.7
2019-05-06,2019,5,6,26.0,34.0,17.6,78.4
2019-05-07,2019,5,7,27.5,34.5,20.8,70.9
2019-05-08,2019,5,8,28.4,35.7,20.6,78.3
2019-05-09,2019,5,9,28.2,35.8,20.9,64.7
2019-05-10,2019,5,10,27.7,34.6,21.8,68.2
2019-05-11,2019,5,11,27.0,32.5,21.6,71.7
2019-05-12,2019,5,12,26.8,32.6,20.5,74.5
2019-05-13,2019,5,13,27.3,33.8,21.5,78.2
2019-05-14,2019,5,14,25.9,31.2,20.9,64.5
2019-05-15,2019,5,15,26.6,32.6,21.2,75.0
2019-05-16,2019,5,16,24.6,28.8,20.3,69.3
2019-05-17,2019,5,17,23.8,27.9,20.4,77.2
2019-05-18,2019,5,18,25.0,30.5,19.0,67.3
2019-05-19,2019,5,19,26.3,32.4,20.9,71.6
2019-05-20,2019,5,20,26.2,32.8,19.3,77.5
2019-05-21,2019,5,21,28.2,35.4,20.5,63.4
2019-05-22,2019,5,22,29.2,36.2,21.7,72.1
2019-05-23,2019,5,23,26.5,30.0,22.9,68.7
2019-05-24,2019,5,24,22.4,25.7,19.0,74.4
2019-05-25,2019,5,25,24.2,30.4,18.8,70.5
2019-05-26,2019,5,26,26.4,33.1,20.3,69.2
2019-05-27,2019,5,27,27.2,34.1,20.4,57.2
2019-05-28,2019,5,28,28.6,36.1,21.8,74.6
2019-05-29,2019,5,29,30.0,37.8,23.0,66.9
2019-05-30,2019,5,30,31.4,39.4,22.2,63.4
2019-05-31,2019,5,31,32.0,39.3,23.6,73.1
2019-06-01,2019,6,1,31.3,38.5,25.0,71.6
2019-06-02,2019,6,2,32.4,39.1,25.0,73.3
2019-06-03,2019,6,3,32.8,38.9,25.7,69.8
2019-06-04,2019,6,4,30.0,35.0,25.2,69.9
2019-06-05,2019,6,5,28.9,34.5,23.4,67.3
2019-06-06,2019,6,6,28.7,35.2,22.1,63.7
2019-06-07,2019,6,7,30.3,36.6,24.3,63.6
2019-06-08,2019,6,8,30.4,36.0,24.5,75.2
2019-06-09,2019,6,9,31.6,39.2,24.1,62.2
2019-06-10,2019,6,10,32.7,39.8,25.5,70.1
2019-06-11,2019,6,11,32.4,37.4,27.7,62.4
2019-06-12,2019,6,12,28.5,33.7,23.2,64.0
2019-06-13,2019,6,13,29.8,37.1,22.5,70.5
2019-06-14,2019,6,14,30.7,38.2,22.9,61.9
2019-06-15,2019,6,15,31.5,38.2,24.7,62.1
2019-06-16,2019,6,16,30.7,37.2,23.3,61.8
2019-06-17,2019,6,17,30.4,36.4,24.4,72.1
2019-06-18,2019,6,18,28.1,32.1,23.0,55.2
2019-06-19,2019,6,19,29.5,35.3,23.6,66.0
2019-06-20,2019,6,20,29.3,34.7,23.1,55.4
2019-06-21,2019,6,21,28.8,33.5,24.4,60.8
2019-06-22,2019,6,22,30.9,37.1,23.6,55.6
2019-06-23,2019,6,23,31.2,36.3,24.6,61.7
2019-06-24,2019,6,24,29.4,32.0,26.7,54.9
2019-06-25,2019,6,25,30.6,36.4,24.5,61.1
2019-06-26,2019,6,26,31.4,38.0,24.9,62.9
2019-06-27,2019,6,27,31.1,37.6,24.6,67.7
2019-06-28,2019,6,28,31.6,38.0,24.9,65.7
2019-06-29,2019,6,29,32.9,39.6,25.2,60.9
2019-06-30,2019,6,30,31.0,37.5,25.0,59.6
2019-07-01,2019,7,1,32.5,38.0,26.5,62.9
2019-07-02,2019,7,2,33.2,40.0,26.6,65.1
2019-07-03,2019,7,3,34.0,39.7,27.4,52.7
2019-07-04,2019,7,4,33.1,39.1,28.5,55.6
2019-07-05,2019,7,5,30.2,35.8,25.5,59.3
2019-07-06,2019,7,6,29.4,34.2,24.4,54.4
2019-07-07,2019,7,7,30.0,34.8,24.3,54.7
2019-07-08,2019,7,8,32.1,37.5,26.6,64.0
2019-07-09,2019,7,9,29.8,35.2,25.5,59.2
2019-07-10,2019,7,10,28.3,33.4,24.8,59.1
2019-07-11,2019,7,11,28.2,31.5,24.9,61.1
2019-07-12,2019,7,12,28.4,32.5,24.9,60.7
2019-07-13,2019,7,13,27.8,31.2,24.4,62.2
2019-07-14,2019,7,14,26.9,31.8,23.2,66.5
2019-07-15,2019,7,15,26.8,30.8,23.6,54.2
2019-07-16,2019,7,16,26.7,30.2,23.9,54.0
2019-07-17,2019,7,17,27.4,32.4,23.4,57.7
2019-07-18,2019,7,18,27.4,30.3,24.9,61.4
2019-07-19,2019,7,19,28.0,31.8,23.8,55.0
2019-07-20,2019,7,20,29.7,34.1,24.7,51.3
2019-07-21,2019,7,21,29.6,32.9,26.4,53.5
2019-07-22,2019,7,22,29.7,33.9,26.0,47.9
2019-07-23,2019,7,23,30.4,34.3,26.7,57.9
2019-07-24,2019,7,24,31.9,36.2,27.8,53.5
2019-07-25,2019,7,25,26.9,30.0,24.9,59.6
2019-07-26,2019,7,26,27.1,30.7,23.9,55.5
2019-07-27,2019,7,27,26.1,30.7,23.5,61.5
2019-07-28,2019,7,28,26.5,30.3,23.8,51.4
2019-07-29,2019,7,29,28.6,33.6,25.0,52.1
2019-07-30,2019,7,30,30.1,34.0,25.6,55.3
2019-07-31,2019,7,31,27.7,30.9,25.4,44.8
2019-08-01,2019,8,1,25.9,29.8,24.1,50.1
2019-08-02,2019,8,2,27.3,30.8,24.0,56.1
2019-08-03,2019,8,3,27.5,31.6,24.2,57.8
2019-08-04,2019,8,4,29.1,33.2,24.9,48.4
2019-08-05,2019,8,5,29.8,33.5,26.0,42.7
2019-08-06,2019,8,6,29.0,32.8,26.5,50.7
2019-08-07,2019,8,7,25.8,29.3,24.1,58.9
2019-08-08,2019,8,8,29.4,33.7,24.9,53.9
2019-08-09,2019,8,9,27.3,30.5,25.2,51.0
2019-08-10,2019,8,10,26.5,30.0,24.5,52.3
2019-08-11,2019,8,11,28.0,32.3,24.0,50.4
2019-08-12,2019,8,12,28.3,31.6,25.0,47.0
2019-08-13,2019,8,13,27.7,30.7,25.5,54.9
2019-08-14,2019,8,14,25.9,28.7,24.0,46.0
2019-08-15,2019,8,15,28.6,32.5,24.3,46.2
2019-08-16,2019,8,16,27.7,31.2,24.2,39.1
2019-08-17,2019,8,17,25.7,29.6,22.7,48.2
2019-08-18,2019,8,18,27.2,31.3,23.0,50.1
2019-08-19,2019,8,19,26.2,31.0,21.4,45.8
2019-08-20,2019,8,20,26.9,31.2,23.2,46.4
2019-08-21,2019,8,21,27.8,32.7,22.9,56.2
2019-08-22,2019,8,22,28.3,32.9,23.7,43.0
2019-08-23,2019,8,23,28.6,33.4,25.0,43.4
2019-08-24,2019,8,24,29.0,34.2,23.8,50.0
2019-08-25,2019,8,25,28.9,33.1,25.3,49.4
2019-08-26,2019,8,26,26.9,30.8,23.9,47.3
2019-08-27,2019,8,27,29.1,33.9,24.2,49.7
2019-08-28,2019,8,28,30.2,34.6,26.6,49.1
2019-08-29,2019,8,29,31.1,35.2,27.2,56.4
2019-08-30,2019,8,30,29.4,33.2,26.9,41.8
2019-08-31,2019,8,31,29.1,32.5,25.9,53.8
2019-09-01,2019,9,1,29.5,34.4,25.5,50.9
2019-09-02,2019,9,2,28.6,33.8,23.9,42.5
2019-09-03,2019,9,3,30.1,35.1,24.9,46.0
2019-09-04,2019,9,4,30.4,35.4,26.1,40.0
2019-09-05,2019,9,5,29.9,35.0,25.6,44.6
2019-09-06,2019,9,6,28.8,34.0,24.3,44.1
2019-09-07,2019,9,7,28.1,33.1,23.3,43.4
2019-09-08,2019,9,8,28.2,33.3,23.0,53.9
2019-09-09,2019,9,9,29.2,34.6,24.4,45.9
2019-09-10,2019,9,10,29.8,35.8,24.6,36.6
2019-09-11,2019,9,11,30.4,35.7,26.0,47.5
2019-09-12,2019,9,12,31.1,37.1,25.8,48.2
2019-09-13,2019,9,13,29.5,34.3,23.0,35.7
2019-09-14,2019,9,14,30.0,34.6,25.0,42.0
2019-09-15,2019,9,15,29.1,33.5,25.6,47.8
2019-09-16,2019,9,16,27.1,32.9,22.5,44.3
2019-09-17,2019,9,17,28.1,32.9,23.9,38.3
2019-09-18,2019,9,18,28.3,34.4,23.3,46.1
2019-09-19,2019,9,19,26.2,29.7,23.7,42.9
2019-09-20,2019,9,20,24.7,28.3,22.0,49.3
2019-09-21,2019,9,21,26.3,31.3,21.6,36.9
2019-09-22,2019,9,22,27.5,32.3,22.8,49.5
2019-09-23,2019,9,23,26.9,31.3,23.2,48.8
2019-09-24,2019,9,24,27.1,30.6,24.2,43.7
2019-09-25,2019,9,25,26.6,30.8,24.1,43.9
2019-09-26,2019,9,26,26.8,30.8,23.1,42.9
2019-09-27,2019,9,27,25.6,29.9,21.7,45.8
2019-09-28,2019,9,28,23.9,27.4,21.1,48.7
2019-09-29,2019,9,29,22.9,26.7,20.5,47.5
2019-09-30,2019,9,30,23.9,28.2,20.3,44.0
2019-10-01,2019,10,1,22.7,26.6,19.3,44.7
2019-10-02,2019,10,2,23.4,28.3,19.7,38.4
2019-10-03,2019,10,3,21.6,26.0,18.8,47.1
2019-10-04,2019,10,4,21.8,26.1,18.2,44.4
2019-10-05,2019,10,5,22.1,26.7,18.0,52.1
2019-10-06,2019,10,6,22.2,26.1,19.1,50.2
2019-10-07,2019,10,7,23.0,27.3,18.6,48.8
2019-10-08,2019,10,8,23.8,29.7,18.4,36.3
2019-10-09,2019,10,9,23.2,28.2,19.3,51.0
2019-10-10,2019,10,10,23.5,29.9,18.5,48.1
2019-10-11,2019,10,11,23.8,30.2,18.5,46.2
2019-10-12,2019,10,12,24.1,30.3,18.3,37.9
2019-10-13,2019,10,13,24.5,30.5,19.3,51.8
2019-10-14,2019,10,14,24.7,30.8,19.2,52.0
2019-10-15,2019,10,15,24.8,30.6,20.0,44.0
2019-10-16,2019,10,16,24.8,30.5,19.3,29.9
2019-10-17,2019,10,17,22.5,26.9,19.6,44.0
2019-10-18,2019,10,18,20.0,25.3,15.8,52.0
2019-10-19,2019,10,19,20.6,26.4,16.1,49.4
2019-10-20,2019,10,20,21.1,28.0,15.8,48.5
2019-10-21,2019,10,21,21.1,28.7,15.6,46.7
2019-10-22,2019,10,22,21.4,28.7,15.5,45.3
2019-10-23,2019,10,23,21.6,27.7,17.1,50.8
2019-10-24,2019,10,24,22.0,28.0,17.1,51.3
2019-10-25,2019,10,25,21.3,28.3,16.2,41.5
2019-10-26,2019,10,26,21.1,28.2,16.0,53.4
2019-10-27,2019,10,27,21.3,27.6,15.9,44.6
2019-10-28,2019,10,28,21.6,28.7,16.0,42.8
2019-10-29,2019,10,29,22.1,28.4,17.1,46.7
2019-10-30,2019,10,30,22.0,28.1,17.4,47.0
2019-10-31,2019,10,31,22.1,28.4,16.9,47.6
2019-11-01,2019,11,1,19.9,23.8,17.1,48.1
2019-11-02,2019,11,2,20.4,25.9,16.4,53.1
2019-11-03,2019,11,3,20.1,25.7,15.8,46.3
2019-11-04,2019,11,4,19.9,26.4,14.7,39.1
2019-11-05,2019,11,5,20.5,26.8,15.0,51.0
2019-11-06,2019,11,6,15.6,18.7,13.9,44.9
2019-11-07,2019,11,7,14.0,16.1,12.1,51.9
2019-11-08,2019,11,8,15.8,21.1,11.7,43.2
2019-11-09,2019,11,9,17.0,23.0,12.7,53.5
2019-11-10,2019,11,10,17.9,23.0,13.8,51.3
2019-11-11,2019,11,11,17.2,22.9,12.5,35.2
2019-11-12,2019,11,12,17.1,22.6,13.2,49.0
2019-11-13,2019,11,13,17.4,22.0,14.8,55.8
2019-11-14,2019,11,14,17.8,22.6,14.5,52.1
2019-11-15,2019,11,15,15.5,16.7,14.4,44.0
2019-11-16,2019,11,16,15.5,18.5,13.1,48.7
2019-11-17,2019,11,17,16.6,21.5,12.5,46.1
2019-11-18,2019,11,18,16.5,22.4,11.7,48.8
2019-11-19,2019,11,19,15.6,21.4,11.7,47.3
2019-11-20,2019,11,20,15.7,19.6,11.4,57.2
2019-11-21,2019,11,21,15.2,17.0,14.0,40.3
2019-11-22,2019,11,22,14.6,17.0,13.2,47.9
2019-11-23,2019,11,23,14.9,19.8,11.7,49.8
2019-11-24,2019,11,24,15.2,20.3,11.6,48.8
2019-11-25,2019,11,25,15.3,19.9,11.9,65.7
2019-11-26,2019,11,26,14.1,19.0,10.3,60.8
2019-11-27,2019,11,27,12.6,17.6,10.0,57.8
2019-11-28,2019,11,28,12.6,17.4,9.0,55.0
2019-11-29,2019,11,29,12.7,18.0,8.5,52.4
2019-11-30,2019,11,30,13.4,19.6,8.3,47.1
2019-12-01,2019,12,1,13.0,19.4,8.6,47.9
2019-12-02,2019,12,2,12.6,19.2,8.1,55.1
2019-12-03,2019,12,3,12.8,19.9,7.5,55.0
2019-12-04,2019,12,4,13.5,20.1,9.6,51.4
2019-12-05,2019,12,5,12.7,18.9,8.5,58.7
2019-12-06,2019,12,6,12.2,20.2,7.0,50.4
2019-12-07,2019,12,7,13.4,20.7,9.3,51.5
2019-12-08,2019,12,8,13.3,19.6,7.3,58.6
2019-12-09,2019,12,9,12.7,18.1,9.1,46.2
2019-12-10,2019,12,10,12.3,18.4,8.4,56.6
2019-12-11,2019,12,11,12.2,16.7,8.9,52.6
2019-12-12,2019,12,12,11.2,16.0,7.7,54.6
2019-12-13,2019,12,13,10.7,14.4,7.7,50.7
2019-12-14,2019,12,14,9.5,12.9,7.4,59.9
2019-12-15,2019,12,15,9.7,15.2,6.4,44.4
2019-12-16,2019,12,16,10.5,16.8,5.8,53.4
2019-12-17,2019,12,17,10.1,17.1,5.8,59.8
2019-12-18,2019,12,18,10.0,16.7,6.0,58.0
2019-12-19,2019,12,19,9.9,14.9,5.1,62.1
2019-12-20,2019,12,20,9.6,15.3,4.5,56.0
2019-12-21,2019,12,21,10.8,16.5,7.1,62.6
2019-12-22,2019,12,22,9.9,16.9,5.7,70.1
2019-12-23,2019,12,23,10.3,17.4,6.0,51.7
2019-12-24,2019,12,24,9.3,14.8,4.1,67.8
2019-12-25,2019,12,25,8.6,15.9,4.6,57.6
2019-12-26,2019,12,26,8.0,15.8,4.3,63.7
2019-12-27,2019,12,27,8.1,14.0,4.2,51.1
2019-12-28,2019,12,28,7.6,14.4,2.0,66.2
2019-12-29,2019,12,29,6.9,11.9,3.5,50.3
2019-12-30,2019,12,30,7.5,13.1,4.3,58.4
2019-12-31,2019,12,31,7.2,13.5,2.9,51.5
2020-01-01,2020,1,1,8.6,15.2,3.0,51.5
2020-01-02,2020,1,2,10.3,15.0,7.6,66.3
2020-01-03,2020,1,3,9.7,14.6,7.0,61.5
2020-01-04,2020,1,4,8.6,12.1,5.5,65.3
2020-01-05,2020,1,5,8.1,12.9,3.8,58.3
2020-01-06,2020,1,6,8.1,9.3,7.2,59.4
2020-01-07,2020,1,7,8.4,11.7,6.0,67.2
2020-01-08,2020,1,8,7.1,11.9,3.5,65.2
2020-01-09,2020,1,9,7.5,14.0,2.8,61.0
2020-01-10,2020,1,10,7.7,14.3,3.5,56.7
2020-01-11,2020,1,11,8.1,12.8,3.7,66.2
2020-01-12,2020,1,12,10.0,12.9,7.6,68.5
2020-01-13,2020,1,13,8.3,9.5,6.8,69.7
2020-01-14,2020,1,14,8.7,13.5,4.8,61.9
2020-01-15,2020,1,15,9.3,14.8,5.8,59.6
2020-01-16,2020,1,16,10.2,16.3,6.2,57.8
2020-01-17,2020,1,17,9.1,14.8,5.5,67.1
2020-01-18,2020,1,18,9.3,14.2,5.3,68.1
2020-01-19,2020,1,19,9.7,15.6,4.1,62.1
2020-01-20,2020,1,20,10.8,15.4,6.9,62.7
2020-01-21,2020,1,21,8.2,9.6,5.9,62.7
2020-01-22,2020,1,22,8.3,14.0,3.7,70.2
2020-01-23,2020,1,23,10.1,15.3,6.4,57.9
2020-01-24,2020,1,24,10.3,16.5,4.9,55.3
2020-01-25,2020,1,25,10.4,13.3,7.1,68.8
2020-01-26,2020,1,26,10.8,16.7,6.2,64.3
2020-01-27,2020,1,27,10.8,16.2,6.4,72.8
2020-01-28,2020,1,28,9.9,11.9,8.6,70.6
2020-01-29,2020,1,29,9.3,12.0,7.4,69.1
2020-01-30,2020,1,30,9.2,15.3,5.2,73.4
2020-01-31,2020,1,31,9.4,14.9,4.5,75.7
2020-02-01,2020,2,1,9.3,15.2,4.4,66.6
2020-02-02,2020,2,2,10.5,16.5,6.7,66.9
2020-02-03,2020,2,3,10.0,16.8,4.8,65.0
2020-02-04,2020,2,4,8.6,12.0,6.3,68.4
2020-02-05,2020,2,5,9.8,15.3,5.8,73.9
2020-02-06,2020,2,6,9.7,15.2,5.2,69.5
2020-02-07,2020,2,7,10.0,16.1,4.2,71.2
2020-02-08,2020,2,8,10.5,17.1,5.5,62.7
2020-02-09,2020,2,9,11.3,18.4,5.6,63.9
2020-02-10,2020,2,10,11.6,18.6,5.9,66.6
2020-02-11,2020,2,11,12.9,18.0,8.9,77.7
2020-02-12,2020,2,12,13.6,17.6,10.0,72.1
2020-02-13,2020,2,13,14.1,18.3,10.2,71.6
2020-02-14,2020,2,14,14.7,20.2,10.0,66.8
2020-02-15,2020,2,15,14.4,22.2,8.7,64.1
2020-02-16,2020,2,16,15.8,21.2,10.4,78.5
2020-02-17,2020,2,17,15.4,21.9,10.3,70.9
2020-02-18,2020,2,18,15.3,23.2,10.1,69.8
2020-02-19,2020,2,19,14.7,20.5,10.3,73.6
2020-02-20,2020,2,20,12.9,16.9,10.7,70.4
2020-02-21,2020,2,21,15.3,20.7,9.9,71.6
2020-02-22,2020,2,22,14.9,21.1,8.8,76.2
2020-02-23,2020,2,23,15.5,22.0,10.2,76.9
2020-02-24,2020,2,24,15.6,22.5,10.3,81.6
2020-02-25,2020,2,25,16.2,22.8,10.4,70.0
2020-02-26,2020,2,26,16.7,22.9,11.3,71.4
2020-02-27,2020,2,27,17.9,24.0,12.7,81.0
2020-02-28,2020,2,28,14.3,17.5,12.4,77.8
2020-02-29,2020,2,29,13.1,15.6,11.3,70.2
2020-03-01,2020,3,1,15.4,21.3,9.8,80.6
2020-03-02,2020,3,2,16.3,22.4,10.9,82.9
2020-03-03,2020,3,3,16.4,22.8,11.2,72.7
2020-03-04,2020,3,4,14.7,20.7,11.8,75.0
2020-03-05,2020,3,5,13.4,17.7,11.3,77.0
2020-03-06,2020,3,6,12.6,16.7,10.8,73.0
2020-03-07,2020,3,7,11.6,14.5,10.1,68.8
2020-03-08,2020,3,8,11.6,14.8,9.8,70.7
2020-03-09,2020,3,9,13.6,18.3,10.0,75.2
2020-03-10,2020,3,10,14.1,20.6,8.1,74.9
2020-03-11,2020,3,11,14.4,20.8,9.8,77.7
2020-03-12,2020,3,12,12.8,16.5,10.7,71.4
2020-03-13,2020,3,13,13.6,18.7,9.7,70.2
2020-03-14,2020,3,14,13.7,18.6,9.0,72.2
2020-03-15,2020,3,15,14.8,20.5,9.9,75.3
2020-03-16,2020,3,16,16.1,22.1,10.1,71.6
2020-03-17,2020,3,17,17.2,23.5,11.6,74.0
2020-03-18,2020,3,18,17.6,23.7,12.4,63.5
2020-03-19,2020,3,19,18.0,24.2,13.0,76.7
2020-03-20,2020,3,20,18.4,24.2,12.6,73.2
2020-03-21,2020,3,21,15.9,19.1,13.4,79.2
2020-03-22,2020,3,22,17.4,23.2,11.4,84.4
2020-03-23,2020,3,23,18.8,24.7,13.2,82.2
2020-03-24,2020,3,24,16.2,19.5,13.8,67.2
2020-03-25,2020,3,25,17.3,22.7,12.8,84.6
2020-03-26,2020,3,26,18.1,22.4,13.0,77.9
2020-03-27,2020,3,27,15.0,16.3,12.9,72.3
2020-03-28,2020,3,28,14.3,17.6,12.3,74.9
2020-03-29,2020,3,29,16.4,22.5,11.2,83.3
2020-03-30,2020,3,30,17.0,21.8,13.8,80.5
2020-03-31,2020,3,31,15.8,20.7,14.2,65.3
2020-04-01,2020,4,1,16.2,22.1,12.3,74.8
2020-04-02,2020,4,2,15.7,21.2,10.7,63.8
2020-04-03,2020,4,3,17.4,23.7,11.6,70.1
2020-04-04,2020,4,4,18.9,25.4,12.8,71.2
2020-04-05,2020,4,5,18.1,23.9,14.2,69.2
2020-04-06,2020,4,6,18.9,24.7,13.6,79.3
2020-04-07,2020,4,7,16.8,20.4,14.6,80.8
2020-04-08,2020,4,8,18.7,25.4,11.7,76.1
2020-04-09,2020,4,9,20.3,25.9,14.4,67.7
2020-04-10,2020,4,10,20.3,26.2,14.3,74.7
2020-04-11,2020,4,11,21.6,28.3,15.4,83.0
2020-04-12,2020,4,12,23.3,29.1,18.8,73.1
2020-04-13,2020,4,13,23.7,29.1,18.4,88.5
2020-04-14,2020,4,14,22.5,29.8,18.5,77.0
2020-04-15,2020,4,15,21.8,27.4,17.9,77.0
2020-04-16,2020,4,16,21.5,27.0,15.7,77.1
2020-04-17,2020,4,17,18.7,20.6,16.4,70.4
2020-04-18,2020,4,18,16.8,19.0,14.0,78.2
2020-04-19,2020,4,19,18.6,24.0,14.0,72.3
2020-04-20,2020,4,20,20.0,26.0,14.6,77.6
2020-04-21,2020,4,21,19.4,24.1,14.4,78.8
2020-04-22,2020,4,22,21.4,27.1,14.7,71.0
2020-04-23,2020,4,23,23.0,28.7,16.8,87.5
2020-04-24,2020,4,24,23.7,29.9,17.4,80.8
2020-04-25,2020,4,25,23.4,28.7,18.8,74.0
2020-04-26,2020,4,26,22.7,27.2,18.8,75.8
2020-04-27,2020,4,27,21.2,25.0,18.5,66.1
2020-04-28,2020,4,28,21.7,25.6,17.4,78.7
2020-04-29,2020,4,29,24.4,29.5,19.6,73.2
2020-04-30,2020,4,30,25.1,31.0,19.4,70.3
2020-05-01,2020,5,1,26.1,32.2,19.2,66.6
2020-05-02,2020,5,2,23.8,30.6,19.5,71.3
2020-05-03,2020,5,3,21.1,25.6,16.8,68.5
2020-05-04,2020,5,4,22.5,28.5,17.1,71.1
2020-05-05,2020,5,5,23.0,28.1,17.4,70.7
2020-05-06,2020,5,6,22.4,27.2,17.5,72.2
2020-05-07,2020,5,7,23.4,29.5,17.0,76.1
2020-05-08,2020,5,8,25.9,31.9,19.7,69.8
2020-05-09,2020,5,9,26.3,32.5,21.6,72.5
2020-05-10,2020,5,10,25.8,31.4,21.2,74.5
2020-05-11,2020,5,11,24.6,30.8,20.2,73.8
2020-05-12,2020,5,12,25.0,31.0,18.1,70.4
2020-05-13,2020,5,13,25.4,30.1,20.4,66.2
2020-05-14,2020,5,14,22.2,27.8,18.4,63.0
2020-05-15,2020,5,15,22.9,28.6,17.6,71.5
2020-05-16,2020,5,16,24.5,29.9,19.3,78.0
2020-05-17,2020,5,17,25.2,31.3,19.9,65.5
2020-05-18,2020,5,18,24.8,30.2,20.6,69.4
2020-05-19,2020,5,19,24.2,28.4,19.0,68.6
2020-05-20,2020,5,20,25.7,31.8,19.3,66.9
2020-05-21,2020,5,21,27.5,34.4,21.9,66.3
2020-05-22,2020,5,22,28.6,34.5,22.0,73.2
2020-05-23,2020,5,23,28.9,34.8,22.7,58.9
2020-05-24,2020,5,24,28.6,34.2,22.4,66.1
2020-05-25,2020,5,25,29.9,36.2,22.3,70.7
2020-05-26,2020,5,26,30.5,37.7,25.2,73.7
2020-05-27,2020,5,27,30.4,36.5,24.5,66.9
2020-05-28,2020,5,28,29.5,34.7,24.8,58.2
2020-05-29,2020,5,29,26.1,30.3,23.3,69.3
2020-05-30,2020,5,30,23.5,27.0,20.0,65.0
2020-05-31,2020,5,31,23.1,26.7,19.4,74.7
2020-06-01,2020,6,1,23.7,28.4,19.0,72.9
2020-06-02,2020,6,2,23.5,27.0,20.4,71.8
2020-06-03,2020,6,3,24.8,30.2,19.0,66.5
2020-06-04,2020,6,4,26.4,31.7,20.6,68.5
2020-06-05,2020,6,5,26.5,30.7,21.7,54.0
2020-06-06,2020,6,6,25.3,29.1,22.2,72.4
2020-06-07,2020,6,7,25.9,31.0,20.8,75.7
2020-06-08,2020,6,8,27.9,33.3,23.0,62.0
2020-06-09,2020,6,9,28.5,33.3,23.1,71.0
2020-06-10,2020,6,10,28.8,34.0,24.7,57.2
2020-06-11,2020,6,11,28.5,32.5,24.6,70.0
2020-06-12,2020,6,12,28.9,34.5,24.2,57.5
2020-06-13,2020,6,13,27.7,33.6,22.2,61.5
2020-06-14,2020,6,14,29.4,35.4,22.9,66.4
2020-06-15,2020,6,15,30.0,37.0,22.9,64.3
2020-06-16,2020,6,16,30.7,37.0,23.9,66.5
2020-06-17,2020,6,17,30.9,37.8,23.0,68.0
2020-06-18,2020,6,18,30.7,37.4,24.3,71.7
2020-06-19,2020,6,19,31.3,37.3,25.5,61.3
2020-06-20,2020,6,20,30.6,36.3,25.8,58.6
2020-06-21,2020,6,21,31.7,37.6,26.4,62.8
2020-06-22,2020,6,22,31.0,36.5,26.1,66.1
2020-06-23,2020,6,23,30.8,35.9,27.8,69.7
2020-06-24,2020,6,24,27.2,31.1,23.9,60.6
2020-06-25,2020,6,25,28.0,32.1,23.8,55.7
2020-06-26,2020,6,26,28.7,32.9,24.5,62.0
2020-06-27,2020,6,27,30.0,34.7,26.1,67.2
2020-06-28,2020,6,28,28.8,33.5,25.5,56.0
2020-06-29,2020,6,29,29.3,34.9,24.8,50.9
2020-06-30,2020,6,30,30.2,35.4,24.9,59.6
2020-07-01,2020,7,1,30.7,35.3,25.8,63.2
2020-07-02,2020,7,2,31.3,36.6,25.8,57.7
2020-07-03,2020,7,3,31.9,38.0,25.9,55.9
2020-07-04,2020,7,4,29.1,34.7,25.4,54.7
2020-07-05,2020,7,5,27.0,30.9,22.1,62.0
2020-07-06,2020,7,6,28.5,33.2,24.2,54.1
2020-07-07,2020,7,7,29.8,34.6,24.6,54.8
2020-07-08,2020,7,8,29.2,33.7,23.9,63.3
2020-07-09,2020,7,9,29.9,34.1,26.0,53.1
2020-07-10,2020,7,10,30.9,35.2,26.7,60.8
2020-07-11,2020,7,11,30.8,35.9,27.0,62.8
2020-07-12,2020,7,12,29.5,33.8,24.1,57.6
2020-07-13,2020,7,13,29.8,34.3,25.1,60.9
2020-07-14,2020,7,14,30.6,35.6,25.4,56.9
2020-07-15,2020,7,15,30.5,34.1,26.5,55.8
2020-07-16,2020,7,16,28.9,32.2,25.4,53.0
2020-07-17,2020,7,17,29.6,33.9,25.2,56.9
2020-07-18,2020,7,18,30.8,35.4,26.0,56.7
2020-07-19,2020,7,19,30.3,35.2,26.7,63.5
2020-07-20,2020,7,20,28.8,32.9,25.9,57.8
2020-07-21,2020,7,21,23.6,25.7,22.1,50.6
2020-07-22,2020,7,22,26.7,31.6,21.1,60.4
2020-07-23,2020,7,23,28.4,33.9,23.3,60.9
2020-07-24,2020,7,24,28.7,33.3,25.7,56.1
2020-07-25,2020,7,25,28.3,33.3,24.1,59.4
2020-07-26,2020,7,26,27.8,31.2,24.4,60.3
2020-07-27,2020,7,27,29.2,33.7,25.0,59.3
2020-07-28,2020,7,28,30.0,34.4,25.2,49.2
2020-07-29,2020,7,29,29.8,33.9,26.2,52.8
2020-07-30,2020,7,30,27.3,30.8,22.9,52.6
2020-07-31,2020,7,31,28.0,31.7,24.3,56.6
2020-08-01,2020,8,1,27.1,31.3,23.1,52.0
2020-08-02,2020,8,2,29.5,33.7,25.3,50.0
2020-08-03,2020,8,3,29.1,32.9,26.3,49.7
2020-08-04,2020,8,4,29.6,33.4,25.7,47.2
2020-08-05,2020,8,5,30.9,35.5,26.3,53.1
2020-08-06,2020,8,6,31.4,35.7,26.8,51.3
2020-08-07,2020,8,7,30.6,33.4,28.1,53.7
2020-08-08,2020,8,8,29.9,33.9,26.4,47.5
2020-08-09,2020,8,9,29.1,32.9,25.9,47.4
2020-08-10,2020,8,10,29.1,32.9,25.3,46.9
2020-08-11,2020,8,11,28.8,32.7,24.6,57.0
2020-08-12,2020,8,12,30.5,35.3,26.3,55.0
2020-08-13,2020,8,13,28.7,32.6,25.7,48.8
2020-08-14,2020,8,14,27.2,30.3,25.2,45.8
2020-08-15,2020,8,15,28.1,31.3,25.1,43.3
2020-08-16,2020,8,16,29.4,33.6,25.9,47.6
2020-08-17,2020,8,17,29.5,34.1,26.1,54.6
2020-08-18,2020,8,18,28.6,31.9,25.5,55.8
2020-08-19,2020,8,19,27.0,30.2,24.3,44.1
2020-08-20,2020,8,20,25.0,27.1,23.8,59.1
2020-08-21,2020,8,21,25.9,29.3,22.9,51.9
2020-08-22,2020,8,22,27.4,31.8,22.9,49.6
2020-08-23,2020,8,23,28.0,31.9,24.5,41.9
2020-08-24,2020,8,24,28.3,31.7,25.7,47.8
2020-08-25,2020,8,25,27.0,30.6,23.8,51.8
2020-08-26,2020,8,26,26.1,30.0,24.1,50.4
2020-08-27,2020,8,27,24.2,25.7,23.0,53.7
2020-08-28,2020,8,28,25.1,28.9,22.1,48.3
2020-08-29,2020,8,29,26.9,31.1,22.2,44.3
2020-08-30,2020,8,30,27.9,32.1,23.8,39.8
2020-08-31,2020,8,31,25.1,26.5,23.1,59.9
2020-09-01,2020,9,1,24.7,28.5,22.5,50.0
2020-09-02,2020,9,2,25.6,29.4,22.5,45.2
2020-09-03,2020,9,3,25.9,28.2,23.8,50.4
2020-09-04,2020,9,4,25.8,29.4,23.1,41.6
2020-09-05,2020,9,5,26.7,30.5,22.5,43.3
2020-09-06,2020,9,6,26.8,30.4,23.2,52.7
2020-09-07,2020,9,7,26.4,30.9,22.0,42.8
2020-09-08,2020,9,8,26.5,31.8,21.6,48.8
2020-09-09,2020,9,9,27.1,32.0,22.4,43.0
2020-09-10,2020,9,10,27.1,32.2,22.3,45.8
2020-09-11,2020,9,11,27.0,31.7,21.9,44.1
2020-09-12,2020,9,12,27.7,32.6,22.9,53.6
2020-09-13,2020,9,13,27.4,32.5,22.2,47.0
2020-09-14,2020,9,14,27.6,32.7,22.1,43.0
2020-09-15,2020,9,15,28.4,33.1,24.3,50.2
2020-09-16,2020,9,16,28.2,33.5,24.0,49.2
2020-09-17,2020,9,17,27.7,34.1,22.8,42.4
2020-09-18,2020,9,18,27.6,33.5,21.7,42.1
2020-09-19,2020,9,19,27.9,33.7,23.1,37.6
2020-09-20,2020,9,20,27.3,33.1,22.2,53.8
2020-09-21,2020,9,21,27.0,33.8,20.4,46.4
2020-09-22,2020,9,22,27.1,34.1,20.8,38.5
2020-09-23,2020,9,23,26.9,33.9,21.3,35.8
2020-09-24,2020,9,24,27.0,33.7,21.0,39.7
2020-09-25,2020,9,25,26.6,32.9,21.9,38.6
2020-09-26,2020,9,26,24.4,30.1,21.5,48.0
2020-09-27,2020,9,27,25.7,30.9,19.9,56.6
2020-09-28,2020,9,28,25.5,31.7,20.2,44.5
2020-09-29,2020,9,29,25.3,30.9,20.1,37.5
2020-09-30,2020,9,30,25.5,31.7,20.1,43.6
2020-10-01,2020,10,1,25.8,31.8,20.2,49.4
2020-10-02,2020,10,2,25.1,32.0,19.8,55.7
2020-10-03,2020,10,3,24.4,31.6,18.3,48.7
2020-10-04,2020,10,4,25.1,32.3,19.6,44.6
2020-10-05,2020,10,5,25.0,32.6,18.3,35.5
2020-10-06,2020,10,6,24.9,31.8,19.4,54.5
2020-10-07,2020,10,7,25.3,32.3,18.9,47.0
2020-10-08,2020,10,8,25.2,32.0,18.8,38.7
2020-10-09,2020,10,9,25.1,31.7,19.7,41.9
2020-10-10,2020,10,10,25.1,31.9,19.0,38.2
2020-10-11,2020,10,11,25.0,31.5,18.9,45.1
2020-10-12,2020,10,12,24.9,32.1,18.8,38.5
2020-10-13,2020,10,13,24.2,30.4,19.8,43.5
2020-10-14,2020,10,14,23.7,30.4,18.6,45.6
2020-10-15,2020,10,15,23.0,30.3,17.5,43.6
2020-10-16,2020,10,16,23.1,30.5,17.6,37.0
2020-10-17,2020,10,17,23.2,30.4,17.4,40.1
2020-10-18,2020,10,18,23.0,30.2,17.0,41.2
2020-10-19,2020,10,19,22.6,29.3,17.4,40.9
2020-10-20,2020,10,20,22.1,29.1,15.7,48.6
2020-10-21,2020,10,21,22.0,28.3,17.0,51.6
2020-10-22,2020,10,22,21.2,28.0,15.8,39.5
2020-10-23,2020,10,23,21.4,28.5,15.7,54.6
2020-10-24,2020,10,24,21.2,28.0,15.8,50.4
2020-10-25,2020,10,25,19.6,23.2,16.9,38.0
2020-10-26,2020,10,26,20.1,27.1,14.1,53.3
2020-10-27,2020,10,27,19.7,26.7,13.9,46.6
2020-10-28,2020,10,28,19.8,26.7,14.3,55.8
2020-10-29,2020,10,29,20.1,26.6,14.6,50.9
2020-10-30,2020,10,30,19.9,26.2,14.1,53.0
2020-10-31,2020,10,31,19.7,26.9,14.0,40.6
2020-11-01,2020,11,1,20.2,27.5,13.9,46.4
2020-11-02,2020,11,2,20.2,27.4,14.5,42.3
2020-11-03,2020,11,3,19.5,26.6,13.8,47.6
2020-11-04,2020,11,4,18.4,26.0,12.9,49.5
2020-11-05,2020,11,5,18.4,26.0,12.5,44.1
2020-11-06,2020,11,6,18.6,26.1,12.9,49.1
2020-11-07,2020,11,7,18.4,26.7,12.9,46.0
2020-11-08,2020,11,8,18.9,25.8,13.7,55.0
2020-11-09,2020,11,9,18.1,24.5,11.9,37.2
2020-11-10,2020,11,10,18.5,24.9,13.9,50.2
2020-11-11,2020,11,11,18.1,24.9,13.3,51.0
2020-11-12,2020,11,12,17.7,24.9,13.1,49.0
2020-11-13,2020,11,13,17.8,24.6,12.3,55.6
2020-11-14,2020,11,14,16.0,18.7,13.4,50.7
2020-11-15,2020,11,15,13.3,15.5,11.5,45.7
2020-11-16,2020,11,16,13.0,17.2,10.0,50.6
2020-11-17,2020,11,17,13.3,18.8,9.3,47.2
2020-11-18,2020,11,18,13.3,19.3,8.6,55.0
2020-11-19,2020,11,19,12.5,16.3,9.9,54.0
2020-11-20,2020,11,20,12.5,17.8,8.6,53.7
2020-11-21,2020,11,21,11.9,17.8,8.0,47.3
2020-11-22,2020,11,22,11.9,16.4,7.3,49.0
2020-11-23,2020,11,23,12.5,15.1,11.2,49.2
2020-11-24,2020,11,24,12.0,15.2,9.2,55.8
2020-11-25,2020,11,25,11.1,12.4,9.4,58.1
2020-11-26,2020,11,26,12.0,16.9,8.6,51.5
2020-11-27,2020,11,27,12.5,18.9,7.6,54.6
2020-11-28,2020,11,28,13.7,20.6,9.6,51.2
2020-11-29,2020,11,29,13.9,20.1,8.6,52.6
2020-11-30,2020,11,30,14.0,20.9,8.1,56.5
2020-12-01,2020,12,1,15.0,22.0,10.0,52.1
2020-12-02,2020,12,2,15.0,22.1,10.8,56.2
2020-12-03,2020,12,3,15.1,21.6,10.2,45.3
2020-12-04,2020,12,4,15.7,20.8,10.7,52.7
2020-12-05,2020,12,5,15.3,20.4,10.1,53.2
2020-12-06,2020,12,6,15.1,20.5,10.0,51.6
2020-12-07,2020,12,7,14.3,17.2,11.7,57.9
2020-12-08,2020,12,8,13.3,15.0,11.1,48.4
2020-12-09,2020,12,9,13.5,18.4,9.7,54.7
2020-12-10,2020,12,10,13.9,19.1,9.1,61.4
2020-12-11,2020,12,11,12.7,16.7,9.6,51.8
2020-12-12,2020,12,12,10.4,12.4,8.0,61.6
2020-12-13,2020,12,13,9.9,15.1,6.4,58.1
2020-12-14,2020,12,14,9.3,14.8,6.0,61.4
2020-12-15,2020,12,15,8.5,13.4,5.4,53.4
2020-12-16,2020,12,16,8.3,13.9,3.7,59.3
2020-12-17,2020,12,17,8.9,14.6,5.4,54.6
2020-12-18,2020,12,18,8.9,15.7,4.6,59.9
2020-12-19,2020,12,19,9.1,17.1,4.2,51.4
2020-12-20,2020,12,20,11.0,18.0,6.7,52.9
2020-12-21,2020,12,21,11.5,17.6,7.0,58.0
2020-12-22,2020,12,22,12.3,19.1,8.4,55.3
2020-12-23,2020,12,23,11.0,17.6,6.0,58.0
2020-12-24,2020,12,24,11.0,17.4,5.9,54.6
2020-12-25,2020,12,25,10.5,16.1,7.4,53.7
2020-12-26,2020,12,26,10.7,17.2,6.2,56.1
2020-12-27,2020,12,27,7.9,11.6,5.7,56.4
2020-12-28,2020,12,28,8.5,12.0,4.8,65.9
2020-12-29,2020,12,29,9.3,13.8,5.7,69.4
2020-12-30,2020,12,30,9.4,15.4,5.2,61.0
2020-12-31,2020,12,31,9.4,16.5,3.3,58.2
2021-01-01,2021,1,1,9.9,16.9,4.7,56.7
2021-01-02,2021,1,2,10.6,17.8,4.8,55.2
2021-01-03,2021,1,3,11.9,18.2,5.7,52.8
2021-01-04,2021,1,4,12.3,16.3,9.5,66.3
2021-01-05,2021,1,5,11.1,14.8,9.3,65.3
2021-01-06,2021,1,6,10.9,15.3,8.1,63.2
2021-01-07,2021,1,7,10.9,16.8,6.5,64.8
2021-01-08,2021,1,8,9.9,14.5,6.4,64.5
2021-01-09,2021,1,9,10.3,17.0,5.5,58.7
2021-01-10,2021,1,10,10.9,17.2,6.5,70.9
2021-01-11,2021,1,11,10.6,18.1,6.1,61.4
2021-01-12,2021,1,12,9.7,17.6,5.4,70.6
2021-01-13,2021,1,13,9.7,17.5,5.2,65.1
2021-01-14,2021,1,14,9.9,16.5,4.5,62.2
2021-01-15,2021,1,15,9.2,15.3,3.9,65.3
2021-01-16,2021,1,16,9.9,17.2,3.9,67.4
2021-01-17,2021,1,17,9.5,14.7,4.1,65.1
2021-01-18,2021,1,18,10.5,16.0,7.2,59.8
2021-01-19,2021,1,19,11.1,18.6,6.7,70.3
2021-01-20,2021,1,20,11.7,19.0,6.2,63.6
2021-01-21,2021,1,21,12.0,20.4,5.0,70.2
2021-01-22,2021,1,22,11.1,18.3,5.4,67.8
2021-01-23,2021,1,23,10.0,13.5,6.8,64.7
2021-01-24,2021,1,24,9.8,16.1,4.7,69.5
2021-01-25,2021,1,25,10.3,17.2,4.9,71.3
2021-01-26,2021,1,26,10.2,17.3,5.6,69.3
2021-01-27,2021,1,27,10.3,17.6,5.4,64.3
2021-01-28,2021,1,28,10.3,17.2,4.4,62.8
2021-01-29,2021,1,29,10.1,17.6,5.4,72.1
2021-01-30,2021,1,30,10.6,18.4,4.7,70.3
2021-01-31,2021,1,31,12.1,18.0,6.1,68.5
2021-02-01,2021,2,1,12.9,19.9,7.8,74.6
2021-02-02,2021,2,2,12.8,18.0,7.2,62.0
2021-02-03,2021,2,3,12.2,17.6,8.6,62.9
2021-02-04,2021,2,4,10.9,15.5,7.2,59.1
2021-02-05,2021,2,5,11.0,17.2,6.4,65.0
2021-02-06,2021,2,6,12.0,18.0,6.8,68.4
2021-02-07,2021,2,7,13.1,20.7,6.6,67.8
2021-02-08,2021,2,8,15.3,21.7,9.3,77.7
2021-02-09,2021,2,9,15.4,21.8,10.5,66.2
2021-02-10,2021,2,10,15.0,23.0,9.3,63.2
2021-02-11,2021,2,11,16.2,23.0,11.0,63.5
2021-02-12,2021,2,12,16.1,24.0,9.3,66.7
2021-02-13,2021,2,13,15.5,22.3,11.4,68.7
2021-02-14,2021,2,14,16.1,23.1,10.8,64.8
2021-02-15,2021,2,15,15.9,23.3,10.2,71.7
2021-02-16,2021,2,16,16.5,24.0,10.9,78.8
2021-02-17,2021,2,17,15.9,23.8,10.5,64.7
2021-02-18,2021,2,18,16.3,23.7,10.3,60.3
2021-02-19,2021,2,19,16.8,23.8,10.9,75.7
2021-02-20,2021,2,20,16.7,22.3,11.2,68.7
2021-02-21,2021,2,21,17.5,25.4,10.9,65.1
2021-02-22,2021,2,22,17.7,23.6,12.6,70.8
2021-02-23,2021,2,23,18.2,24.9,13.5,66.1
2021-02-24,2021,2,24,18.8,24.6,12.7,75.6
2021-02-25,2021,2,25,19.7,25.7,14.0,70.5
2021-02-26,2021,2,26,17.5,21.3,14.2,68.2
2021-02-27,2021,2,27,16.3,21.2,11.7,74.3
2021-02-28,2021,2,28,16.3,22.6,10.3,69.1
2021-03-01,2021,3,1,17.1,24.0,11.2,74.6
2021-03-02,2021,3,2,17.7,24.7,11.8,83.6
2021-03-03,2021,3,3,18.3,26.2,11.4,59.0
2021-03-04,2021,3,4,19.2,25.9,12.9,74.0
2021-03-05,2021,3,5,19.3,26.4,13.1,70.1
2021-03-06,2021,3,6,19.5,24.7,14.4,73.8
2021-03-07,2021,3,7,19.2,24.5,14.2,72.9
2021-03-08,2021,3,8,17.2,23.0,13.3,73.0
2021-03-09,2021,3,9,19.8,26.5,13.0,71.2
2021-03-10,2021,3,10,19.5,24.3,15.3,69.8
2021-03-11,2021,3,11,16.7,20.1,14.1,83.8
2021-03-12,2021,3,12,15.2,18.7,12.6,82.4
2021-03-13,2021,3,13,18.0,25.1,11.2,69.3
2021-03-14,2021,3,14,16.5,19.7,14.0,70.3
2021-03-15,2021,3,15,18.0,24.9,12.4,70.7
2021-03-16,2021,3,16,19.3,25.7,13.1,81.5
2021-03-17,2021,3,17,19.9,26.2,14.5,79.3
2021-03-18,2021,3,18,21.6,27.7,14.9,69.9
2021-03-19,2021,3,19,21.2,28.2,15.0,75.5
2021-03-20,2021,3,20,22.0,29.1,15.9,73.7
2021-03-21,2021,3,21,18.3,21.6,15.6,72.6
2021-03-22,2021,3,22,15.5,19.3,13.4,70.9
2021-03-23,2021,3,23,15.0,18.9,13.1,68.7
2021-03-24,2021,3,24,15.7,20.0,12.0,78.5
2021-03-25,2021,3,25,17.7,23.9,11.8,73.1
2021-03-26,2021,3,26,19.8,26.2,13.5,72.2
2021-03-27,2021,3,27,20.4,26.3,14.5,81.4
2021-03-28,2021,3,28,22.2,28.3,16.4,85.6
2021-03-29,2021,3,29,22.6,27.9,18.5,80.3
2021-03-30,2021,3,30,21.4,26.6,16.5,67.6
2021-03-31,2021,3,31,20.5,25.4,15.3,72.6
2021-04-01,2021,4,1,20.3,25.3,16.6,72.6
2021-04-02,2021,4,2,18.7,25.0,14.3,76.3
2021-04-03,2021,4,3,19.4,27.1,10.9,70.3
2021-04-04,2021,4,4,20.7,25.8,15.4,82.4
2021-04-05,2021,4,5,21.6,28.3,15.9,76.2
2021-04-06,2021,4,6,19.6,26.0,16.0,77.7
2021-04-07,2021,4,7,18.5,24.1,13.1,75.8
2021-04-08,2021,4,8,19.8,26.3,14.9,81.2
2021-04-09,2021,4,9,21.4,28.3,14.7,76.8
2021-04-10,2021,4,10,22.6,29.3,15.8,70.2
2021-04-11,2021,4,11,22.5,28.5,17.7,80.0
2021-04-12,2021,4,12,23.4,29.5,16.8,69.6
2021-04-13,2021,4,13,24.4,30.9,18.5,73.2
2021-04-14,2021,4,14,24.5,31.4,19.4,76.7
2021-04-15,2021,4,15,21.6,26.3,18.3,74.7
2021-04-16,2021,4,16,19.8,25.4,16.2,75.9
2021-04-17,2021,4,17,17.8,21.2,15.2,74.6
2021-04-18,2021,4,18,18.4,23.8,14.4,81.4
2021-04-19,2021,4,19,21.5,28.1,15.2,70.4
2021-04-20,2021,4,20,21.3,25.6,16.4,81.3
2021-04-21,2021,4,21,20.3,25.4,15.0,75.9
2021-04-22,2021,4,22,17.3,21.2,13.0,75.6
2021-04-23,2021,4,23,18.0,23.9,13.1,72.7
2021-04-24,2021,4,24,21.4,28.6,13.4,68.7
2021-04-25,2021,4,25,24.6,32.5,15.7,66.8
2021-04-26,2021,4,26,26.5,34.4,18.6,78.4
2021-04-27,2021,4,27,27.7,35.3,19.6,68.2
2021-04-28,2021,4,28,29.0,36.9,20.4,73.8
2021-04-29,2021,4,29,28.9,35.7,21.3,74.4
2021-04-30,2021,4,30,28.4,36.7,21.6,75.0
2021-05-01,2021,5,1,29.9,36.6,22.4,71.3
2021-05-02,2021,5,2,29.2,35.8,22.0,82.6
2021-05-03,2021,5,3,29.0,36.4,23.7,68.7
2021-05-04,2021,5,4,27.1,32.1,22.5,76.1
2021-05-05,2021,5,5,25.7,31.5,20.3,67.5
2021-05-06,2021,5,6,26.0,32.5,21.5,70.4
2021-05-07,2021,5,7,24.4,31.5,20.6,73.5
2021-05-08,2021,5,8,25.4,32.2,19.5,72.1
2021-05-09,2021,5,9,27.1,31.8,20.7,79.3
2021-05-10,2021,5,10,27.0,33.3,21.5,71.0
2021-05-11,2021,5,11,25.0,29.4,20.2,66.9
2021-05-12,2021,5,12,25.4,30.4,20.0,74.2
2021-05-13,2021,5,13,23.3,28.6,18.4,69.6
2021-05-14,2021,5,14,22.7,27.5,18.2,71.0
2021-05-15,2021,5,15,24.5,29.5,20.2,68.3
2021-05-16,2021,5,16,26.1,31.7,19.3,65.8
2021-05-17,2021,5,17,26.9,33.3,20.1,73.6
2021-05-18,2021,5,18,29.0,35.6,21.9,69.7
2021-05-19,2021,5,19,28.4,34.6,22.7,69.5
2021-05-20,2021,5,20,27.1,33.5,20.4,73.1
2021-05-21,2021,5,21,27.3,33.3,20.4,72.6
2021-05-22,2021,5,22,27.5,32.6,20.3,66.1
2021-05-23,2021,5,23,26.2,29.8,21.9,68.3
2021-05-24,2021,5,24,26.5,32.8,20.5,82.9
2021-05-25,2021,5,25,28.5,35.2,21.9,63.5
2021-05-26,2021,5,26,29.6,37.1,22.3,69.8
2021-05-27,2021,5,27,31.6,39.1,24.3,66.0
2021-05-28,2021,5,28,32.7,40.4,25.1,71.0
2021-05-29,2021,5,29,31.9,37.6,25.1,66.9
2021-05-30,2021,5,30,31.1,36.5,24.8,82.6
2021-05-31,2021,5,31,28.5,34.0,24.8,69.6
2021-06-01,2021,6,1,27.4,32.6,22.7,70.8
2021-06-02,2021,6,2,27.9,33.5,22.2,72.1
2021-06-03,2021,6,3,27.7,31.7,24.3,65.7
2021-06-04,2021,6,4,29.6,35.4,23.5,65.1
2021-06-05,2021,6,5,30.0,35.9,24.8,66.6
2021-06-06,2021,6,6,31.9,38.2,25.6,61.6
2021-06-07,2021,6,7,33.5,40.1,26.9,58.9
2021-06-08,2021,6,8,34.8,41.9,27.3,63.3
2021-06-09,2021,6,9,35.9,43.3,29.5,64.8
2021-06-10,2021,6,10,36.3,43.3,29.2,62.8
2021-06-11,2021,6,11,33.2,38.0,29.1,63.7
2021-06-12,2021,6,12,32.8,37.6,27.6,64.8
2021-06-13,2021,6,13,28.7,33.0,22.9,65.5
2021-06-14,2021,6,14,27.1,33.2,22.1,50.4
2021-06-15,2021,6,15,27.6,33.5,22.0,68.5
2021-06-16,2021,6,16,27.9,32.2,23.8,66.9
2021-06-17,2021,6,17,27.9,33.0,21.9,62.0
2021-06-18,2021,6,18,29.8,35.8,23.1,61.0
2021-06-19,2021,6,19,30.2,37.1,22.6,57.9
2021-06-20,2021,6,20,29.3,33.9,25.4,75.2
2021-06-21,2021,6,21,29.5,35.5,23.3,57.4
2021-06-22,2021,6,22,31.1,38.1,23.4,60.7
2021-06-23,2021,6,23,31.8,38.4,24.0,59.2
2021-06-24,2021,6,24,31.2,37.2,25.6,56.7
2021-06-25,2021,6,25,30.6,36.1,25.3,60.3
2021-06-26,2021,6,26,29.6,35.3,24.1,55.5
2021-06-27,2021,6,27,31.4,37.2,24.9,57.8
2021-06-28,2021,6,28,32.3,38.7,25.2,53.6
2021-06-29,2021,6,29,33.7,40.5,26.4,62.0
2021-06-30,2021,6,30,35.3,41.9,27.2,65.3
2021-07-01,2021,7,1,34.4,39.6,28.3,62.2
2021-07-02,2021,7,2,33.3,37.4,28.4,66.4
2021-07-03,2021,7,3,31.4,36.4,26.7,52.4
2021-07-04,2021,7,4,32.1,37.1,26.2,65.1
2021-07-05,2021,7,5,31.8,36.8,25.8,61.9
2021-07-06,2021,7,6,32.7,38.6,26.1,66.8
2021-07-07,2021,7,7,32.6,38.6,27.0,54.4
2021-07-08,2021,7,8,33.8,39.4,27.5,59.7
2021-07-09,2021,7,9,33.0,37.1,29.8,56.5
2021-07-10,2021,7,10,30.7,35.0,26.6,50.8
2021-07-11,2021,7,11,30.5,35.6,25.2,57.2
2021-07-12,2021,7,12,26.3,28.8,24.0,54.7
2021-07-13,2021,7,13,27.2,31.0,23.6,60.9
2021-07-14,2021,7,14,26.0,30.5,22.8,54.0
2021-07-15,2021,7,15,28.8,33.3,23.4,56.2
2021-07-16,2021,7,16,30.1,34.2,25.7,50.1
2021-07-17,2021,7,17,31.4,36.0,27.1,59.1
2021-07-18,2021,7,18,32.6,37.7,27.9,58.1
2021-07-19,2021,7,19,27.9,32.3,24.4,51.2
2021-07-20,2021,7,20,25.2,29.4,23.6,58.9
2021-07-21,2021,7,21,25.9,29.5,23.0,51.0
2021-07-22,2021,7,22,28.2,32.5,23.5,61.5
2021-07-23,2021,7,23,29.3,33.3,24.2,56.9
2021-07-24,2021,7,24,30.6,35.1,25.8,53.1
2021-07-25,2021,7,25,31.1,35.2,27.3,51.4
2021-07-26,2021,7,26,29.6,31.7,27.5,59.2
2021-07-27,2021,7,27,27.9,30.6,25.8,55.8
2021-07-28,2021,7,28,26.2,29.3,25.0,52.8
2021-07-29,2021,7,29,26.9,31.2,23.2,55.3
2021-07-30,2021,7,30,28.1,31.8,25.0,56.3
2021-07-31,2021,7,31,27.4,31.7,25.1,53.4
2021-08-01,2021,8,1,28.2,32.2,24.5,57.6
2021-08-02,2021,8,2,29.0,33.1,25.3,49.8
2021-08-03,2021,8,3,28.8,32.4,24.4,52.3
2021-08-04,2021,8,4,27.4,31.7,23.2,44.7
2021-08-05,2021,8,5,28.7,32.6,23.8,50.6
2021-08-06,2021,8,6,27.4,32.0,23.0,52.3
2021-08-07,2021,8,7,28.5,32.5,24.3,58.2
2021-08-08,2021,8,8,28.3,32.0,24.2,49.9
2021-08-09,2021,8,9,27.9,31.8,23.8,48.2
2021-08-10,2021,8,10,28.0,31.6,24.6,55.4
2021-08-11,2021,8,11,28.9,32.8,25.0,48.0
2021-08-12,2021,8,12,28.9,32.7,25.6,48.2
2021-08-13,2021,8,13,28.8,32.4,24.6,50.1
2021-08-14,2021,8,14,27.3,31.6,23.6,55.7
2021-08-15,2021,8,15,25.6,30.9,22.2,55.6
2021-08-16,2021,8,16,27.5,33.0,23.5,55.3
2021-08-17,2021,8,17,28.4,33.9,22.7,41.8
2021-08-18,2021,8,18,29.0,34.0,23.1,49.1
2021-08-19,2021,8,19,29.2,34.3,24.2,51.7
2021-08-20,2021,8,20,29.4,34.4,24.5,56.3
2021-08-21,2021,8,21,28.3,33.2,23.9,40.9
2021-08-22,2021,8,22,28.1,32.2,24.5,49.2
2021-08-23,2021,8,23,28.9,34.1,24.1,49.7
2021-08-24,2021,8,24,30.4,35.5,25.9,47.0
2021-08-25,2021,8,25,31.2,35.7,26.8,49.1
2021-08-26,2021,8,26,31.1,35.5,26.9,56.1
2021-08-27,2021,8,27,31.1,36.9,26.5,49.8
2021-08-28,2021,8,28,27.7,31.3,23.8,48.6
2021-08-29,2021,8,29,26.6,30.4,23.2,52.3
2021-08-30,2021,8,30,26.4,30.0,24.1,42.2
2021-08-31,2021,8,31,26.1,29.9,22.6,50.4
2021-09-01,2021,9,1,27.2,31.7,23.3,50.4
2021-09-02,2021,9,2,28.1,33.6,23.0,41.2
2021-09-03,2021,9,3,28.3,33.8,24.1,47.0
2021-09-04,2021,9,4,28.7,34.1,23.7,51.0
2021-09-05,2021,9,5,28.8,32.8,25.5,44.7
2021-09-06,2021,9,6,30.1,35.0,25.7,44.4
2021-09-07,2021,9,7,29.3,34.5,26.8,43.4
2021-09-08,2021,9,8,24.6,26.9,23.9,42.8
2021-09-09,2021,9,9,26.0,29.5,23.6,44.5
2021-09-10,2021,9,10,26.0,29.6,23.4,45.6
2021-09-11,2021,9,11,25.0,28.1,23.1,44.5
2021-09-12,2021,9,12,25.8,28.9,23.2,45.8
2021-09-13,2021,9,13,26.7,31.4,22.5,51.7
2021-09-14,2021,9,14,27.5,32.4,23.5,39.3
2021-09-15,2021,9,15,27.8,32.5,24.0,47.3
2021-09-16,2021,9,16,28.3,33.2,23.6,41.9
2021-09-17,2021,9,17,27.5,31.4,24.9,53.4
2021-09-18,2021,9,18,27.8,32.1,24.2,44.5
2021-09-19,2021,9,19,28.0,31.8,24.9,42.9
2021-09-20,2021,9,20,27.3,31.2,24.9,48.0
2021-09-21,2021,9,21,25.5,29.0,23.1,45.6
2021-09-22,2021,9,22,25.9,30.2,21.6,49.7
2021-09-23,2021,9,23,24.8,29.1,20.5,37.5
2021-09-24,2021,9,24,25.8,29.9,22.0,40.5
2021-09-25,2021,9,25,26.6,31.7,22.2,43.1
2021-09-26,2021,9,26,26.9,32.4,23.2,43.2
2021-09-27,2021,9,27,27.1,32.3,23.4,45.3
2021-09-28,2021,9,28,27.9,33.2,23.8,45.9
2021-09-29,2021,9,29,27.3,31.3,24.4,52.7
2021-09-30,2021,9,30,27.3,31.8,24.2,43.5
2021-10-01,2021,10,1,26.9,31.5,22.9,46.3
2021-10-02,2021,10,2,25.6,29.1,23.1,41.6
2021-10-03,2021,10,3,25.8,30.6,22.1,43.0
2021-10-04,2021,10,4,25.5,30.4,21.5,50.9
2021-10-05,2021,10,5,25.7,30.2,22.3,40.8
2021-10-06,2021,10,6,25.8,32.1,21.3,44.6
2021-10-07,2021,10,7,25.7,32.0,21.0,44.9
2021-10-08,2021,10,8,26.1,32.2,20.7,45.5
2021-10-09,2021,10,9,26.3,32.6,21.2,51.7
2021-10-10,2021,10,10,23.6,28.5,19.7,47.1
2021-10-11,2021,10,11,23.7,29.9,18.7,48.9
2021-10-12,2021,10,12,23.2,29.4,18.3,45.6
2021-10-13,2021,10,13,22.6,28.7,18.3,50.5
2021-10-14,2021,10,14,22.6,29.6,16.8,44.3
2021-10-15,2021,10,15,23.7,30.5,17.6,50.9
2021-10-16,2021,10,16,24.6,31.4,19.0,54.8
2021-10-17,2021,10,17,23.6,29.0,19.3,51.9
2021-10-18,2021,10,18,21.7,27.0,17.2,46.0
2021-10-19,2021,10,19,21.8,28.0,17.4,41.6
2021-10-20,2021,10,20,22.7,29.3,17.1,37.9
2021-10-21,2021,10,21,22.5,29.8,17.5,44.7
2021-10-22,2021,10,22,21.2,28.0,16.4,44.2
2021-10-23,2021,10,23,19.0,22.9,15.2,55.2
2021-10-24,2021,10,24,16.9,20.8,12.7,50.4
2021-10-25,2021,10,25,16.8,22.8,11.8,46.2
2021-10-26,2021,10,26,18.3,24.2,12.7,40.6
2021-10-27,2021,10,27,18.8,25.7,13.8,50.6
2021-10-28,2021,10,28,18.8,25.6,13.3,41.1
2021-10-29,2021,10,29,19.1,26.0,13.0,51.9
2021-10-30,2021,10,30,19.5,25.7,15.5,45.6
2021-10-31,2021,10,31,19.5,26.0,15.6,57.7
2021-11-01,2021,11,1,18.5,25.6,13.1,51.2
2021-11-02,2021,11,2,18.7,24.1,14.8,48.1
2021-11-03,2021,11,3,17.9,25.0,12.8,43.9
2021-11-04,2021,11,4,18.2,24.9,13.1,47.8
2021-11-05,2021,11,5,17.3,21.4,14.4,43.3
2021-11-06,2021,11,6,17.4,24.5,11.2,52.8
2021-11-07,2021,11,7,17.2,24.9,11.3,47.6
2021-11-08,2021,11,8,18.3,25.2,12.9,50.2
2021-11-09,2021,11,9,18.0,25.7,12.1,54.4
2021-11-10,2021,11,10,18.4,25.3,12.6,51.3
2021-11-11,2021,11,11,17.9,25.5,13.0,43.6
2021-11-12,2021,11,12,17.4,25.4,12.4,45.3
2021-11-13,2021,11,13,16.7,24.8,10.9,52.1
2021-11-14,2021,11,14,16.4,24.1,10.5,42.6
2021-11-15,2021,11,15,16.0,23.4,11.5,42.2
2021-11-16,2021,11,16,15.7,23.0,9.7,61.0
2021-11-17,2021,11,17,15.6,22.5,10.3,46.4
2021-11-18,2021,11,18,15.3,22.1,10.9,42.7
2021-11-19,2021,11,19,15.0,22.5,9.8,51.9
2021-11-20,2021,11,20,15.3,22.3,10.4,59.2
2021-11-21,2021,11,21,14.9,22.5,9.9,42.8
2021-11-22,2021,11,22,14.7,22.5,9.0,54.8
2021-11-23,2021,11,23,15.5,22.2,9.3,55.0
2021-11-24,2021,11,24,15.3,22.5,9.9,46.9
2021-11-25,2021,11,25,15.8,23.1,10.8,57.6
2021-11-26,2021,11,26,14.9,21.9,8.6,51.3
2021-11-27,2021,11,27,15.3,22.1,10.2,59.2
2021-11-28,2021,11,28,15.3,22.1,10.6,47.8
2021-11-29,2021,11,29,15.2,21.2,9.7,47.4
2021-11-30,2021,11,30,14.6,21.8,8.6,52.0
2021-12-01,2021,12,1,14.1,20.9,8.2,53.5
2021-12-02,2021,12,2,14.0,21.0,8.9,49.6
2021-12-03,2021,12,3,14.7,20.8,10.8,45.9
2021-12-04,2021,12,4,15.4,22.1,9.4,50.0
2021-12-05,2021,12,5,13.3,17.2,10.9,61.9
2021-12-06,2021,12,6,12.8,18.4,8.6,47.7
2021-12-07,2021,12,7,12.7,19.5,7.7,50.7
2021-12-08,2021,12,8,12.5,20.3,6.5,55.7
2021-12-09,2021,12,9,13.8,20.6,8.3,46.1
2021-12-10,2021,12,10,12.7,20.3,7.8,54.4
2021-12-11,2021,12,11,12.6,19.5,7.0,54.7
2021-12-12,2021,12,12,11.8,17.8,7.3,62.5
2021-12-13,2021,12,13,11.2,17.8,6.8,51.6
2021-12-14,2021,12,14,9.8,15.8,4.5,54.2
2021-12-15,2021,12,15,10.0,16.4,4.9,59.4
2021-12-16,2021,12,16,8.6,14.1,3.7,64.2
2021-12-17,2021,12,17,8.2,14.8,3.7,53.3
2021-12-18,2021,12,18,8.0,15.0,3.2,48.6
2021-12-19,2021,12,19,8.3,16.4,2.1,51.0
2021-12-20,2021,12,20,8.8,16.0,2.7,60.8
2021-12-21,2021,12,21,10.3,17.4,4.0,50.0
2021-12-22,2021,12,22,12.1,17.9,7.5,68.9
2021-12-23,2021,12,23,12.2,18.8,7.7,55.9
2021-12-24,2021,12,24,12.6,18.8,8.7,60.6
2021-12-25,2021,12,25,12.8,18.8,7.2,53.9
2021-12-26,2021,12,26,10.5,13.5,7.7,63.2
2021-12-27,2021,12,27,9.6,13.1,7.1,55.6
2021-12-28,2021,12,28,9.4,15.4,5.2,57.0
2021-12-29,2021,12,29,9.4,16.3,4.7,58.7
2021-12-30,2021,12,30,10.0,16.4,5.2,60.5
2021-12-31,2021,12,31,9.9,16.5,5.2,54.1
2022-01-01,2022,1,1,9.9,14.6,6.0,64.1
2022-01-02,2022,1,2,11.0,17.8,6.0,67.9
2022-01-03,2022,1,3,10.7,16.5,7.1,57.0
2022-01-04,2022,1,4,10.7,12.8,9.0,60.0
2022-01-05,2022,1,5,10.0,10.9,8.3,55.4
2022-01-06,2022,1,6,10.8,14.0,8.5,69.4
2022-01-07,2022,1,7,10.0,12.2,8.2,66.9
2022-01-08,2022,1,8,9.6,12.0,5.8,60.6
2022-01-09,2022,1,9,10.1,15.2,6.8,58.8
2022-01-10,2022,1,10,8.8,14.4,4.6,66.1
2022-01-11,2022,1,11,10.4,16.2,6.3,71.5
2022-01-12,2022,1,12,10.7,16.2,6.4,66.8
2022-01-13,2022,1,13,9.7,16.2,6.1,60.2
2022-01-14,2022,1,14,9.8,16.5,5.0,67.7
2022-01-15,2022,1,15,9.6,15.7,4.3,66.7
2022-01-16,2022,1,16,10.5,16.4,4.7,57.9
2022-01-17,2022,1,17,9.9,13.3,6.4,69.6
2022-01-18,2022,1,18,10.7,16.9,6.0,62.6
2022-01-19,2022,1,19,10.6,12.1,8.9,71.3
2022-01-20,2022,1,20,10.3,15.6,6.9,62.6
2022-01-21,2022,1,21,9.8,14.8,7.0,52.3
2022-01-22,2022,1,22,9.0,10.0,7.9,65.7
2022-01-23,2022,1,23,9.1,10.9,8.2,69.3
2022-01-24,2022,1,24,9.8,13.9,5.8,64.5
2022-01-25,2022,1,25,9.5,14.7,5.9,69.4
2022-01-26,2022,1,26,8.7,14.8,4.6,69.2
2022-01-27,2022,1,27,8.5,15.5,3.6,67.7
2022-01-28,2022,1,28,8.9,16.0,3.7,62.4
2022-01-29,2022,1,29,10.4,17.3,5.4,59.6
2022-01-30,2022,1,30,10.7,18.2,5.5,68.2
2022-01-31,2022,1,31,10.6,16.8,5.5,70.9
2022-02-01,2022,2,1,10.5,17.0,5.8,60.9
2022-02-02,2022,2,2,10.0,15.2,5.2,62.0
2022-02-03,2022,2,3,10.5,14.4,6.9,78.0
2022-02-04,2022,2,4,8.6,14.4,4.4,77.8
2022-02-05,2022,2,5,9.9,15.8,4.3,66.0
2022-02-06,2022,2,6,11.5,16.4,7.8,70.2
2022-02-07,2022,2,7,11.8,16.9,7.7,68.4
2022-02-08,2022,2,8,11.2,17.2,6.8,72.7
2022-02-09,2022,2,9,11.0,16.6,6.2,77.1
2022-02-10,2022,2,10,10.8,17.7,5.5,70.9
2022-02-11,2022,2,11,11.6,17.9,7.1,75.3
2022-02-12,2022,2,12,11.6,19.5,5.9,78.3
2022-02-13,2022,2,13,12.8,20.0,7.0,66.9
2022-02-14,2022,2,14,13.8,19.0,9.2,65.7
2022-02-15,2022,2,15,13.9,19.2,8.8,60.3
2022-02-16,2022,2,16,13.5,19.8,8.4,67.2
2022-02-17,2022,2,17,12.7,18.2,7.9,64.9
2022-02-18,2022,2,18,12.7,18.8,8.6,78.4
2022-02-19,2022,2,19,13.5,20.3,7.2,65.8
2022-02-20,2022,2,20,14.6,20.9,9.6,78.3
2022-02-21,2022,2,21,15.5,22.5,8.7,65.1
2022-02-22,2022,2,22,16.1,20.8,12.1,75.6
2022-02-23,2022,2,23,12.1,13.4,11.1,72.5
2022-02-24,2022,2,24,12.4,16.9,9.1,80.9
2022-02-25,2022,2,25,11.0,14.4,8.1,76.6
2022-02-26,2022,2,26,10.5,15.2,7.3,69.1
2022-02-27,2022,2,27,11.9,18.2,5.7,67.4
2022-02-28,2022,2,28,12.6,19.2,7.2,72.6
2022-03-01,2022,3,1,14.9,20.0,10.3,63.0
2022-03-02,2022,3,2,15.3,21.0,9.9,76.7
2022-03-03,2022,3,3,12.8,15.6,10.4,74.0
2022-03-04,2022,3,4,14.2,20.3,7.9,66.5
2022-03-05,2022,3,5,15.3,22.2,9.5,73.0
2022-03-06,2022,3,6,14.6,18.8,12.4,78.2
2022-03-07,2022,3,7,15.3,20.3,12.1,77.0
2022-03-08,2022,3,8,16.0,22.3,11.0,68.0
2022-03-09,2022,3,9,16.0,22.2,12.9,69.4
2022-03-10,2022,3,10,17.3,23.6,11.9,72.7
2022-03-11,2022,3,11,18.0,25.3,12.5,76.2
2022-03-12,2022,3,12,19.4,26.8,13.3,77.4
2022-03-13,2022,3,13,20.5,27.4,14.5,70.3
2022-03-14,2022,3,14,22.3,29.8,16.9,82.6
2022-03-15,2022,3,15,23.0,28.8,17.8,68.9
2022-03-16,2022,3,16,23.4,30.2,17.2,70.6
2022-03-17,2022,3,17,23.6,31.4,17.8,76.2
2022-03-18,2022,3,18,23.4,30.0,18.0,72.4
2022-03-19,2022,3,19,21.6,27.5,17.8,74.3
2022-03-20,2022,3,20,22.4,28.2,16.6,70.4
2022-03-21,2022,3,21,23.0,29.3,17.8,82.9
2022-03-22,2022,3,22,22.2,30.3,15.2,76.2
2022-03-23,2022,3,23,22.1,30.2,15.7,80.7
2022-03-24,2022,3,24,21.7,27.8,16.3,76.2
2022-03-25,2022,3,25,21.3,28.6,15.4,79.7
2022-03-26,2022,3,26,22.6,30.4,15.3,73.8
2022-03-27,2022,3,27,24.1,31.8,16.9,81.3
2022-03-28,2022,3,28,24.5,31.7,19.2,71.4
2022-03-29,2022,3,29,24.6,32.2,18.4,79.2
2022-03-30,2022,3,30,24.4,31.2,19.1,73.6
2022-03-31,2022,3,31,24.6,31.0,17.7,82.2
2022-04-01,2022,4,1,24.4,31.6,19.1,67.3
2022-04-02,2022,4,2,25.6,33.4,18.0,78.5
2022-04-03,2022,4,3,25.4,32.5,19.5,65.6
2022-04-04,2022,4,4,24.2,31.9,17.8,80.8
2022-04-05,2022,4,5,25.3,33.5,17.8,73.7
2022-04-06,2022,4,6,26.3,34.0,19.5,72.3
2022-04-07,2022,4,7,26.9,34.9,18.7,75.6
2022-04-08,2022,4,8,27.9,36.2,19.1,66.3
2022-04-09,2022,4,9,27.5,34.6,20.4,76.4
2022-04-10,2022,4,10,27.6,35.5,19.9,76.6
2022-04-11,2022,4,11,28.1,36.0,20.7,75.8
2022-04-12,2022,4,12,27.8,35.2,22.0,75.7
2022-04-13,2022,4,13,26.4,32.7,22.6,74.0
2022-04-14,2022,4,14,24.9,30.4,19.1,79.7
2022-04-15,2022,4,15,25.1,31.8,18.5,76.2
2022-04-16,2022,4,16,26.1,33.2,18.6,72.2
2022-04-17,2022,4,17,27.5,34.8,20.6,74.1
2022-04-18,2022,4,18,28.2,35.6,21.0,75.9
2022-04-19,2022,4,19,27.0,33.7,22.5,88.7
2022-04-20,2022,4,20,25.7,32.6,20.2,75.5
2022-04-21,2022,4,21,24.7,31.4,19.7,68.5
2022-04-22,2022,4,22,23.4,29.1,19.0,73.7
2022-04-23,2022,4,23,24.5,31.0,18.3,73.4
2022-04-24,2022,4,24,25.9,33.0,18.9,72.2
2022-04-25,2022,4,25,25.9,30.9,20.4,77.0
2022-04-26,2022,4,26,27.0,34.5,20.3,72.1
2022-04-27,2022,4,27,28.5,36.0,20.8,71.7
2022-04-28,2022,4,28,30.4,38.1,22.3,72.7
2022-04-29,2022,4,29,30.1,37.2,24.0,71.2
2022-04-30,2022,4,30,29.8,37.2,22.8,69.0
2022-05-01,2022,5,1,30.9,38.5,23.2,73.1
2022-05-02,2022,5,2,29.6,36.3,23.9,80.2
2022-05-03,2022,5,3,28.7,34.9,22.2,66.0
2022-05-04,2022,5,4,24.6,28.3,20.7,78.2
2022-05-05,2022,5,5,26.0,32.1,20.0,67.9
2022-05-06,2022,5,6,27.4,34.2,20.3,73.1
2022-05-07,2022,5,7,28.0,34.8,20.2,78.5
2022-05-08,2022,5,8,30.5,37.3,22.1,78.5
2022-05-09,2022,5,9,30.5,36.7,24.5,59.4
2022-05-10,2022,5,10,30.2,37.6,23.4,75.6
2022-05-11,2022,5,11,31.4,38.3,24.6,71.0
2022-05-12,2022,5,12,32.1,38.6,24.0,76.6
2022-05-13,2022,5,13,32.0,38.7,24.9,69.2
2022-05-14,2022,5,14,32.8,41.3,24.4,68.6
2022-05-15,2022,5,15,33.9,41.0,26.6,67.5
2022-05-16,2022,5,16,31.9,39.4,24.8,74.0
2022-05-17,2022,5,17,30.4,36.0,25.4,72.3
2022-05-18,2022,5,18,30.3,37.4,23.3,72.1
2022-05-19,2022,5,19,30.8,37.6,23.8,72.7
2022-05-20,2022,5,20,30.3,35.5,25.7,70.9
2022-05-21,2022,5,21,29.7,36.3,22.2,72.7
2022-05-22,2022,5,22,29.9,36.1,23.0,65.9
2022-05-23,2022,5,23,25.1,30.1,22.6,70.8
2022-05-24,2022,5,24,25.3,31.4,20.0,70.4
2022-05-25,2022,5,25,26.8,33.4,19.6,64.4
2022-05-26,2022,5,26,30.0,36.4,23.3,76.8
2022-05-27,2022,5,27,31.2,36.8,23.9,78.7
2022-05-28,2022,5,28,31.3,37.3,25.9,66.2
2022-05-29,2022,5,29,30.7,36.5,24.5,68.9
2022-05-30,2022,5,30,30.6,37.2,23.3,63.8
2022-05-31,2022,5,31,30.5,37.2,23.9,68.8
2022-06-01,2022,6,1,29.9,36.4,23.5,60.5
2022-06-02,2022,6,2,31.2,37.9,25.2,70.4
2022-06-03,2022,6,3,31.7,38.6,25.3,74.3
2022-06-04,2022,6,4,32.4,39.3,25.2,72.3
2022-06-05,2022,6,5,32.9,40.8,25.3,65.4
2022-06-06,2022,6,6,33.6,41.0,26.3,66.2
2022-06-07,2022,6,7,34.0,41.3,26.2,68.3
2022-06-08,2022,6,8,33.8,40.9,28.0,67.2
2022-06-09,2022,6,9,33.8,41.9,25.5,70.5
2022-06-10,2022,6,10,34.3,40.3,26.5,62.5
2022-06-11,2022,6,11,33.6,40.0,28.5,63.0
2022-06-12,2022,6,12,33.7,40.2,26.3,66.6
2022-06-13,2022,6,13,33.4,38.8,27.5,60.1
2022-06-14,2022,6,14,34.8,41.6,27.1,66.7
2022-06-15,2022,6,15,35.8,42.8,28.2,69.5
2022-06-16,2022,6,16,33.6,37.6,28.6,67.6
2022-06-17,2022,6,17,29.0,34.1,23.6,65.1
2022-06-18,2022,6,18,26.9,32.3,22.5,67.5
2022-06-19,2022,6,19,26.5,32.1,21.4,66.4
2022-06-20,2022,6,20,25.9,31.7,21.0,60.9
2022-06-21,2022,6,21,21.4,25.7,19.5,61.3
2022-06-22,2022,6,22,22.7,28.6,17.5,69.0
2022-06-23,2022,6,23,26.2,31.6,21.0,65.9
2022-06-24,2022,6,24,27.5,34.2,21.0,64.7
2022-06-25,2022,6,25,29.6,35.9,22.1,56.7
2022-06-26,2022,6,26,31.1,37.3,25.5,58.3
2022-06-27,2022,6,27,31.7,37.8,25.7,53.3
2022-06-28,2022,6,28,32.9,39.0,27.0,64.8
2022-06-29,2022,6,29,33.7,39.3,28.2,59.6
2022-06-30,2022,6,30,31.1,36.1,27.1,60.9
2022-07-01,2022,7,1,27.1,31.7,24.1,63.6
2022-07-02,2022,7,2,29.8,34.4,25.7,62.3
2022-07-03,2022,7,3,30.2,34.3,26.6,48.1
2022-07-04,2022,7,4,30.7,35.2,26.2,64.9
2022-07-05,2022,7,5,30.6,34.5,26.6,58.2
2022-07-06,2022,7,6,29.7,34.9,26.3,65.4
2022-07-07,2022,7,7,29.7,34.4,25.4,50.0
2022-07-08,2022,7,8,30.4,33.8,26.6,57.2
2022-07-09,2022,7,9,28.6,34.2,24.6,54.3
2022-07-10,2022,7,10,26.8,31.6,23.4,59.1
2022-07-11,2022,7,11,26.7,31.3,23.4,56.6
2022-07-12,2022,7,12,27.7,32.1,24.0,52.9
2022-07-13,2022,7,13,25.9,29.1,23.6,56.4
2022-07-14,2022,7,14,25.6,29.9,22.8,52.5
2022-07-15,2022,7,15,26.8,31.4,23.0,48.4
2022-07-16,2022,7,16,28.8,33.6,23.3,51.3
2022-07-17,2022,7,17,29.1,33.3,25.5,66.0
2022-07-18,2022,7,18,29.8,34.0,25.4,56.3
2022-07-19,2022,7,19,30.4,34.1,26.3,55.8
2022-07-20,2022,7,20,28.6,32.0,25.3,54.8
2022-07-21,2022,7,21,25.0,26.6,23.8,63.4
2022-07-22,2022,7,22,26.6,30.6,23.8,58.2
2022-07-23,2022,7,23,26.8,29.9,24.5,59.3
2022-07-24,2022,7,24,26.6,29.8,24.9,57.1
2022-07-25,2022,7,25,26.5,30.2,24.7,60.6
2022-07-26,2022,7,26,27.6,31.1,24.4,53.9
2022-07-27,2022,7,27,26.1,29.4,24.2,55.2
2022-07-28,2022,7,28,25.5,27.6,23.8,60.6
2022-07-29,2022,7,29,26.3,28.8,23.6,45.9
2022-07-30,2022,7,30,27.0,30.9,23.4,56.0
2022-07-31,2022,7,31,25.5,29.2,22.9,51.0
2022-08-01,2022,8,1,26.0,30.0,21.8,48.0
2022-08-02,2022,8,2,27.8,32.2,22.9,53.5
2022-08-03,2022,8,3,28.6,32.8,24.1,44.9
2022-08-04,2022,8,4,29.2,33.9,24.7,46.3
2022-08-05,2022,8,5,27.6,31.0,25.0,51.7
2022-08-06,2022,8,6,27.8,31.5,24.4,54.1
2022-08-07,2022,8,7,28.5,32.9,24.6,52.4
2022-08-08,2022,8,8,27.3,31.9,22.5,55.7
2022-08-09,2022,8,9,29.1,32.7,24.9,49.9
2022-08-10,2022,8,10,29.8,34.1,25.7,54.4
2022-08-11,2022,8,11,27.0,30.4,24.3,52.3
2022-08-12,2022,8,12,28.5,33.1,23.8,51.8
2022-08-13,2022,8,13,29.5,34.1,24.9,53.9
2022-08-14,2022,8,14,29.6,34.1,25.7,43.9
2022-08-15,2022,8,15,25.4,29.4,23.3,49.3
2022-08-16,2022,8,16,27.1,31.4,23.7,48.6
2022-08-17,2022,8,17,26.2,30.0,23.1,42.5
2022-08-18,2022,8,18,27.5,31.2,24.5,46.8
2022-08-19,2022,8,19,28.1,32.4,23.6,45.6
2022-08-20,2022,8,20,26.4,30.6,22.8,51.2
2022-08-21,2022,8,21,26.2,30.4,21.7,48.6
2022-08-22,2022,8,22,27.5,31.8,24.4,48.5
2022-08-23,2022,8,23,28.2,33.3,23.5,55.1
2022-08-24,2022,8,24,26.3,29.6,24.3,44.2
2022-08-25,2022,8,25,26.2,29.0,23.8,44.1
2022-08-26,2022,8,26,25.9,29.8,23.3,47.2
2022-08-27,2022,8,27,26.5,30.2,22.9,54.3
2022-08-28,2022,8,28,27.2,30.9,23.3,46.5
2022-08-29,2022,8,29,26.8,30.6,23.3,43.3
2022-08-30,2022,8,30,27.7,32.2,23.4,47.5
2022-08-31,2022,8,31,28.3,32.7,23.6,37.8
2022-09-01,2022,9,1,28.5,33.4,24.1,48.2
2022-09-02,2022,9,2,27.9,33.1,24.0,49.8
2022-09-03,2022,9,3,27.6,32.0,24.8,50.4
2022-09-04,2022,9,4,26.1,29.7,21.8,41.7
2022-09-05,2022,9,5,25.1,28.9,22.8,50.3
2022-09-06,2022,9,6,26.3,30.7,22.0,48.3
2022-09-07,2022,9,7,27.6,32.2,23.2,42.5
2022-09-08,2022,9,8,28.5,33.3,24.2,49.5
2022-09-09,2022,9,9,28.0,32.4,24.7,42.9
2022-09-10,2022,9,10,26.4,30.5,22.7,38.5
2022-09-11,2022,9,11,25.2,29.2,22.1,47.1
2022-09-12,2022,9,12,25.2,29.6,20.8,43.7
2022-09-13,2022,9,13,26.7,31.4,22.4,47.6
2022-09-14,2022,9,14,26.4,31.6,22.1,55.4
2022-09-15,2022,9,15,26.7,32.1,22.4,44.5
2022-09-16,2022,9,16,26.4,31.1,23.1,40.4
2022-09-17,2022,9,17,25.1,29.7,20.4,51.6
2022-09-18,2022,9,18,26.1,32.0,21.1,45.0
2022-09-19,2022,9,19,25.9,32.3,20.5,44.9
2022-09-20,2022,9,20,27.1,32.8,21.9,45.2
2022-09-21,2022,9,21,26.7,32.9,22.5,53.8
2022-09-22,2022,9,22,27.0,32.6,21.9,47.9
2022-09-23,2022,9,23,27.2,33.1,23.0,47.5
2022-09-24,2022,9,24,26.1,31.7,22.5,41.9
2022-09-25,2022,9,25,24.2,29.4,21.4,47.2
2022-09-26,2022,9,26,24.5,29.4,20.1,41.5
2022-09-27,2022,9,27,25.3,30.5,20.9,41.8
2022-09-28,2022,9,28,25.9,31.1,21.5,42.8
2022-09-29,2022,9,29,25.7,30.7,21.6,42.6
2022-09-30,2022,9,30,26.1,32.2,21.4,36.6
2022-10-01,2022,10,1,26.5,31.9,21.9,46.0
2022-10-02,2022,10,2,25.9,31.2,20.1,41.1
2022-10-03,2022,10,3,26.1,32.0,21.6,37.9
2022-10-04,2022,10,4,25.8,32.4,20.2,40.4
2022-10-05,2022,10,5,25.2,32.5,19.2,51.6
2022-10-06,2022,10,6,24.8,30.3,19.0,54.0
2022-10-07,2022,10,7,24.7,31.3,19.1,42.3
2022-10-08,2022,10,8,23.6,30.3,18.5,52.2
2022-10-09,2022,10,9,23.5,30.5,17.8,45.3
2022-10-10,2022,10,10,23.8,28.9,19.1,51.1
2022-10-11,2022,10,11,22.7,28.6,18.5,47.1
2022-10-12,2022,10,12,22.4,28.2,18.1,51.7
2022-10-13,2022,10,13,22.4,28.3,17.3,50.0
2022-10-14,2022,10,14,22.7,29.1,17.9,47.4
2022-10-15,2022,10,15,22.7,29.4,17.3,45.5
2022-10-16,2022,10,16,23.1,29.8,18.0,44.7
2022-10-17,2022,10,17,23.4,30.2,18.1,49.4
2022-10-18,2022,10,18,22.8,28.6,18.2,48.2
2022-10-19,2022,10,19,22.8,29.0,18.0,44.7
2022-10-20,2022,10,20,19.5,24.2,16.4,51.3
2022-10-21,2022,10,21,19.5,26.8,13.9,47.7
2022-10-22,2022,10,22,20.0,27.3,14.0,48.9
2022-10-23,2022,10,23,20.4,27.6,14.9,49.7
2022-10-24,2022,10,24,20.3,27.6,14.6,40.2
2022-10-25,2022,10,25,20.4,27.8,14.9,47.9
2022-10-26,2022,10,26,21.4,29.1,15.3,50.8
2022-10-27,2022,10,27,21.3,28.2,16.1,52.6
2022-10-28,2022,10,28,20.6,28.7,15.1,37.3
2022-10-29,2022,10,29,20.9,28.0,15.3,47.3
2022-10-30,2022,10,30,21.4,28.1,16.2,51.3
2022-10-31,2022,10,31,20.8,26.8,16.0,48.8
2022-11-01,2022,11,1,21.0,26.4,15.6,44.3
2022-11-02,2022,11,2,21.8,27.7,16.6,47.3
2022-11-03,2022,11,3,21.2,27.7,16.2,47.4
2022-11-04,2022,11,4,21.5,26.8,17.2,46.4
2022-11-05,2022,11,5,19.0,23.0,15.2,44.9
2022-11-06,2022,11,6,17.3,20.4,14.9,32.7
2022-11-07,2022,11,7,17.1,22.5,14.3,50.9
2022-11-08,2022,11,8,17.6,23.9,12.7,49.7
2022-11-09,2022,11,9,15.3,18.0,12.9,45.2
2022-11-10,2022,11,10,16.4,22.1,11.7,52.6
2022-11-11,2022,11,11,15.7,22.1,11.5,52.0
2022-11-12,2022,11,12,15.1,22.7,10.4,57.6
2022-11-13,2022,11,13,14.8,19.3,9.2,54.5
2022-11-14,2022,11,14,13.2,15.5,10.9,35.2
2022-11-15,2022,11,15,14.7,20.8,10.7,45.6
2022-11-16,2022,11,16,14.9,20.2,11.2,60.6
2022-11-17,2022,11,17,14.8,20.4,11.3,52.2
2022-11-18,2022,11,18,14.4,21.3,9.8,53.8
2022-11-19,2022,11,19,15.0,18.9,11.4,52.0
2022-11-20,2022,11,20,15.0,20.7,11.2,46.8
2022-11-21,2022,11,21,14.8,21.7,10.1,51.6
2022-11-22,2022,11,22,14.7,21.7,9.9,56.3
2022-11-23,2022,11,23,14.9,22.1,10.0,44.1
2022-11-24,2022,11,24,15.4,22.6,10.2,47.9
2022-11-25,2022,11,25,16.0,22.0,12.6,52.4
2022-11-26,2022,11,26,14.8,22.4,8.9,59.2
2022-11-27,2022,11,27,14.6,22.3,8.6,62.4
2022-11-28,2022,11,28,15.2,21.8,11.1,57.5
2022-11-29,2022,11,29,14.5,21.8,8.5,45.1
2022-11-30,2022,11,30,14.1,21.8,9.1,53.8
2022-12-01,2022,12,1,14.3,21.8,8.8,46.3
2022-12-02,2022,12,2,14.8,20.9,8.7,53.8
2022-12-03,2022,12,3,14.0,20.6,9.8,51.6
2022-12-04,2022,12,4,12.8,20.6,7.3,53.2
2022-12-05,2022,12,5,13.6,20.7,10.1,51.8
2022-12-06,2022,12,6,12.8,20.5,7.7,57.5
2022-12-07,2022,12,7,13.1,21.5,7.2,49.5
2022-12-08,2022,12,8,13.3,19.2,7.5,65.0
2022-12-09,2022,12,9,14.3,20.0,9.5,54.2
2022-12-10,2022,12,10,14.4,19.7,10.1,50.1
2022-12-11,2022,12,11,13.3,19.0,9.6,55.9
2022-12-12,2022,12,12,12.8,20.3,7.0,65.6
2022-12-13,2022,12,13,13.8,18.8,10.0,56.7
2022-12-14,2022,12,14,13.7,20.2,10.1,56.3
2022-12-15,2022,12,15,12.6,21.0,6.6,55.0
2022-12-16,2022,12,16,12.9,20.4,8.3,59.8
2022-12-17,2022,12,17,12.9,20.6,7.1,55.4
2022-12-18,2022,12,18,13.2,20.3,7.3,62.1
2022-12-19,2022,12,19,12.6,19.3,8.1,49.2
2022-12-20,2022,12,20,11.8,19.2,7.3,62.6
2022-12-21,2022,12,21,11.4,18.7,7.2,62.3
2022-12-22,2022,12,22,10.7,17.9,6.9,48.3
2022-12-23,2022,12,23,9.9,16.3,4.0,66.8
2022-12-24,2022,12,24,9.5,16.0,4.3,59.9
2022-12-25,2022,12,25,9.8,16.9,4.4,56.4
2022-12-26,2022,12,26,10.8,16.9,6.2,59.7
2022-12-27,2022,12,27,10.4,18.4,3.8,54.3
2022-12-28,2022,12,28,10.9,18.2,5.2,61.3
2022-12-29,2022,12,29,10.0,12.6,8.6,56.4
2022-12-30,2022,12,30,10.6,15.4,8.2,54.0
2022-12-31,2022,12,31,10.6,16.6,6.7,60.3
2023-01-01,2023,1,1,9.2,17.0,4.7,52.4
2023-01-02,2023,1,2,8.8,15.7,4.1,57.9
2023-01-03,2023,1,3,8.6,16.0,3.1,70.3
2023-01-04,2023,1,4,8.7,16.8,3.4,66.4
2023-01-05,2023,1,5,9.3,17.2,4.7,61.9
2023-01-06,2023,1,6,9.8,14.6,4.5,57.9
2023-01-07,2023,1,7,10.9,17.1,5.3,65.3
2023-01-08,2023,1,8,10.9,15.1,7.8,59.0
2023-01-09,2023,1,9,11.5,17.7,7.8,64.9
2023-01-10,2023,1,10,12.0,19.4,6.5,57.7
2023-01-11,2023,1,11,10.6,12.3,9.5,61.0
2023-01-12,2023,1,12,9.2,13.2,6.0,62.8
2023-01-13,2023,1,13,7.0,10.0,3.0,64.0
2023-01-14,2023,1,14,7.1,13.4,1.8,65.4
2023-01-15,2023,1,15,8.0,14.1,3.9,70.3
2023-01-16,2023,1,16,8.0,13.8,3.8,58.1
2023-01-17,2023,1,17,7.5,14.2,2.0,70.4
2023-01-18,2023,1,18,8.2,15.1,2.6,61.9
2023-01-19,2023,1,19,10.1,15.4,6.7,67.6
2023-01-20,2023,1,20,9.9,14.6,7.0,70.0
2023-01-21,2023,1,21,7.4,12.1,4.6,56.1
2023-01-22,2023,1,22,7.8,13.8,3.4,62.6
2023-01-23,2023,1,23,8.1,14.0,4.1,72.2
2023-01-24,2023,1,24,8.9,13.2,5.7,64.8
2023-01-25,2023,1,25,8.7,12.7,5.2,65.3
2023-01-26,2023,1,26,9.0,15.2,4.4,71.7
2023-01-27,2023,1,27,10.9,16.8,6.8,61.5
2023-01-28,2023,1,28,11.4,16.2,8.1,62.7
2023-01-29,2023,1,29,10.9,15.6,6.7,64.5
2023-01-30,2023,1,30,9.2,10.5,7.0,71.7
2023-01-31,2023,1,31,10.9,16.1,6.2,75.0
2023-02-01,2023,2,1,12.7,18.0,8.9,68.1
2023-02-02,2023,2,2,14.3,19.3,10.7,58.3
2023-02-03,2023,2,3,13.3,17.3,9.1,70.8
2023-02-04,2023,2,4,14.0,20.2,9.1,63.0
2023-02-05,2023,2,5,13.5,20.3,8.3,64.8
2023-02-06,2023,2,6,12.9,17.7,9.2,72.3
2023-02-07,2023,2,7,12.4,18.5,8.2,66.9
2023-02-08,2023,2,8,13.3,20.1,6.9,68.0
2023-02-09,2023,2,9,11.5,14.2,9.0,80.2
2023-02-10,2023,2,10,11.8,18.4,7.4,68.9
2023-02-11,2023,2,11,10.2,15.5,5.8,75.5
2023-02-12,2023,2,12,9.9,16.1,4.2,71.8
2023-02-13,2023,2,13,11.2,17.2,6.3,71.6
2023-02-14,2023,2,14,13.2,21.4,7.0,72.9
2023-02-15,2023,2,15,15.8,22.8,9.6,75.8
2023-02-16,2023,2,16,18.6,25.3,12.6,70.1
2023-02-17,2023,2,17,18.7,24.7,12.8,69.7
2023-02-18,2023,2,18,18.4,24.8,13.1,70.3
2023-02-19,2023,2,19,18.1,24.4,13.3,70.3
2023-02-20,2023,2,20,15.0,18.0,11.6,77.3
2023-02-21,2023,2,21,15.6,23.4,9.8,64.9
2023-02-22,2023,2,22,16.6,22.9,10.9,74.5
2023-02-23,2023,2,23,16.3,23.2,10.0,79.2
2023-02-24,2023,2,24,17.7,25.1,10.9,61.5
2023-02-25,2023,2,25,18.0,24.9,11.8,68.2
2023-02-26,2023,2,26,15.5,20.5,11.7,83.9
2023-02-27,2023,2,27,17.1,23.9,11.2,71.8
2023-02-28,2023,2,28,16.0,21.4,12.7,75.5
2023-03-01,2023,3,1,15.8,21.0,11.1,80.0
2023-03-02,2023,3,2,14.8,18.7,11.8,72.1
2023-03-03,2023,3,3,16.0,22.6,10.4,76.1
2023-03-04,2023,3,4,17.8,24.4,12.7,74.5
2023-03-05,2023,3,5,18.3,24.9,13.4,81.1
2023-03-06,2023,3,6,19.0,25.7,12.6,76.8
2023-03-07,2023,3,7,19.2,26.7,13.6,65.5
2023-03-08,2023,3,8,19.7,27.4,12.8,76.8
2023-03-09,2023,3,9,19.6,27.7,12.8,68.5
2023-03-10,2023,3,10,20.8,27.9,14.9,70.5
2023-03-11,2023,3,11,22.1,29.4,15.5,65.7
2023-03-12,2023,3,12,20.0,25.2,16.4,70.9
2023-03-13,2023,3,13,20.9,28.3,15.6,67.7
2023-03-14,2023,3,14,21.8,29.4,14.9,82.4
2023-03-15,2023,3,15,22.7,30.1,16.7,75.2
2023-03-16,2023,3,16,20.1,25.7,16.0,77.5
2023-03-17,2023,3,17,16.2,19.8,13.3,72.8
2023-03-18,2023,3,18,17.1,24.0,12.0,74.5
2023-03-19,2023,3,19,17.9,24.3,12.5,72.5
2023-03-20,2023,3,20,18.5,25.1,12.8,77.1
2023-03-21,2023,3,21,16.9,22.7,13.1,76.2
2023-03-22,2023,3,22,17.7,23.6,12.5,74.7
2023-03-23,2023,3,23,17.1,22.2,13.7,72.1
2023-03-24,2023,3,24,16.3,21.4,13.0,78.4
2023-03-25,2023,3,25,14.0,18.4,11.0,73.2
2023-03-26,2023,3,26,16.8,23.3,9.8,81.7
2023-03-27,2023,3,27,18.4,24.7,11.9,74.8
2023-03-28,2023,3,28,19.4,26.0,13.4,79.6
2023-03-29,2023,3,29,18.6,23.7,14.9,76.0
2023-03-30,2023,3,30,17.8,21.8,13.5,67.3
2023-03-31,2023,3,31,16.3,21.8,14.3,71.1
2023-04-01,2023,4,1,15.8,19.3,13.2,74.6
2023-04-02,2023,4,2,17.4,23.1,11.4,73.2
2023-04-03,2023,4,3,16.3,21.1,13.8,70.1
2023-04-04,2023,4,4,16.7,22.1,12.3,71.5
2023-04-05,2023,4,5,17.8,24.2,11.6,73.2
2023-04-06,2023,4,6,18.0,23.2,13.0,73.4
2023-04-07,2023,4,7,20.0,25.9,14.5,69.2
2023-04-08,2023,4,8,21.1,28.3,14.2,78.4
2023-04-09,2023,4,9,22.3,29.8,14.8,78.8
2023-04-10,2023,4,10,22.8,30.2,14.8,79.9
2023-04-11,2023,4,11,23.3,31.4,16.9,77.1
2023-04-12,2023,4,12,24.9,31.9,17.6,75.6
2023-04-13,2023,4,13,25.6,32.6,18.5,78.0
2023-04-14,2023,4,14,26.5,34.7,18.7,81.0
2023-04-15,2023,4,15,27.5,35.5,19.4,78.5
2023-04-16,2023,4,16,24.8,30.1,20.6,68.0
2023-04-17,2023,4,17,25.5,33.1,18.9,85.8
2023-04-18,2023,4,18,22.6,28.4,18.7,74.2
2023-04-19,2023,4,19,19.6,24.2,15.1,73.8
2023-04-20,2023,4,20,18.4,23.7,15.0,72.8
2023-04-21,2023,4,21,18.7,24.4,13.9,78.4
2023-04-22,2023,4,22,19.1,23.6,13.8,72.1
2023-04-23,2023,4,23,21.6,28.4,14.2,66.5
2023-04-24,2023,4,24,23.2,30.8,15.4,75.5
2023-04-25,2023,4,25,23.7,30.8,17.6,71.9
2023-04-26,2023,4,26,22.9,29.8,17.6,74.9
2023-04-27,2023,4,27,23.1,29.0,17.1,65.9
2023-04-28,2023,4,28,23.7,29.7,17.9,75.8
2023-04-29,2023,4,29,24.6,31.3,17.8,74.9
2023-04-30,2023,4,30,24.3,30.7,18.1,74.9
2023-05-01,2023,5,1,20.2,23.8,16.9,73.2
2023-05-02,2023,5,2,19.0,22.8,16.6,74.0
2023-05-03,2023,5,3,20.2,25.2,16.2,70.8
2023-05-04,2023,5,4,20.8,26.2,15.9,80.9
2023-05-05,2023,5,5,22.4,28.1,16.5,62.0
2023-05-06,2023,5,6,22.0,26.1,17.5,82.7
2023-05-07,2023,5,7,20.9,26.4,16.1,73.1
2023-05-08,2023,5,8,20.6,26.5,15.3,60.1
2023-05-09,2023,5,9,22.6,29.2,15.3,69.7
2023-05-10,2023,5,10,25.7,32.5,19.5,62.8
2023-05-11,2023,5,11,26.5,34.9,18.4,69.8
2023-05-12,2023,5,12,28.7,36.5,20.6,67.9
2023-05-13,2023,5,13,28.1,36.0,22.1,76.1
2023-05-14,2023,5,14,27.1,33.3,20.8,75.6
2023-05-15,2023,5,15,28.4,35.9,20.3,73.8
2023-05-16,2023,5,16,27.7,34.8,22.5,72.2
2023-05-17,2023,5,17,28.8,36.1,21.8,73.6
2023-05-18,2023,5,18,26.6,30.8,22.3,75.0
2023-05-19,2023,5,19,27.8,34.3,21.0,73.2
2023-05-20,2023,5,20,29.7,37.2,21.2,62.1
2023-05-21,2023,5,21,32.0,40.6,24.3,69.3
2023-05-22,2023,5,22,33.0,41.1,25.0,68.4
2023-05-23,2023,5,23,31.0,37.6,26.0,69.0
2023-05-24,2023,5,24,26.4,30.8,21.5,63.8
2023-05-25,2023,5,25,25.2,32.5,20.9,65.9
2023-05-26,2023,5,26,22.4,26.2,19.2,64.4
2023-05-27,2023,5,27,25.3,31.2,19.3,64.6
2023-05-28,2023,5,28,26.8,33.0,20.7,64.7
2023-05-29,2023,5,29,26.4,32.2,22.5,75.7
2023-05-30,2023,5,30,23.7,29.6,20.0,77.0
2023-05-31,2023,5,31,21.6,24.8,18.8,62.2
2023-06-01,2023,6,1,19.3,24.6,16.9,75.8
2023-06-02,2023,6,2,23.4,29.1,16.7,67.8
2023-06-03,2023,6,3,25.1,30.5,18.6,62.5
2023-06-04,2023,6,4,26.8,32.0,20.1,66.0
2023-06-05,2023,6,5,27.0,32.5,20.8,68.4
2023-06-06,2023,6,6,27.8,33.7,21.2,66.3
2023-06-07,2023,6,7,26.9,31.2,22.1,66.3
2023-06-08,2023,6,8,28.9,35.0,22.8,66.4
2023-06-09,2023,6,9,30.3,36.7,23.5,58.1
2023-06-10,2023,6,10,31.0,38.2,23.7,73.4
2023-06-11,2023,6,11,29.9,36.5,24.2,66.9
2023-06-12,2023,6,12,30.3,35.9,24.1,69.9
2023-06-13,2023,6,13,31.5,38.0,25.2,64.3
2023-06-14,2023,6,14,31.1,36.8,23.8,64.2
2023-06-15,2023,6,15,29.0,33.9,23.9,71.2
2023-06-16,2023,6,16,29.4,35.2,23.6,52.0
2023-06-17,2023,6,17,31.4,37.2,25.5,63.8
2023-06-18,2023,6,18,32.5,38.8,26.6,56.9
2023-06-19,2023,6,19,31.7,37.2,25.4,75.0
2023-06-20,2023,6,20,33.1,39.9,27.1,62.5
2023-06-21,2023,6,21,34.0,40.7,28.5,58.5
2023-06-22,2023,6,22,35.1,41.9,28.8,62.0
2023-06-23,2023,6,23,35.0,41.6,30.0,66.0
2023-06-24,2023,6,24,34.3,39.6,30.0,52.3
2023-06-25,2023,6,25,31.5,36.6,26.4,66.0
2023-06-26,2023,6,26,27.2,31.5,23.6,64.7
2023-06-27,2023,6,27,29.5,35.2,23.4,61.3
2023-06-28,2023,6,28,28.7,33.7,23.6,55.1
2023-06-29,2023,6,29,28.6,33.0,23.5,59.6
2023-06-30,2023,6,30,28.2,33.2,22.0,59.9
2023-07-01,2023,7,1,28.7,33.5,24.5,66.3
2023-07-02,2023,7,2,29.4,34.4,21.7,63.5
2023-07-03,2023,7,3,31.2,36.1,26.8,65.0
2023-07-04,2023,7,4,28.2,33.4,24.7,61.6
2023-07-05,2023,7,5,25.8,30.2,22.4,58.2
2023-07-06,2023,7,6,27.0,31.2,23.1,65.3
2023-07-07,2023,7,7,26.0,29.7,22.5,61.9
2023-07-08,2023,7,8,26.2,29.5,22.7,54.6
2023-07-09,2023,7,9,27.2,32.3,22.4,54.5
2023-07-10,2023,7,10,26.8,31.7,22.5,51.6
2023-07-11,2023,7,11,28.6,34.0,23.6,52.6
2023-07-12,2023,7,12,29.7,35.0,24.1,54.8
2023-07-13,2023,7,13,29.1,34.0,23.4,54.9
2023-07-14,2023,7,14,28.8,33.6,24.3,52.3
2023-07-15,2023,7,15,28.3,32.6,24.1,56.2
2023-07-16,2023,7,16,28.1,32.1,24.6,53.3
2023-07-17,2023,7,17,29.8,34.3,24.8,56.6
2023-07-18,2023,7,18,29.2,33.3,25.5,59.7
2023-07-19,2023,7,19,25.5,27.8,24.1,43.1
2023-07-20,2023,7,20,28.0,32.4,23.6,50.5
2023-07-21,2023,7,21,28.6,32.5,26.1,53.5
2023-07-22,2023,7,22,26.6,30.0,24.2,60.5
2023-07-23,2023,7,23,27.0,30.6,23.3,57.0
2023-07-24,2023,7,24,28.8,32.3,25.4,55.1
2023-07-25,2023,7,25,27.0,31.4,23.9,56.2
2023-07-26,2023,7,26,27.6,30.4,24.9,49.6
2023-07-27,2023,7,27,26.7,30.3,23.2,56.9
2023-07-28,2023,7,28,26.1,30.1,23.5,56.7
2023-07-29,2023,7,29,26.4,30.0,22.2,53.2
2023-07-30,2023,7,30,28.2,32.3,23.7,53.0
2023-07-31,2023,7,31,28.2,32.2,24.0,52.5
2023-08-01,2023,8,1,29.4,33.5,25.3,57.9
2023-08-02,2023,8,2,29.7,33.9,26.1,52.2
2023-08-03,2023,8,3,28.3,33.0,23.7,42.3
2023-08-04,2023,8,4,28.8,34.3,23.2,43.1
2023-08-05,2023,8,5,27.4,32.0,23.5,44.8
2023-08-06,2023,8,6,28.2,32.1,23.8,53.8
2023-08-07,2023,8,7,27.0,31.1,22.6,50.7
2023-08-08,2023,8,8,27.8,32.6,23.0,57.0
2023-08-09,2023,8,9,29.2,33.1,25.2,47.1
2023-08-10,2023,8,10,27.6,32.3,24.1,48.3
2023-08-11,2023,8,11,27.7,32.4,23.2,55.7
2023-08-12,2023,8,12,29.5,33.5,24.2,52.2
2023-08-13,2023,8,13,30.0,34.1,26.6,44.6
2023-08-14,2023,8,14,26.7,30.7,23.3,42.8
2023-08-15,2023,8,15,26.3,31.4,22.1,48.2
2023-08-16,2023,8,16,27.7,32.2,24.3,55.0
2023-08-17,2023,8,17,28.2,31.9,24.7,46.5
2023-08-18,2023,8,18,28.3,32.0,23.7,54.0
2023-08-19,2023,8,19,29.4,33.7,24.9,48.7
2023-08-20,2023,8,20,29.7,33.9,25.7,47.6
2023-08-21,2023,8,21,30.3,34.8,26.4,49.4
2023-08-22,2023,8,22,31.1,35.6,27.1,55.7
2023-08-23,2023,8,23,29.4,34.5,24.8,50.7
2023-08-24,2023,8,24,25.7,30.1,22.6,50.3
2023-08-25,2023,8,25,25.7,29.7,21.9,42.9
2023-08-26,2023,8,26,25.8,29.5,22.4,47.5
2023-08-27,2023,8,27,27.2,31.3,23.5,49.7
2023-08-28,2023,8,28,26.2,31.3,21.6,47.9
2023-08-29,2023,8,29,26.5,31.4,22.8,38.1
2023-08-30,2023,8,30,27.4,33.3,22.2,54.5
2023-08-31,2023,8,31,27.9,33.4,23.2,46.6
2023-09-01,2023,9,1,29.1,33.8,24.6,50.5
2023-09-02,2023,9,2,28.9,32.7,25.3,42.8
2023-09-03,2023,9,3,28.2,31.6,25.0,49.6
2023-09-04,2023,9,4,29.2,34.4,24.3,47.0
2023-09-05,2023,9,5,27.7,31.8,23.8,40.0
2023-09-06,2023,9,6,27.7,32.4,23.4,51.9
2023-09-07,2023,9,7,28.7,34.8,23.7,43.6
2023-09-08,2023,9,8,28.7,34.6,23.2,52.3
2023-09-09,2023,9,9,29.0,34.8,24.5,44.6
2023-09-10,2023,9,10,29.0,34.2,25.4,55.5
2023-09-11,2023,9,11,29.0,33.7,24.4,43.2
2023-09-12,2023,9,12,29.5,34.5,25.6,39.1
2023-09-13,2023,9,13,30.1,35.4,25.8,39.9
2023-09-14,2023,9,14,29.7,33.7,26.3,47.1
2023-09-15,2023,9,15,29.4,34.9,25.8,45.7
2023-09-16,2023,9,16,27.0,31.6,22.9,54.5
2023-09-17,2023,9,17,27.0,31.2,22.8,49.9
2023-09-18,2023,9,18,25.7,29.8,23.0,54.0
2023-09-19,2023,9,19,26.5,31.2,22.8,35.1
2023-09-20,2023,9,20,27.5,32.0,23.0,45.7
2023-09-21,2023,9,21,27.0,31.7,23.6,39.2
2023-09-22,2023,9,22,25.3,29.1,22.3,45.0
2023-09-23,2023,9,23,25.2,30.4,19.6,34.8
2023-09-24,2023,9,24,25.1,30.2,19.6,39.1
2023-09-25,2023,9,25,23.4,28.7,18.7,44.6
2023-09-26,2023,9,26,23.9,30.3,18.9,45.0
2023-09-27,2023,9,27,24.3,30.8,18.4,51.1
2023-09-28,2023,9,28,24.8,31.1,18.8,42.1
2023-09-29,2023,9,29,22.2,25.6,19.7,48.0
2023-09-30,2023,9,30,23.3,29.2,19.0,44.1
2023-10-01,2023,10,1,23.4,30.3,17.2,44.2
2023-10-02,2023,10,2,24.2,30.8,18.5,45.7
2023-10-03,2023,10,3,23.9,30.6,18.1,48.6
2023-10-04,2023,10,4,24.6,31.3,19.0,50.5
2023-10-05,2023,10,5,24.3,31.5,18.4,36.0
2023-10-06,2023,10,6,25.3,32.5,19.6,52.3
2023-10-07,2023,10,7,26.0,32.2,20.1,42.0
2023-10-08,2023,10,8,24.9,31.0,19.5,45.2
2023-10-09,2023,10,9,24.3,30.3,19.9,48.2
2023-10-10,2023,10,10,22.5,28.2,17.3,40.7
2023-10-11,2023,10,11,23.3,29.0,19.1,54.3
2023-10-12,2023,10,12,23.8,29.9,18.6,48.9
2023-10-13,2023,10,13,24.2,30.7,19.0,46.1
2023-10-14,2023,10,14,21.3,25.5,18.1,41.9
2023-10-15,2023,10,15,20.7,25.2,16.8,45.8
2023-10-16,2023,10,16,17.6,21.1,15.2,42.6
2023-10-17,2023,10,17,16.3,19.8,14.0,45.6
2023-10-18,2023,10,18,17.8,23.4,13.3,51.8
2023-10-19,2023,10,19,18.9,25.2,13.7,46.5
2023-10-20,2023,10,20,19.7,26.0,13.6,43.2
2023-10-21,2023,10,21,20.8,26.2,15.1,43.1
2023-10-22,2023,10,22,18.6,23.6,15.9,46.6
2023-10-23,2023,10,23,19.4,25.4,14.9,49.6
2023-10-24,2023,10,24,20.5,26.8,15.8,42.8
2023-10-25,2023,10,25,20.1,26.7,14.7,45.4
2023-10-26,2023,10,26,20.1,27.1,14.0,42.2
2023-10-27,2023,10,27,20.0,27.0,14.5,51.6
2023-10-28,2023,10,28,20.4,27.4,14.3,56.4
2023-10-29,2023,10,29,21.1,27.1,15.5,44.2
2023-10-30,2023,10,30,21.0,27.0,16.1,43.4
2023-10-31,2023,10,31,21.5,27.5,16.1,45.0
2023-11-01,2023,11,1,20.1,25.6,16.4,46.5
2023-11-02,2023,11,2,19.9,26.3,14.7,38.6
2023-11-03,2023,11,3,19.2,26.0,13.8,49.6
2023-11-04,2023,11,4,19.3,26.1,14.4,42.7
2023-11-05,2023,11,5,18.9,26.0,13.2,41.0
2023-11-06,2023,11,6,19.3,25.4,15.0,51.6
2023-11-07,2023,11,7,18.1,24.1,14.8,49.4
2023-11-08,2023,11,8,18.9,25.0,14.1,42.7
2023-11-09,2023,11,9,17.3,23.1,14.0,57.2
2023-11-10,2023,11,10,15.5,19.0,12.6,43.2
2023-11-11,2023,11,11,15.8,21.7,11.2,52.1
2023-11-12,2023,11,12,16.0,22.2,11.4,46.6
2023-11-13,2023,11,13,16.1,22.1,12.3,48.7
2023-11-14,2023,11,14,15.8,22.8,11.4,58.7
2023-11-15,2023,11,15,16.6,23.4,11.1,51.3
2023-11-16,2023,11,16,17.5,23.2,13.2,59.1
2023-11-17,2023,11,17,16.4,23.3,10.7,51.7
2023-11-18,2023,11,18,16.0,21.7,11.1,43.1
2023-11-19,2023,11,19,17.0,22.3,13.4,50.5
2023-11-20,2023,11,20,15.2,22.0,10.3,60.8
2023-11-21,2023,11,21,15.2,21.5,10.7,56.8
2023-11-22,2023,11,22,15.3,22.2,10.1,40.3
2023-11-23,2023,11,23,14.6,21.0,9.5,52.8
2023-11-24,2023,11,24,15.0,22.0,10.2,49.4
2023-11-25,2023,11,25,15.5,21.8,11.0,44.7
2023-11-26,2023,11,26,16.5,21.1,12.4,54.1
2023-11-27,2023,11,27,16.1,21.4,12.6,63.4
2023-11-28,2023,11,28,16.1,21.9,11.8,52.2
2023-11-29,2023,11,29,16.4,22.1,12.1,43.6
2023-11-30,2023,11,30,14.1,16.8,11.3,45.9
2023-12-01,2023,12,1,14.4,20.2,10.0,58.0
2023-12-02,2023,12,2,14.7,21.5,9.7,57.0
2023-12-03,2023,12,3,14.8,19.9,11.5,57.4
2023-12-04,2023,12,4,13.6,20.3,9.5,59.3
2023-12-05,2023,12,5,12.5,19.5,7.4,47.9
2023-12-06,2023,12,6,12.9,20.2,7.6,51.2
2023-12-07,2023,12,7,13.8,20.2,10.0,60.9
2023-12-08,2023,12,8,13.9,19.2,7.9,56.9
2023-12-09,2023,12,9,11.9,19.4,7.5,52.4
2023-12-10,2023,12,10,12.2,19.5,7.2,61.4
2023-12-11,2023,12,11,11.7,18.2,6.3,58.2
2023-12-12,2023,12,12,12.4,17.5,7.5,48.7
2023-12-13,2023,12,13,11.5,18.3,6.5,49.1
2023-12-14,2023,12,14,10.7,17.9,6.3,50.2
2023-12-15,2023,12,15,11.9,17.2,7.9,63.2
2023-12-16,2023,12,16,11.4,16.6,6.4,47.0
2023-12-17,2023,12,17,11.0,17.1,6.2,60.6
2023-12-18,2023,12,18,11.8,18.4,6.2,50.7
2023-12-19,2023,12,19,11.5,18.8,6.0,56.1
2023-12-20,2023,12,20,12.2,20.1,6.6,58.5
2023-12-21,2023,12,21,12.5,20.0,8.0,53.3
2023-12-22,2023,12,22,13.7,18.7,8.1,55.4
2023-12-23,2023,12,23,14.2,20.7,9.9,58.6
2023-12-24,2023,12,24,13.9,19.6,9.3,55.3
2023-12-25,2023,12,25,14.4,20.7,10.3,60.0
2023-12-26,2023,12,26,14.2,20.6,9.0,60.9
2023-12-27,2023,12,27,13.6,20.7,7.9,61.7
2023-12-28,2023,12,28,12.7,20.1,7.4,61.1
2023-12-29,2023,12,29,12.4,17.6,7.7,63.6
2023-12-30,2023,12,30,12.2,18.3,7.8,61.9
2023-12-31,2023,12,31,11.4,18.5,6.4,51.1
2024-01-01,2024,1,1,11.3,18.3,5.6,61.4
2024-01-02,2024,1,2,10.4,16.1,6.4,58.1
2024-01-03,2024,1,3,9.3,16.0,5.6,58.1
2024-01-04,2024,1,4,10.2,16.1,5.7,60.3
2024-01-05,2024,1,5,10.3,16.1,6.4,63.0
2024-01-06,2024,1,6,9.5,16.6,4.9,63.8
2024-01-07,2024,1,7,9.8,16.2,3.8,59.8
2024-01-08,2024,1,8,9.9,16.3,5.7,51.3
2024-01-09,2024,1,9,9.5,16.5,5.6,64.8
2024-01-10,2024,1,10,9.6,17.3,4.5,58.3
2024-01-11,2024,1,11,10.1,17.2,4.8,65.4
2024-01-12,2024,1,12,10.6,17.2,4.9,67.1
2024-01-13,2024,1,13,11.1,16.7,5.4,67.6
2024-01-14,2024,1,14,9.8,18.1,4.7,66.4
2024-01-15,2024,1,15,10.4,18.9,4.6,64.3
2024-01-16,2024,1,16,9.8,16.3,4.5,67.1
2024-01-17,2024,1,17,11.1,18.1,5.9,58.7
2024-01-18,2024,1,18,11.3,18.4,7.4,68.4
2024-01-19,2024,1,19,11.5,18.3,5.2,73.8
2024-01-20,2024,1,20,9.7,15.5,6.1,64.3
2024-01-21,2024,1,21,9.5,15.5,6.2,58.0
2024-01-22,2024,1,22,8.4,14.1,4.9,59.8
2024-01-23,2024,1,23,8.4,15.0,3.3,64.8
2024-01-24,2024,1,24,9.2,16.6,2.5,69.7
2024-01-25,2024,1,25,9.5,14.6,4.6,62.0
2024-01-26,2024,1,26,11.5,17.1,6.7,62.1
2024-01-27,2024,1,27,12.5,19.3,6.1,65.0
2024-01-28,2024,1,28,13.2,17.4,9.8,60.2
2024-01-29,2024,1,29,12.8,18.2,9.0,57.8
2024-01-30,2024,1,30,11.5,15.7,7.5,69.4
2024-01-31,2024,1,31,10.3,11.7,8.8,69.8
2024-02-01,2024,2,1,8.8,13.8,4.7,65.3
2024-02-02,2024,2,2,9.3,15.3,3.4,64.1
2024-02-03,2024,2,3,9.8,11.3,8.6,59.5
2024-02-04,2024,2,4,9.4,12.4,6.2,66.5
2024-02-05,2024,2,5,9.0,15.0,4.1,69.2
2024-02-06,2024,2,6,9.5,15.2,5.0,64.1
2024-02-07,2024,2,7,10.1,16.3,4.1,71.3
2024-02-08,2024,2,8,12.3,18.1,8.5,64.9
2024-02-09,2024,2,9,11.9,19.7,5.3,64.9
2024-02-10,2024,2,10,12.4,20.1,7.0,72.3
2024-02-11,2024,2,11,13.1,20.5,7.2,73.0
2024-02-12,2024,2,12,14.4,20.7,8.7,65.2
2024-02-13,2024,2,13,14.1,21.6,8.2,72.3
2024-02-14,2024,2,14,14.3,21.5,7.7,78.9
2024-02-15,2024,2,15,15.3,22.9,8.8,73.0
2024-02-16,2024,2,16,16.4,23.7,10.2,65.9
2024-02-17,2024,2,17,17.0,23.6,11.6,72.4
2024-02-18,2024,2,18,14.0,16.9,12.5,77.5
2024-02-19,2024,2,19,12.4,15.4,9.2,66.2
2024-02-20,2024,2,20,10.5,15.2,6.2,68.2
2024-02-21,2024,2,21,11.1,16.7,5.5,66.6
2024-02-22,2024,2,22,11.8,17.3,7.1,68.6
2024-02-23,2024,2,23,10.9,17.5,5.5,62.4
2024-02-24,2024,2,24,11.6,17.4,6.3,74.2
2024-02-25,2024,2,25,12.6,17.9,7.4,77.3
2024-02-26,2024,2,26,11.6,17.4,7.5,71.1
2024-02-27,2024,2,27,12.9,18.9,7.7,78.5
2024-02-28,2024,2,28,14.0,20.2,9.0,71.3
2024-02-29,2024,2,29,14.3,19.3,8.9,83.3
2024-03-01,2024,3,1,12.9,15.7,11.5,69.0
2024-03-02,2024,3,2,12.3,15.3,9.4,75.1
2024-03-03,2024,3,3,9.3,13.4,4.9,69.8
2024-03-04,2024,3,4,9.5,15.2,4.4,81.1
2024-03-05,2024,3,5,11.4,17.8,5.8,73.7
2024-03-06,2024,3,6,12.7,19.1,6.9,66.4
2024-03-07,2024,3,7,14.0,19.1,9.5,79.4
2024-03-08,2024,3,8,13.9,19.9,7.7,70.5
2024-03-09,2024,3,9,15.9,21.8,10.3,76.3
2024-03-10,2024,3,10,16.0,21.8,10.0,77.0
2024-03-11,2024,3,11,17.3,22.1,13.0,69.3
2024-03-12,2024,3,12,17.3,23.5,10.2,83.3
2024-03-13,2024,3,13,14.7,18.1,12.2,77.0
2024-03-14,2024,3,14,14.8,20.9,11.1,75.1
2024-03-15,2024,3,15,15.8,22.0,10.7,71.9
2024-03-16,2024,3,16,17.1,24.2,10.0,77.1
2024-03-17,2024,3,17,18.1,24.7,11.1,79.5
2024-03-18,2024,3,18,18.6,25.8,12.9,75.8
2024-03-19,2024,3,19,20.0,27.1,13.8,69.3
2024-03-20,2024,3,20,20.8,28.4,13.2,79.4
2024-03-21,2024,3,21,20.3,23.7,16.1,71.5
2024-03-22,2024,3,22,17.9,22.8,13.7,68.5
2024-03-23,2024,3,23,19.4,26.2,12.1,73.4
2024-03-24,2024,3,24,20.9,27.0,15.8,81.9
2024-03-25,2024,3,25,21.4,28.1,14.8,82.4
2024-03-26,2024,3,26,21.3,29.0,14.3,71.3
2024-03-27,2024,3,27,19.2,25.6,16.1,66.0
2024-03-28,2024,3,28,20.3,25.8,15.5,77.3
2024-03-29,2024,3,29,20.5,25.4,15.1,78.9
2024-03-30,2024,3,30,17.6,21.7,14.9,69.1
2024-03-31,2024,3,31,17.2,23.1,12.5,74.4
2024-04-01,2024,4,1,19.4,26.0,14.2,78.5
2024-04-02,2024,4,2,20.2,27.1,13.4,70.6
2024-04-03,2024,4,3,18.5,24.5,14.2,75.3
2024-04-04,2024,4,4,19.9,26.5,12.9,82.6
2024-04-05,2024,4,5,20.9,27.6,15.9,75.1
2024-04-06,2024,4,6,21.5,28.5,14.6,71.4
2024-04-07,2024,4,7,22.0,29.8,14.4,77.8
2024-04-08,2024,4,8,22.4,30.7,15.8,67.4
2024-04-09,2024,4,9,23.6,31.3,15.9,83.0
2024-04-10,2024,4,10,23.7,30.4,17.2,81.2
2024-04-11,2024,4,11,21.6,27.7,16.0,77.7
2024-04-12,2024,4,12,23.3,30.5,17.2,78.3
2024-04-13,2024,4,13,19.4,22.6,16.4,76.6
2024-04-14,2024,4,14,18.9,23.0,16.0,65.2
2024-04-15,2024,4,15,18.3,23.4,14.3,78.2
2024-04-16,2024,4,16,19.7,26.0,13.1,77.9
2024-04-17,2024,4,17,22.2,27.8,16.8,77.0
2024-04-18,2024,4,18,19.9,23.2,17.1,65.3
2024-04-19,2024,4,19,18.3,23.4,15.7,75.1
2024-04-20,2024,4,20,19.2,24.9,14.6,71.4
2024-04-21,2024,4,21,21.1,27.9,15.2,73.2
2024-04-22,2024,4,22,21.4,27.0,16.6,69.7
2024-04-23,2024,4,23,22.6,28.6,17.0,73.5
2024-04-24,2024,4,24,22.4,28.0,17.1,72.9
2024-04-25,2024,4,25,24.7,31.4,17.8,67.1
2024-04-26,2024,4,26,22.3,29.7,18.8,69.8
2024-04-27,2024,4,27,18.6,20.7,16.5,66.5
2024-04-28,2024,4,28,18.9,24.6,16.3,73.9
2024-04-29,2024,4,29,17.4,22.2,13.8,79.5
2024-04-30,2024,4,30,17.7,23.2,12.1,64.1
2024-05-01,2024,5,1,19.2,25.6,12.5,66.6
2024-05-02,2024,5,2,21.6,28.3,14.3,69.3
2024-05-03,2024,5,3,22.7,28.2,16.5,79.6
2024-05-04,2024,5,4,22.9,29.4,16.8,74.9
2024-05-05,2024,5,5,24.5,30.0,19.4,73.3
2024-05-06,2024,5,6,25.9,32.9,18.8,75.5
2024-05-07,2024,5,7,27.2,34.6,21.2,71.3
2024-05-08,2024,5,8,28.0,35.2,20.7,72.4
2024-05-09,2024,5,9,28.3,35.2,21.5,71.6
2024-05-10,2024,5,10,27.8,33.4,22.5,61.7
2024-05-11,2024,5,11,26.5,32.7,22.3,74.1
2024-05-12,2024,5,12,23.6,29.1,19.6,74.8
2024-05-13,2024,5,13,25.0,31.8,17.0,72.0
2024-05-14,2024,5,14,27.2,34.4,20.2,73.8
2024-05-15,2024,5,15,28.8,36.6,22.4,62.5
2024-05-16,2024,5,16,29.2,35.9,21.9,72.2
2024-05-17,2024,5,17,29.7,37.4,22.7,71.7
2024-05-18,2024,5,18,30.0,35.9,26.2,69.5
2024-05-19,2024,5,19,30.4,37.0,24.2,76.4
2024-05-20,2024,5,20,30.4,37.6,23.1,73.4
2024-05-21,2024,5,21,31.5,37.6,26.0,69.4
2024-05-22,2024,5,22,32.0,38.9,23.2,75.6
2024-05-23,2024,5,23,32.1,38.9,23.6,69.4
2024-05-24,2024,5,24,32.0,38.3,24.2,75.5
2024-05-25,2024,5,25,31.4,37.0,25.5,66.1
2024-05-26,2024,5,26,32.4,39.4,26.1,70.8
2024-05-27,2024,5,27,32.5,39.4,27.6,66.7
2024-05-28,2024,5,28,32.2,39.1,26.3,68.4
2024-05-29,2024,5,29,32.4,39.3,27.0,68.1
2024-05-30,2024,5,30,31.8,39.3,25.6,71.2
2024-05-31,2024,5,31,32.6,39.6,24.4,64.6
2024-06-01,2024,6,1,32.7,40.3,24.5,62.8
2024-06-02,2024,6,2,32.4,39.4,24.0,64.6
2024-06-03,2024,6,3,32.7,40.1,25.6,68.7
2024-06-04,2024,6,4,31.2,38.7,26.6,65.5
2024-06-05,2024,6,5,30.0,36.4,24.5,67.6
2024-06-06,2024,6,6,26.5,33.2,22.7,70.1
2024-06-07,2024,6,7,27.0,33.0,21.9,71.4
2024-06-08,2024,6,8,28.4,35.3,21.1,66.6
2024-06-09,2024,6,9,29.1,36.0,21.3,59.6
2024-06-10,2024,6,10,30.5,38.0,22.6,59.6
2024-06-11,2024,6,11,32.2,39.4,25.3,60.1
2024-06-12,2024,6,12,33.6,41.2,26.2,64.7
2024-06-13,2024,6,13,33.2,40.9,25.8,63.1
2024-06-14,2024,6,14,32.4,38.8,26.4,67.3
2024-06-15,2024,6,15,33.4,40.9,27.2,61.8
2024-06-16,2024,6,16,34.7,41.6,26.8,68.8
2024-06-17,2024,6,17,34.9,42.8,26.7,62.6
2024-06-18,2024,6,18,35.2,42.7,28.3,61.5
2024-06-19,2024,6,19,34.3,40.1,27.3,62.4
2024-06-20,2024,6,20,31.8,36.0,27.7,68.8
2024-06-21,2024,6,21,29.4,34.3,24.4,56.2
2024-06-22,2024,6,22,31.2,37.1,25.0,63.4
2024-06-23,2024,6,23,32.4,38.0,27.7,60.9
2024-06-24,2024,6,24,33.1,39.3,26.9,63.5
2024-06-25,2024,6,25,33.7,40.0,26.1,64.4
2024-06-26,2024,6,26,35.1,41.5,26.8,66.3
2024-06-27,2024,6,27,33.3,38.6,29.4,56.5
2024-06-28,2024,6,28,32.1,36.9,25.5,60.4
2024-06-29,2024,6,29,32.8,38.2,26.0,55.1
2024-06-30,2024,6,30,32.3,37.9,25.9,59.2
2024-07-01,2024,7,1,32.4,38.4,26.5,61.7
2024-07-02,2024,7,2,31.3,36.8,25.1,62.1
2024-07-03,2024,7,3,32.5,38.3,26.1,57.9
2024-07-04,2024,7,4,29.2,32.9,25.8,61.0
2024-07-05,2024,7,5,27.6,31.1,23.8,55.0
2024-07-06,2024,7,6,26.9,31.8,21.9,63.8
2024-07-07,2024,7,7,27.2,30.8,22.1,56.6
2024-07-08,2024,7,8,29.0,33.7,23.9,62.5
2024-07-09,2024,7,9,29.3,33.6,24.5,55.9
2024-07-10,2024,7,10,29.0,33.0,23.8,48.4
2024-07-11,2024,7,11,28.9,32.7,25.8,58.8
2024-07-12,2024,7,12,28.7,32.5,25.2,54.0
2024-07-13,2024,7,13,28.4,32.5,23.5,55.0
2024-07-14,2024,7,14,28.5,33.4,23.1,43.2
2024-07-15,2024,7,15,30.2,35.6,24.8,45.7
2024-07-16,2024,7,16,30.7,35.8,25.3,59.4
2024-07-17,2024,7,17,31.1,35.6,26.7,61.8
2024-07-18,2024,7,18,29.0,33.8,24.8,65.4
2024-07-19,2024,7,19,29.9,34.9,25.9,51.5
2024-07-20,2024,7,20,30.7,34.7,26.2,56.7
2024-07-21,2024,7,21,31.2,35.9,26.9,55.8
2024-07-22,2024,7,22,30.2,35.1,26.8,51.1
2024-07-23,2024,7,23,28.6,33.8,24.5,54.2
2024-07-24,2024,7,24,30.0,34.5,26.0,55.0
2024-07-25,2024,7,25,30.1,35.2,23.8,52.8
2024-07-26,2024,7,26,30.6,35.7,25.3,50.8
2024-07-27,2024,7,27,30.7,34.4,25.2,51.3
2024-07-28,2024,7,28,28.7,33.1,25.6,52.8
2024-07-29,2024,7,29,28.2,30.3,26.8,50.2
2024-07-30,2024,7,30,28.8,32.3,25.6,51.7
2024-07-31,2024,7,31,30.3,34.5,26.1,58.9
2024-08-01,2024,8,1,26.7,29.2,24.2,52.6
2024-08-02,2024,8,2,28.7,32.7,24.5,51.0
2024-08-03,2024,8,3,27.9,32.3,25.2,49.1
2024-08-04,2024,8,4,27.2,30.5,24.3,57.2
2024-08-05,2024,8,5,28.1,31.2,24.8,47.9
2024-08-06,2024,8,6,27.7,33.0,24.6,44.4
2024-08-07,2024,8,7,26.9,31.9,23.4,46.4
2024-08-08,2024,8,8,26.8,30.2,24.2,54.8
2024-08-09,2024,8,9,28.0,31.5,24.7,51.0
2024-08-10,2024,8,10,27.4,30.7,24.2,50.3
2024-08-11,2024,8,11,25.1,27.4,23.0,45.1
2024-08-12,2024,8,12,27.2,31.5,23.3,52.9
2024-08-13,2024,8,13,28.8,33.1,24.2,49.0
2024-08-14,2024,8,14,28.8,31.9,25.7,50.0
2024-08-15,2024,8,15,25.8,28.8,23.8,46.7
2024-08-16,2024,8,16,27.3,31.8,24.9,54.3
2024-08-17,2024,8,17,26.2,28.9,24.1,45.3
2024-08-18,2024,8,18,27.7,32.0,24.5,48.0
2024-08-19,2024,8,19,27.2,31.3,23.5,46.3
2024-08-20,2024,8,20,26.1,29.7,22.5,53.8
2024-08-21,2024,8,21,26.3,30.7,22.3,45.9
2024-08-22,2024,8,22,27.2,31.9,22.9,46.5
2024-08-23,2024,8,23,28.1,32.7,23.9,49.2
2024-08-24,2024,8,24,28.2,32.6,24.3,39.5
2024-08-25,2024,8,25,27.9,31.5,24.7,46.2
2024-08-26,2024,8,26,28.8,33.2,25.1,50.3
2024-08-27,2024,8,27,26.2,30.0,23.3,43.0
2024-08-28,2024,8,28,25.3,27.2,23.7,45.0
2024-08-29,2024,8,29,25.1,27.4,23.0,56.7
2024-08-30,2024,8,30,25.1,28.3,23.0,37.6
2024-08-31,2024,8,31,26.6,31.5,22.2,44.3
2024-09-01,2024,9,1,28.0,32.6,23.3,47.6
2024-09-02,2024,9,2,25.9,29.2,22.7,51.7
2024-09-03,2024,9,3,25.5,28.9,22.3,43.8
2024-09-04,2024,9,4,26.5,30.8,22.8,49.1
2024-09-05,2024,9,5,26.5,30.5,23.0,48.1
2024-09-06,2024,9,6,25.9,30.2,21.5,46.5
2024-09-07,2024,9,7,25.4,29.9,21.3,46.4
2024-09-08,2024,9,8,26.6,31.2,22.6,49.3
2024-09-09,2024,9,9,27.4,32.7,22.7,36.0
2024-09-10,2024,9,10,27.7,31.5,23.5,52.2
2024-09-11,2024,9,11,27.4,32.1,23.4,43.3
2024-09-12,2024,9,12,28.0,32.7,23.6,49.0
2024-09-13,2024,9,13,27.7,32.3,23.5,50.3
2024-09-14,2024,9,14,24.8,29.3,22.0,38.6
2024-09-15,2024,9,15,25.5,30.3,20.2,42.5
2024-09-16,2024,9,16,26.2,31.8,21.0,41.0
2024-09-17,2024,9,17,26.2,31.4,20.9,40.1
2024-09-18,2024,9,18,26.6,32.2,21.4,52.6
2024-09-19,2024,9,19,27.6,34.0,22.8,34.7
2024-09-20,2024,9,20,27.5,33.2,22.3,52.6
2024-09-21,2024,9,21,27.7,33.0,23.0,51.3
2024-09-22,2024,9,22,28.4,33.7,23.7,37.3
2024-09-23,2024,9,23,29.0,34.6,24.1,38.8
2024-09-24,2024,9,24,29.4,34.9,24.0,42.0
2024-09-25,2024,9,25,29.7,34.2,26.0,40.9
2024-09-26,2024,9,26,27.4,31.4,23.5,43.0
2024-09-27,2024,9,27,24.6,28.4,22.0,41.7
2024-09-28,2024,9,28,24.7,29.6,20.4,43.2
2024-09-29,2024,9,29,24.9,29.2,21.6,45.4
2024-09-30,2024,9,30,25.5,31.0,21.5,41.5
2024-10-01,2024,10,1,25.7,31.7,21.3,48.4
2024-10-02,2024,10,2,25.9,32.3,20.7,41.5
2024-10-03,2024,10,3,26.0,32.0,20.7,43.1
2024-10-04,2024,10,4,25.8,31.6,21.3,43.5
2024-10-05,2024,10,5,25.0,30.4,21.1,44.2
2024-10-06,2024,10,6,24.2,30.2,17.8,52.6
2024-10-07,2024,10,7,24.5,31.0,18.9,37.7
2024-10-08,2024,10,8,22.8,27.7,19.6,49.5
2024-10-09,2024,10,9,23.0,28.5,18.8,43.9
2024-10-10,2024,10,10,22.4,28.8,17.1,47.1
2024-10-11,2024,10,11,22.9,29.5,17.5,45.4
2024-10-12,2024,10,12,23.4,29.9,18.0,49.2
2024-10-13,2024,10,13,23.6,30.3,18.5,48.5
2024-10-14,2024,10,14,23.5,30.1,18.6,38.8
2024-10-15,2024,10,15,23.4,30.5,18.4,53.1
2024-10-16,2024,10,16,24.1,30.7,18.1,49.3
2024-10-17,2024,10,17,23.9,30.1,19.2,48.7
2024-10-18,2024,10,18,23.8,29.8,19.1,42.9
2024-10-19,2024,10,19,23.5,30.2,17.5,46.9
2024-10-20,2024,10,20,23.5,29.6,17.6,43.9
2024-10-21,2024,10,21,23.6,29.2,18.9,48.1
2024-10-22,2024,10,22,23.2,28.8,18.2,48.6
2024-10-23,2024,10,23,21.7,27.3,17.3,43.5
2024-10-24,2024,10,24,22.2,28.0,17.7,46.7
2024-10-25,2024,10,25,22.0,29.2,16.8,49.9
2024-10-26,2024,10,26,23.2,30.4,18.9,44.0
2024-10-27,2024,10,27,22.8,29.1,17.6,51.0
2024-10-28,2024,10,28,22.7,28.6,18.0,52.4
2024-10-29,2024,10,29,20.0,23.4,17.9,52.4
2024-10-30,2024,10,30,21.0,26.7,16.9,43.0
2024-10-31,2024,10,31,21.0,26.9,17.1,44.6
2024-11-01,2024,11,1,20.3,26.7,16.1,47.0
2024-11-02,2024,11,2,20.7,26.4,15.2,48.9
2024-11-03,2024,11,3,20.3,26.3,15.5,47.1
2024-11-04,2024,11,4,19.8,26.4,15.4,49.7
2024-11-05,2024,11,5,20.3,26.0,15.2,45.5
2024-11-06,2024,11,6,20.7,26.7,16.2,47.3
2024-11-07,2024,11,7,20.5,26.0,15.9,47.5
2024-11-08,2024,11,8,21.1,26.1,17.3,52.6
2024-11-09,2024,11,9,20.6,25.6,16.7,46.9
2024-11-10,2024,11,10,20.6,24.7,16.3,51.0
2024-11-11,2024,11,11,18.1,22.0,15.4,56.1
2024-11-12,2024,11,12,18.5,24.8,14.4,43.2
2024-11-13,2024,11,13,18.1,23.9,14.7,42.6
2024-11-14,2024,11,14,17.5,21.9,14.2,47.1
2024-11-15,2024,11,15,17.1,22.5,13.4,54.0
2024-11-16,2024,11,16,15.7,20.9,11.9,45.4
2024-11-17,2024,11,17,15.8,21.7,11.3,52.7
2024-11-18,2024,11,18,15.6,22.0,11.9,54.6
2024-11-19,2024,11,19,15.1,21.8,10.8,46.2
2024-11-20,2024,11,20,14.9,21.5,10.0,44.4
2024-11-21,2024,11,21,15.4,21.7,11.3,45.3
2024-11-22,2024,11,22,15.9,21.5,11.8,58.8
2024-11-23,2024,11,23,15.4,19.7,12.7,51.5
2024-11-24,2024,11,24,15.5,21.1,11.4,54.8
2024-11-25,2024,11,25,15.9,22.2,11.6,46.9
2024-11-26,2024,11,26,15.8,22.2,11.1,50.0
2024-11-27,2024,11,27,15.4,21.5,10.4,44.4
2024-11-28,2024,11,28,15.4,22.3,10.3,60.3
2024-11-29,2024,11,29,15.2,21.2,11.4,57.6
2024-11-30,2024,11,30,15.1,20.6,10.7,55.1
2024-12-01,2024,12,1,15.3,21.6,10.9,55.8
2024-12-02,2024,12,2,15.5,22.1,11.1,41.9
2024-12-03,2024,12,3,15.2,21.4,9.4,55.9
2024-12-04,2024,12,4,15.3,21.3,11.1,63.4
2024-12-05,2024,12,5,14.2,21.0,9.2,49.5
2024-12-06,2024,12,6,13.5,20.4,9.1,46.9
2024-12-07,2024,12,7,12.6,19.1,8.4,55.4
2024-12-08,2024,12,8,10.5,13.2,8.2,58.8
2024-12-09,2024,12,9,10.2,15.8,6.5,56.6
2024-12-10,2024,12,10,9.8,16.3,4.5,52.2
2024-12-11,2024,12,11,9.9,16.2,5.4,53.6
2024-12-12,2024,12,12,9.7,16.3,5.2,49.8
2024-12-13,2024,12,13,11.1,16.8,6.3,65.4
2024-12-14,2024,12,14,11.7,18.6,6.9,47.2
2024-12-15,2024,12,15,11.8,18.4,7.0,58.2
2024-12-16,2024,12,16,11.2,18.5,6.1,61.2
2024-12-17,2024,12,17,10.9,18.3,6.1,61.4
2024-12-18,2024,12,18,11.2,17.0,7.8,59.8
2024-12-19,2024,12,19,10.8,17.3,5.5,51.4
2024-12-20,2024,12,20,10.4,17.2,6.2,53.1
2024-12-21,2024,12,21,10.4,17.1,5.3,55.6
2024-12-22,2024,12,22,11.4,16.5,7.2,52.7
2024-12-23,2024,12,23,10.8,16.2,7.7,50.6
2024-12-24,2024,12,24,10.6,17.0,5.8,62.8
2024-12-25,2024,12,25,10.9,18.0,6.8,56.4
2024-12-26,2024,12,26,12.1,19.4,7.5,62.3
2024-12-27,2024,12,27,12.0,18.0,7.5,67.5
2024-12-28,2024,12,28,11.3,16.5,7.2,55.7
2024-12-29,2024,12,29,11.0,17.5,6.5,70.4
2024-12-30,2024,12,30,11.2,17.6,6.6,65.6
2024-12-31,2024,12,31,11.3,17.6,6.4,57.4
2025-01-01,2025,1,1,11.5,17.9,6.9,63.8
2025-01-02,2025,1,2,12.0,18.6,6.7,53.7
2025-01-03,2025,1,3,13.2,19.6,8.2,68.0
2025-01-04,2025,1,4,13.1,20.2,8.8,63.1
2025-01-05,2025,1,5,12.3,17.4,8.7,66.9
2025-01-06,2025,1,6,11.1,15.4,7.8,60.2
2025-01-07,2025,1,7,11.5,17.3,7.7,54.9
2025-01-08,2025,1,8,11.9,18.1,7.6,64.2
2025-01-09,2025,1,9,11.5,18.9,6.7,61.3
2025-01-10,2025,1,10,11.4,19.0,6.4,67.2
2025-01-11,2025,1,11,10.7,16.4,6.5,67.3
2025-01-12,2025,1,12,12.0,17.6,7.6,68.1
2025-01-13,2025,1,13,11.1,17.6,6.4,63.8
2025-01-14,2025,1,14,11.9,17.6,7.4,73.4
2025-01-15,2025,1,15,11.9,18.7,6.2,58.7
2025-01-16,2025,1,16,10.6,15.3,7.3,78.4
2025-01-17,2025,1,17,11.8,17.4,7.5,68.6
2025-01-18,2025,1,18,13.0,18.6,8.7,59.5
2025-01-19,2025,1,19,10.9,15.3,8.5,61.0
2025-01-20,2025,1,20,10.5,18.0,6.7,62.9
2025-01-21,2025,1,21,12.1,18.6,6.7,63.2
2025-01-22,2025,1,22,13.0,18.4,8.3,67.4
2025-01-23,2025,1,23,13.3,19.0,8.6,59.1
2025-01-24,2025,1,24,14.8,20.1,10.6,64.3
2025-01-25,2025,1,25,13.9,20.8,8.8,72.6
2025-01-26,2025,1,26,14.0,21.7,8.8,67.9
2025-01-27,2025,1,27,14.4,22.3,7.7,54.1
2025-01-28,2025,1,28,15.6,22.6,9.0,59.0
2025-01-29,2025,1,29,14.7,19.4,10.2,76.6
2025-01-30,2025,1,30,13.4,19.7,7.6,72.7
2025-01-31,2025,1,31,14.1,19.8,9.7,74.3
2025-02-01,2025,2,1,12.4,17.9,8.5,67.7
2025-02-02,2025,2,2,14.0,20.7,8.1,65.5
2025-02-03,2025,2,3,14.6,21.7,9.0,69.1
2025-02-04,2025,2,4,13.4,18.6,8.7,73.7
2025-02-05,2025,2,5,12.7,18.6,7.8,65.3
2025-02-06,2025,2,6,13.0,18.8,8.3,64.6
2025-02-07,2025,2,7,14.7,20.8,10.2,68.7
2025-02-08,2025,2,8,16.1,22.2,10.3,73.2
2025-02-09,2025,2,9,17.5,23.7,11.5,66.2
2025-02-10,2025,2,10,16.6,20.3,13.6,63.7
2025-02-11,2025,2,11,14.9,19.7,10.7,68.5
2025-02-12,2025,2,12,14.7,20.6,9.4,74.8
2025-02-13,2025,2,13,14.8,20.7,10.2,61.6
2025-02-14,2025,2,14,15.6,22.2,8.8,82.2
2025-02-15,2025,2,15,16.9,23.1,11.3,72.1
2025-02-16,2025,2,16,16.1,23.1,10.8,62.4
2025-02-17,2025,2,17,16.7,22.6,11.3,72.0
2025-02-18,2025,2,18,17.5,24.3,10.7,69.6
2025-02-19,2025,2,19,17.5,23.6,12.6,61.5
2025-02-20,2025,2,20,11.3,13.3,9.1,67.6
2025-02-21,2025,2,21,13.0,19.0,7.4,74.1
2025-02-22,2025,2,22,14.5,20.7,10.2,80.5
2025-02-23,2025,2,23,15.3,22.2,9.8,68.1
2025-02-24,2025,2,24,16.7,23.6,10.6,71.1
2025-02-25,2025,2,25,14.6,16.8,12.8,76.6
2025-02-26,2025,2,26,14.9,18.1,12.6,81.3
2025-02-27,2025,2,27,13.4,16.0,11.7,81.8
2025-02-28,2025,2,28,12.5,17.0,9.9,68.6
2025-03-01,2025,3,1,13.6,19.7,9.3,74.3
2025-03-02,2025,3,2,14.4,21.0,9.2,68.1
2025-03-03,2025,3,3,11.0,13.1,8.8,74.4
2025-03-04,2025,3,4,11.1,16.1,7.1,65.7
2025-03-05,2025,3,5,13.6,19.7,8.1,77.9
2025-03-06,2025,3,6,15.1,22.3,8.9,69.3
2025-03-07,2025,3,7,16.6,23.2,11.3,62.7
2025-03-08,2025,3,8,16.8,23.4,11.9,70.6
2025-03-09,2025,3,9,17.9,24.6,11.5,73.3
2025-03-10,2025,3,10,16.8,20.5,14.6,71.6
2025-03-11,2025,3,11,17.2,23.1,10.8,76.8
2025-03-12,2025,3,12,17.9,22.3,14.2,78.9
2025-03-13,2025,3,13,16.5,21.3,12.0,67.9
2025-03-14,2025,3,14,15.2,18.8,12.4,77.6
2025-03-15,2025,3,15,14.7,19.3,11.2,70.0
2025-03-16,2025,3,16,16.4,22.6,11.1,69.3
2025-03-17,2025,3,17,17.6,24.2,12.1,73.8
2025-03-18,2025,3,18,18.4,25.2,12.7,73.9
2025-03-19,2025,3,19,18.6,25.2,13.4,79.0
2025-03-20,2025,3,20,18.8,25.1,13.8,76.9
2025-03-21,2025,3,21,19.3,26.3,13.4,73.4
2025-03-22,2025,3,22,19.5,29.1,12.0,80.8
2025-03-23,2025,3,23,21.7,29.9,14.7,77.8
2025-03-24,2025,3,24,21.9,28.8,16.3,73.5
2025-03-25,2025,3,25,22.0,28.5,17.4,68.9
2025-03-26,2025,3,26,20.1,26.2,15.1,78.7
2025-03-27,2025,3,27,19.3,27.1,14.7,76.0
2025-03-28,2025,3,28,15.9,21.4,11.1,79.8
2025-03-29,2025,3,29,17.7,24.3,11.7,82.4
2025-03-30,2025,3,30,19.6,26.9,12.2,93.1
2025-03-31,2025,3,31,21.8,28.8,15.3,81.7
2025-04-01,2025,4,1,22.9,29.8,16.6,69.4
2025-04-02,2025,4,2,23.2,31.2,15.3,81.5
2025-04-03,2025,4,3,19.9,24.2,15.6,71.8
2025-04-04,2025,4,4,22.0,29.6,14.6,83.7
2025-04-05,2025,4,5,24.9,31.9,18.8,82.1
2025-04-06,2025,4,6,27.1,34.7,19.1,77.1
2025-04-07,2025,4,7,28.5,36.7,21.7,74.4
2025-04-08,2025,4,8,26.2,32.1,23.0,72.7
2025-04-09,2025,4,9,26.0,34.5,19.6,70.1
2025-04-10,2025,4,10,24.5,31.3,20.5,74.2
2025-04-11,2025,4,11,23.4,29.0,17.7,66.4
2025-04-12,2025,4,12,24.4,32.0,17.0,75.3
2025-04-13,2025,4,13,26.4,34.2,18.8,74.9
2025-04-14,2025,4,14,28.6,36.4,22.1,76.1
2025-04-15,2025,4,15,29.4,36.3,22.6,75.6
2025-04-16,2025,4,16,26.9,34.4,22.4,75.6
2025-04-17,2025,4,17,27.1,34.7,20.3,77.3
2025-04-18,2025,4,18,27.4,35.1,20.9,70.6
2025-04-19,2025,4,19,23.7,29.9,19.4,78.8
2025-04-20,2025,4,20,22.7,29.2,17.2,78.5
2025-04-21,2025,4,21,25.8,34.4,16.4,74.5
2025-04-22,2025,4,22,26.5,34.0,19.5,77.9
2025-04-23,2025,4,23,26.3,34.5,17.7,75.5
2025-04-24,2025,4,24,26.1,35.0,18.0,68.7
2025-04-25,2025,4,25,27.8,36.5,19.8,76.7
2025-04-26,2025,4,26,28.5,35.3,19.8,74.2
2025-04-27,2025,4,27,29.0,36.9,19.5,79.2
2025-04-28,2025,4,28,31.1,39.3,22.2,79.6
2025-04-29,2025,4,29,31.1,38.1,23.6,80.5
2025-04-30,2025,4,30,30.5,37.4,23.9,77.6
2025-05-01,2025,5,1,28.1,33.4,23.3,74.6
2025-05-02,2025,5,2,24.8,31.5,21.7,67.8
2025-05-03,2025,5,3,25.1,29.4,20.1,73.9
2025-05-04,2025,5,4,25.1,29.7,21.3,76.2
2025-05-05,2025,5,5,24.4,30.3,20.2,79.8
2025-05-06,2025,5,6,26.5,32.0,19.9,71.2
2025-05-07,2025,5,7,28.0,32.2,22.4,65.9
2025-05-08,2025,5,8,25.9,31.5,22.1,74.6
2025-05-09,2025,5,9,24.4,28.5,20.8,68.7
2025-05-10,2025,5,10,26.7,33.7,20.6,65.4
2025-05-11,2025,5,11,27.7,33.0,22.0,73.0
2025-05-12,2025,5,12,27.4,34.2,21.7,70.1
2025-05-13,2025,5,13,29.5,36.5,22.1,79.6
2025-05-14,2025,5,14,30.9,38.3,22.8,68.3
2025-05-15,2025,5,15,32.5,40.1,23.6,79.1
2025-05-16,2025,5,16,33.6,40.6,26.3,60.5
2025-05-17,2025,5,17,33.9,41.7,25.9,74.5
2025-05-18,2025,5,18,34.7,41.8,26.6,72.6
2025-05-19,2025,5,19,34.1,40.3,28.0,70.4
2025-05-20,2025,5,20,34.5,41.3,26.6,68.8
2025-05-21,2025,5,21,35.4,42.9,27.1,67.8
2025-05-22,2025,5,22,33.7,40.3,27.9,61.7
2025-05-23,2025,5,23,32.2,38.3,26.9,64.6
2025-05-24,2025,5,24,27.9,32.2,24.3,73.2
2025-05-25,2025,5,25,28.1,34.7,21.7,71.4
2025-05-26,2025,5,26,30.4,37.3,23.4,69.3
2025-05-27,2025,5,27,29.3,34.6,25.3,70.4
2025-05-28,2025,5,28,30.4,37.4,23.6,66.2
2025-05-29,2025,5,29,28.9,37.6,24.2,61.4
2025-05-30,2025,5,30,29.2,33.7,22.2,66.5
2025-05-31,2025,5,31,24.8,28.7,20.0,61.8
2025-06-01,2025,6,1,25.3,32.1,19.1,58.6
2025-06-02,2025,6,2,27.8,34.4,20.9,72.3
2025-06-03,2025,6,3,26.6,31.5,22.1,75.1
2025-06-04,2025,6,4,26.4,31.3,21.7,65.2
2025-06-05,2025,6,5,29.0,35.8,22.4,63.6
2025-06-06,2025,6,6,31.3,38.0,23.8,72.1
2025-06-07,2025,6,7,34.0,40.8,26.0,71.9
2025-06-08,2025,6,8,34.6,41.1,27.3,73.6
2025-06-09,2025,6,9,36.2,42.8,28.4,77.7
2025-06-10,2025,6,10,36.8,43.7,27.8,70.3
2025-06-11,2025,6,11,37.0,44.3,29.3,76.7
2025-06-12,2025,6,12,36.8,43.6,28.8,62.7
2025-06-13,2025,6,13,35.8,41.8,28.9,62.1
2025-06-14,2025,6,14,34.9,40.3,29.0,65.1
2025-06-15,2025,6,15,35.2,42.3,28.2,68.8
2025-06-16,2025,6,16,32.9,36.3,29.3,76.8
2025-06-17,2025,6,17,31.9,37.8,27.6,68.0
2025-06-18,2025,6,18,33.5,39.1,26.9,53.1
2025-06-19,2025,6,19,35.3,41.0,29.1,61.0
2025-06-20,2025,6,20,35.6,41.0,30.3,62.3
2025-06-21,2025,6,21,32.9,39.1,28.2,60.2
2025-06-22,2025,6,22,28.9,33.3,24.9,65.1
2025-06-23,2025,6,23,30.5,35.2,24.8,62.9
2025-06-24,2025,6,24,31.2,36.0,26.4,60.1
2025-06-25,2025,6,25,28.0,31.5,25.5,53.8
2025-06-26,2025,6,26,27.1,29.6,25.4,61.6
2025-06-27,2025,6,27,28.7,32.9,25.1,67.7
2025-06-28,2025,6,28,29.6,34.0,24.2,57.2
2025-06-29,2025,6,29,28.8,34.3,24.3,54.7
2025-06-30,2025,6,30,28.5,33.9,23.7,62.3
2025-07-01,2025,7,1,27.3,32.8,23.2,51.5
2025-07-02,2025,7,2,27.3,31.7,23.9,66.0
2025-07-03,2025,7,3,29.4,33.1,25.7,58.3
2025-07-04,2025,7,4,30.0,34.5,26.3,61.3
2025-07-05,2025,7,5,29.9,35.0,25.0,60.9
2025-07-06,2025,7,6,28.3,32.6,24.3,63.6
2025-07-07,2025,7,7,28.2,32.3,25.7,52.1
2025-07-08,2025,7,8,27.8,30.7,25.1,62.5
2025-07-09,2025,7,9,27.0,31.1,23.4,59.0
2025-07-10,2025,7,10,25.6,28.6,22.3,55.6
2025-07-11,2025,7,11,27.2,32.0,23.2,56.3
2025-07-12,2025,7,12,28.1,33.4,22.1,52.7
2025-07-13,2025,7,13,28.1,32.7,25.0,59.5
2025-07-14,2025,7,14,27.2,31.2,23.2,60.1
2025-07-15,2025,7,15,26.6,29.1,25.3,57.4
2025-07-16,2025,7,16,25.2,27.6,23.6,59.8
2025-07-17,2025,7,17,25.2,28.9,23.2,56.6
2025-07-18,2025,7,18,28.0,32.0,24.2,57.1
2025-07-19,2025,7,19,29.4,33.8,25.0,52.0
2025-07-20,2025,7,20,29.6,33.7,26.4,53.3
2025-07-21,2025,7,21,27.0,31.8,24.5,55.8
2025-07-22,2025,7,22,26.1,30.3,24.2,45.0
2025-07-23,2025,7,23,25.6,30.5,22.7,52.2
2025-07-24,2025,7,24,27.4,31.7,23.7,48.5
2025-07-25,2025,7,25,28.7,33.4,24.1,46.7
2025-07-26,2025,7,26,29.7,33.9,25.7,59.6
2025-07-27,2025,7,27,30.2,34.6,25.9,47.3
2025-07-28,2025,7,28,29.5,34.2,25.7,52.8
2025-07-29,2025,7,29,27.6,32.0,23.9,62.6
2025-07-30,2025,7,30,26.2,30.2,23.2,57.3
2025-07-31,2025,7,31,27.7,31.3,23.2,49.7
2025-08-01,2025,8,1,27.0,30.9,23.8,52.0
2025-08-02,2025,8,2,27.1,30.5,23.0,57.1
2025-08-03,2025,8,3,28.0,32.1,22.8,48.3
2025-08-04,2025,8,4,28.4,32.9,24.3,53.1
2025-08-05,2025,8,5,28.1,32.1,24.0,52.5
2025-08-06,2025,8,6,26.8,31.5,23.2,44.2
2025-08-07,2025,8,7,27.9,32.6,23.2,56.8
2025-08-08,2025,8,8,28.5,33.0,24.5,58.2
2025-08-09,2025,8,9,27.9,32.3,23.7,48.3
2025-08-10,2025,8,10,28.2,32.1,24.3,55.5
2025-08-11,2025,8,11,30.1,34.5,25.6,53.1
2025-08-12,2025,8,12,28.5,32.1,26.4,51.2
2025-08-13,2025,8,13,28.9,33.2,25.7,55.4
2025-08-14,2025,8,14,27.5,31.6,25.0,45.1
2025-08-15,2025,8,15,26.9,31.2,23.5,47.8
2025-08-16,2025,8,16,28.0,32.0,23.7,54.9
2025-08-17,2025,8,17,26.6,30.5,23.5,46.7
2025-08-18,2025,8,18,25.3,27.5,23.0,52.1
2025-08-19,2025,8,19,26.3,30.4,22.7,47.4
2025-08-20,2025,8,20,26.9,31.6,23.2,47.6
2025-08-21,2025,8,21,27.9,32.1,23.7,42.8
2025-08-22,2025,8,22,28.7,32.7,24.7,53.6
2025-08-23,2025,8,23,27.0,30.7,24.6,46.5
2025-08-24,2025,8,24,24.7,28.7,22.7,41.2
2025-08-25,2025,8,25,25.7,30.2,22.1,52.0
2025-08-26,2025,8,26,25.8,30.5,22.9,46.1
2025-08-27,2025,8,27,25.4,28.4,23.2,53.5
2025-08-28,2025,8,28,27.7,32.2,23.1,40.7
2025-08-29,2025,8,29,27.5,31.0,23.6,38.9
2025-08-30,2025,8,30,26.0,29.8,22.8,50.5
2025-08-31,2025,8,31,25.3,28.1,23.5,49.0
2025-09-01,2025,9,1,25.2,29.6,22.5,47.4
2025-09-02,2025,9,2,25.1,29.3,22.1,48.4
2025-09-03,2025,9,3,24.2,27.4,21.8,48.6
2025-09-04,2025,9,4,25.6,30.7,22.0,45.6
2025-09-05,2025,9,5,26.8,31.6,22.9,46.4
2025-09-06,2025,9,6,27.7,32.1,23.6,55.1
2025-09-07,2025,9,7,25.7,29.5,22.7,58.3
2025-09-08,2025,9,8,26.0,29.1,22.8,44.7
2025-09-09,2025,9,9,27.3,31.4,23.6,45.5
2025-09-10,2025,9,10,27.8,32.6,23.7,38.1
2025-09-11,2025,9,11,27.9,33.3,23.2,39.5
2025-09-12,2025,9,12,28.2,33.1,23.8,40.8
2025-09-13,2025,9,13,28.8,33.0,24.6,49.2
2025-09-14,2025,9,14,28.5,33.2,23.9,38.5
2025-09-15,2025,9,15,28.8,33.7,24.3,50.3
2025-09-16,2025,9,16,26.5,31.3,21.4,45.0
2025-09-17,2025,9,17,27.7,32.7,21.9,40.7
2025-09-18,2025,9,18,25.8,30.5,21.6,47.3
2025-09-19,2025,9,19,26.5,32.0,20.9,41.5
2025-09-20,2025,9,20,26.7,32.4,22.4,44.9
2025-09-21,2025,9,21,27.3,33.1,22.4,47.4
2025-09-22,2025,9,22,27.8,33.8,22.4,41.4
2025-09-23,2025,9,23,28.8,35.2,23.2,44.6
2025-09-24,2025,9,24,29.1,35.3,23.7,52.2
2025-09-25,2025,9,25,26.6,31.8,22.4,47.8
2025-09-26,2025,9,26,27.0,33.3,22.3,41.6
2025-09-27,2025,9,27,27.6,35.2,20.8,41.9
2025-09-28,2025,9,28,28.5,35.6,22.6,47.1
2025-09-29,2025,9,29,28.0,35.3,23.1,42.3
2025-09-30,2025,9,30,28.4,34.2,22.9,51.6
2025-10-01,2025,10,1,26.1,31.0,20.5,51.9
2025-10-02,2025,10,2,26.0,30.9,21.9,42.7
2025-10-03,2025,10,3,24.3,27.8,21.3,50.6
2025-10-04,2025,10,4,23.3,28.2,19.3,44.6
2025-10-05,2025,10,5,21.8,25.1,19.1,42.9
2025-10-06,2025,10,6,17.3,19.6,15.7,43.1
2025-10-07,2025,10,7,17.5,22.0,14.2,36.7
2025-10-08,2025,10,8,19.8,25.6,15.0,48.6
2025-10-09,2025,10,9,20.7,26.5,16.5,39.0
2025-10-10,2025,10,10,21.4,27.3,16.4,48.4
2025-10-11,2025,10,11,21.5,27.3,17.5,42.0
2025-10-12,2025,10,12,21.5,27.9,16.7,38.9
2025-10-13,2025,10,13,22.0,28.1,17.0,44.9
2025-10-14,2025,10,14,22.5,28.1,18.1,49.8
2025-10-15,2025,10,15,22.8,28.1,19.1,43.8
2025-10-16,2025,10,16,22.4,28.2,17.6,40.0
2025-10-17,2025,10,17,23.3,29.1,19.1,46.3
2025-10-18,2025,10,18,23.1,29.4,18.2,38.9
2025-10-19,2025,10,19,23.3,29.4,19.4,52.0
2025-10-20,2025,10,20,22.3,28.9,18.0,45.2
2025-10-21,2025,10,21,22.0,28.1,18.0,44.3
2025-10-22,2025,10,22,21.7,28.4,16.7,45.7
2025-10-23,2025,10,23,22.0,28.4,17.4,46.2
2025-10-24,2025,10,24,21.5,28.2,17.0,49.7
2025-10-25,2025,10,25,21.4,28.2,16.6,43.0
2025-10-26,2025,10,26,21.2,27.9,16.7,35.9
2025-10-27,2025,10,27,20.8,27.1,16.1,57.1
2025-10-28,2025,10,28,20.5,27.1,16.2,47.7
2025-10-29,2025,10,29,20.1,26.6,15.4,37.0
2025-10-30,2025,10,30,20.5,27.0,16.5,48.0
2025-10-31,2025,10,31,20.4,26.9,15.7,35.7
2025-11-01,2025,11,1,20.4,26.8,15.9,42.1
2025-11-02,2025,11,2,20.2,26.9,15.3,40.5
2025-11-03,2025,11,3,20.1,26.8,14.8,38.6
2025-11-04,2025,11,4,16.9,24.3,12.9,44.8
2025-11-05,2025,11,5,16.2,21.9,12.2,50.1
2025-11-06,2025,11,6,16.8,23.7,12.4,51.4
2025-11-07,2025,11,7,16.7,24.5,11.2,49.6
2025-11-08,2025,11,8,16.7,23.7,11.7,51.9
2025-11-09,2025,11,9,16.5,23.7,11.2,50.3
2025-11-10,2025,11,10,16.2,23.0,11.8,46.5
2025-11-11,2025,11,11,16.1,22.9,11.9,49.0
2025-11-12,2025,11,12,15.6,22.4,11.0,46.3
2025-11-13,2025,11,13,15.4,22.2,10.9,47.9
2025-11-14,2025,11,14,15.2,22.2,9.9,55.9
2025-11-15,2025,11,15,15.0,21.9,10.0,49.2
2025-11-16,2025,11,16,14.8,21.7,9.7,51.6
2025-11-17,2025,11,17,14.8,21.3,9.3,39.3
2025-11-18,2025,11,18,15.3,21.5,11.0,49.7
2025-11-19,2025,11,19,15.2,21.2,10.7,49.6
2025-11-20,2025,11,20,15.7,21.6,10.5,48.4
2025-11-21,2025,11,21,15.6,21.5,11.6,52.0
2025-11-22,2025,11,22,14.4,20.3,9.9,46.6
2025-11-23,2025,11,23,14.3,20.2,10.3,54.2
2025-11-24,2025,11,24,13.3,19.7,9.4,49.6
2025-11-25,2025,11,25,12.7,19.2,8.3,50.3
2025-11-26,2025,11,26,13.0,19.1,8.6,49.1
2025-11-27,2025,11,27,12.6,19.1,8.2,46.5
2025-11-28,2025,11,28,12.8,19.5,8.1,50.3
2025-11-29,2025,11,29,12.9,19.9,8.1,51.6
2025-11-30,2025,11,30,12.7,19.6,8.2,43.7
2025-12-01,2025,12,1,12.5,18.9,7.9,52.1
2025-12-02,2025,12,2,11.8,18.2,7.7,59.8
2025-12-03,2025,12,3,11.8,18.9,6.8,52.4
2025-12-04,2025,12,4,12.6,19.6,8.4,51.2
2025-12-05,2025,12,5,13.1,20.0,8.5,56.7
2025-12-06,2025,12,6,13.4,20.6,8.0,48.8
2025-12-07,2025,12,7,13.5,20.5,8.9,54.6
2025-12-08,2025,12,8,13.3,20.8,8.9,53.4
2025-12-09,2025,12,9,13.8,20.7,9.2,59.2
2025-12-10,2025,12,10,14.0,21.3,8.9,52.7
2025-12-11,2025,12,11,14.0,20.9,9.0,52.0
2025-12-12,2025,12,12,14.4,20.2,9.3,59.1
2025-12-13,2025,12,13,14.0,18.4,11.6,55.9
2025-12-14,2025,12,14,14.1,19.2,10.0,55.9
2025-12-15,2025,12,15,14.1,20.4,9.5,53.6
2025-12-16,2025,12,16,14.8,22.4,9.6,53.8
2025-12-17,2025,12,17,15.5,22.1,10.8,57.6
2025-12-18,2025,12,18,15.7,21.4,12.1,63.4
2025-12-19,2025,12,19,14.7,20.8,10.2,59.2
2025-12-20,2025,12,20,14.9,19.2,11.2,53.0
2025-12-21,2025,12,21,12.9,15.4,10.3,53.3
2025-12-22,2025,12,22,12.6,18.6,9.7,53.7
2025-12-23,2025,12,23,12.8,18.4,8.8,58.3
2025-12-24,2025,12,24,13.2,20.1,9.5,51.7
2025-12-25,2025,12,25,12.2,18.5,7.9,65.9
2025-12-26,2025,12,26,12.5,18.2,9.5,54.2
2025-12-27,2025,12,27,12.0,18.1,7.9,63.9
2025-12-28,2025,12,28,12.4,16.8,8.5,58.0
2025-12-29,2025,12,29,12.3,18.2,7.8,64.3
2025-12-30,2025,12,30,11.9,15.4,9.9,52.4
2025-12-31,2025,12,31,10.6,13.6,7.5,58.1
2026-01-01,2026,1,1,10.9,14.2,8.6,56.2
2026-01-02,2026,1,2,10.6,16.5,6.7,66.9
2026-01-03,2026,1,3,11.0,16.3,8.1,54.0
2026-01-04,2026,1,4,10.3,15.1,6.9,65.5
2026-01-05,2026,1,5,10.1,14.8,7.3,54.0
2026-01-06,2026,1,6,9.6,15.2,5.8,65.9
2026-01-07,2026,1,7,9.7,15.9,6.4,63.6
2026-01-08,2026,1,8,8.7,14.2,4.1,58.6
2026-01-09,2026,1,9,8.2,14.1,3.8,63.3
2026-01-10,2026,1,10,8.8,15.4,4.3,68.8
2026-01-11,2026,1,11,8.8,15.5,4.3,59.8
2026-01-12,2026,1,12,9.6,15.4,5.7,59.7
2026-01-13,2026,1,13,9.3,15.9,3.7,57.4
2026-01-14,2026,1,14,10.0,16.8,5.2,59.4
2026-01-15,2026,1,15,10.4,17.4,4.6,67.1
2026-01-16,2026,1,16,10.8,15.2,8.7,66.5
2026-01-17,2026,1,17,11.1,17.3,7.0,58.2
2026-01-18,2026,1,18,12.2,19.3,7.6,63.7
2026-01-19,2026,1,19,12.7,18.8,8.8,57.2
2026-01-20,2026,1,20,12.2,18.8,6.9,68.7
2026-01-21,2026,1,21,12.5,19.0,8.8,64.6
2026-01-22,2026,1,22,11.1,16.2,7.2,61.4
2026-01-23,2026,1,23,8.1,10.2,4.0,54.6
2026-01-24,2026,1,24,7.1,12.0,2.8,60.4
2026-01-25,2026,1,25,10.4,16.6,5.3,65.4
2026-01-26,2026,1,26,10.9,14.1,8.1,64.9
2026-01-27,2026,1,27,9.5,11.8,7.1,65.0
2026-01-28,2026,1,28,9.5,15.3,4.8,66.1
2026-01-29,2026,1,29,10.7,16.5,6.4,63.4
2026-01-30,2026,1,30,12.4,18.6,8.2,70.8
2026-01-31,2026,1,31,12.4,17.6,7.9,62.9
2026-02-01,2026,2,1,12.5,16.6,9.2,64.8
2026-02-02,2026,2,2,12.6,18.4,8.1,67.3
2026-02-03,2026,2,3,12.4,17.9,8.4,72.4
2026-02-04,2026,2,4,13.5,19.4,9.2,61.8
2026-02-05,2026,2,5,13.5,20.1,8.8,68.0
2026-02-06,2026,2,6,12.0,19.2,8.6,69.6
2026-02-07,2026,2,7,12.0,18.3,7.5,68.7
2026-02-08,2026,2,8,13.3,20.4,8.1,73.6
2026-02-09,2026,2,9,14.5,19.2,10.7,63.4
2026-02-10,2026,2,10,11.8,15.4,9.6,67.3
2026-02-11,2026,2,11,13.4,19.3,8.8,70.3
2026-02-12,2026,2,12,14.6,21.4,9.1,76.3
2026-02-13,2026,2,13,15.3,22.2,10.0,68.4
2026-02-14,2026,2,14,15.8,22.4,11.0,70.1
2026-02-15,2026,2,15,16.1,23.1,11.3,66.7
2026-02-16,2026,2,16,16.7,23.7,11.5,72.6
2026-02-17,2026,2,17,16.5,22.2,12.1,69.6
2026-02-18,2026,2,18,17.1,23.4,12.0,65.7
2026-02-19,2026,2,19,18.0,25.1,11.5,72.9
2026-02-20,2026,2,20,18.2,25.0,13.2,73.5
2026-02-21,2026,2,21,18.4,25.6,12.3,76.0
2026-02-22,2026,2,22,19.1,25.8,13.4,73.9
2026-02-23,2026,2,23,19.0,25.7,13.5,72.6
2026-02-24,2026,2,24,19.0,26.5,13.1,69.9
2026-02-25,2026,2,25,19.7,26.5,14.4,82.6
2026-02-26,2026,2,26,19.8,26.2,14.9,72.4
2026-02-27,2026,2,27,20.0,26.9,14.8,77.1
2026-02-28,2026,2,28,20.1,26.7,15.2,69.1
2026-03-01,2026,3,1,20.2,27.0,14.2,78.5
2026-03-02,2026,3,2,20.2,27.4,13.9,69.5
2026-03-03,2026,3,3,21.9,29.1,14.7,69.7
2026-03-04,2026,3,4,23.3,30.4,17.2,69.7
2026-03-05,2026,3,5,24.6,32.3,17.5,71.6
2026-03-06,2026,3,6,25.6,33.1,18.7,65.5
2026-03-07,2026,3,7,24.0,29.1,20.2,69.6
2026-03-08,2026,3,8,23.8,32.4,16.5,70.4
2026-03-09,2026,3,9,24.0,31.1,18.9,76.4
2026-03-10,2026,3,10,20.5,25.9,17.1,70.4
2026-03-11,2026,3,11,19.4,24.1,15.9,71.5
2026-03-12,2026,3,12,18.6,23.3,14.7,82.0
2026-03-13,2026,3,13,18.7,24.5,14.7,73.3
2026-03-14,2026,3,14,19.8,26.4,14.7,73.7
2026-03-15,2026,3,15,15.7,19.5,13.2,68.8
2026-03-16,2026,3,16,14.4,18.8,10.5,79.2
2026-03-17,2026,3,17,16.4,21.5,11.9,76.7
2026-03-18,2026,3,18,14.8,17.0,13.3,70.3
2026-03-19,2026,3,19,15.3,18.5,13.3,78.0
2026-03-20,2026,3,20,15.0,19.7,11.6,70.6
2026-03-21,2026,3,21,16.3,21.8,11.2,64.6
2026-03-22,2026,3,22,18.0,23.2,13.2,72.5
2026-03-23,2026,3,23,18.9,24.6,13.5,79.3
2026-03-24,2026,3,24,19.8,25.4,15.1,72.6
2026-03-25,2026,3,25,20.5,27.1,16.1,77.0
2026-03-26,2026,3,26,19.4,23.6,15.9,70.6
2026-03-27,2026,3,27,21.4,27.0,15.9,79.0
2026-03-28,2026,3,28,22.3,28.1,16.5,70.3
2026-03-29,2026,3,29,20.2,24.5,17.0,80.5
2026-03-30,2026,3,30,17.9,24.2,15.0,73.2
2026-03-31,2026,3,31,19.2,25.5,13.1,76.1
2026-04-01,2026,4,1,20.7,25.9,16.2,76.2
2026-04-02,2026,4,2,21.1,26.1,18.5,72.0
2026-04-03,2026,4,3,18.5,20.6,15.4,72.5
2026-04-04,2026,4,4,16.7,20.3,13.5,75.3
2026-04-05,2026,4,5,17.8,24.1,12.4,74.8
2026-04-06,2026,4,6,19.4,24.7,15.1,74.5
2026-04-07,2026,4,7,15.0,17.2,12.5,72.9
2026-04-08,2026,4,8,13.8,18.2,11.4,78.8
2026-04-09,2026,4,9,15.7,19.8,11.5,74.3
2026-04-10,2026,4,10,18.2,23.7,13.0,69.9
2026-04-11,2026,4,11,18.6,22.9,15.0,79.6
2026-04-12,2026,4,12,20.1,25.5,15.0,79.0
2026-04-13,2026,4,13,21.6,27.6,16.4,68.6
2026-04-14,2026,4,14,22.4,29.2,16.9,76.9
2026-04-15,2026,4,15,23.5,30.0,18.0,73.0
2026-04-16,2026,4,16,23.8,30.6,18.1,82.2
2026-04-17,2026,4,17,21.6,26.8,17.9,69.0
2026-04-18,2026,4,18,22.5,29.0,17.5,65.2
2026-04-19,2026,4,19,22.5,28.7,17.0,73.8
2026-04-20,2026,4,20,24.1,31.1,18.3,70.7
2026-04-21,2026,4,21,25.6,32.2,19.9,68.1
2026-04-22,2026,4,22,27.4,34.3,20.0,73.7
2026-04-23,2026,4,23,27.9,34.0,23.2,76.9
2026-04-24,2026,4,24,27.1,34.9,22.6,67.6
2026-04-25,2026,4,25,26.8,33.8,20.1,83.8
2026-04-26,2026,4,26,28.3,34.9,21.1,68.6
2026-04-27,2026,4,27,29.3,35.7,23.5,78.9
2026-04-28,2026,4,28,26.1,31.2,20.3,71.1
2026-04-29,2026,4,29,24.2,29.1,19.8,74.7
2026-04-30,2026,4,30,24.5,31.9,19.9,73.0
2026-05-01,2026,5,1,26.8,33.2,20.4,69.7
2026-05-02,2026,5,2,28.0,34.8,22.7,67.4
2026-05-03,2026,5,3,25.1,30.6,19.2,71.2
2026-05-04,2026,5,4,23.3,28.8,18.7,82.3
2026-05-05,2026,5,5,24.1,31.0,17.3,69.4
2026-05-06,2026,5,6,25.9,32.5,19.0,73.7
2026-05-07,2026,5,7,27.0,33.3,21.4,66.1
2026-05-08,2026,5,8,27.7,33.8,22.1,72.8
2026-05-09,2026,5,9,29.8,36.5,23.4,75.1
2026-05-10,2026,5,10,29.5,36.0,22.4,66.3
2026-05-11,2026,5,11,24.5,30.9,21.6,76.1
2026-05-12,2026,5,12,25.7,31.5,19.6,60.9
2026-05-13,2026,5,13,27.5,32.9,21.8,71.9
2026-05-14,2026,5,14,26.1,33.3,21.4,73.5
2026-05-15,2026,5,15,26.2,32.5,20.0,71.8
2026-05-16,2026,5,16,28.1,34.9,21.4,82.7
2026-05-17,2026,5,17,29.9,36.0,23.4,67.9
2026-05-18,2026,5,18,33.2,40.3,26.5,58.8
2026-05-19,2026,5,19,33.3,39.7,24.0,80.2
2026-05-20,2026,5,20,33.6,39.8,28.4,73.2
2026-05-21,2026,5,21,28.7,34.5,21.7,64.3
2026-05-22,2026,5,22,29.1,35.3,22.7,77.9
2026-05-23,2026,5,23,30.0,35.6,24.4,73.2
2026-05-24,2026,5,24,29.7,35.2,23.6,70.2
2026-05-25,2026,5,25,30.0,35.9,24.2,68.1
2026-05-26,2026,5,26,30.7,37.3,24.2,70.6
2026-05-27,2026,5,27,33.1,39.7,26.9,67.0
2026-05-28,2026,5,28,33.1,38.9,27.6,72.4
2026-05-29,2026,5,29,31.5,37.0,26.4,63.9
2026-05-30,2026,5,30,28.2,31.6,23.1,63.7
2026-05-31,2026,5,31,28.6,33.4,23.5,67.8
2026-06-01,2026,6,1,29.7,34.1,25.0,69.7
2026-06-02,2026,6,2,30.5,35.4,26.6,63.8
2026-06-03,2026,6,3,30.4,35.4,25.4,69.7
2026-06-04,2026,6,4,26.0,29.8,21.8,73.8
2026-06-05,2026,6,5,26.9,32.6,21.7,68.2
2026-06-06,2026,6,6,29.1,35.3,23.7,66.7
2026-06-07,2026,6,7,30.2,36.3,23.4,70.8
2026-06-08,2026,6,8,32.3,38.8,25.5,63.2
2026-06-09,2026,6,9,34.0,40.6,26.8,63.2
2026-06-10,2026,6,10,34.5,41.7,27.8,66.5
2026-06-11,2026,6,11,34.4,40.6,28.4,61.2
2026-06-12,2026,6,12,27.3,31.4,21.7,68.5
2026-06-13,2026,6,13,28.5,32.6,24.4,61.7
2026-06-14,2026,6,14,30.4,35.6,25.0,68.4
2026-06-15,2026,6,15,30.6,35.1,26.5,74.5
2026-06-16,2026,6,16,28.4,33.3,23.1,64.1
2026-06-17,2026,6,17,29.6,35.0,25.4,54.1
2026-06-18,2026,6,18,29.9,35.8,24.4,59.4
2026-06-19,2026,6,19,29.1,34.8,24.4,67.2
2026-06-20,2026,6,20,29.9,35.4,23.4,67.2
2026-06-21,2026,6,21,29.1,35.7,21.8,63.4
2026-06-22,2026,6,22,26.9,31.6,21.0,61.6
2026-06-23,2026,6,23,29.7,34.9,24.6,63.5
2026-06-24,2026,6,24,31.8,37.8,25.9,58.3
2026-06-25,2026,6,25,28.9,32.7,24.2,66.2
2026-06-26,2026,6,26,31.5,36.7,26.3,65.4
2026-06-27,2026,6,27,33.1,38.7,27.3,58.5
2026-06-28,2026,6,28,34.4,40.0,29.0,67.1
2026-06-29,2026,6,29,34.4,38.5,29.8,56.3
2026-06-30,2026,6,30,34.1,39.1,30.7,70.2
2026-07-01,2026,7,1,30.3,35.0,24.3,59.4
2026-07-02,2026,7,2,29.5,33.8,24.8,64.5
2026-07-03,2026,7,3,29.9,35.5,23.2,57.9
2026-07-04,2026,7,4,32.9,38.0,27.6,50.5
2026-07-05,2026,7,5,33.8,39.1,28.8,53.9
2026-07-06,2026,7,6,32.1,35.0,28.7,62.2
2026-07-07,2026,7,7,30.8,35.7,26.9,64.4
2026-07-08,2026,7,8,31.0,36.6,26.4,54.2
2026-07-09,2026,7,9,29.9,35.2,24.8,57.4
2026-07-10,2026,7,10,30.4,35.7,25.6,48.7
2026-07-11,2026,7,11,28.2,32.2,24.0,63.2
2026-07-12,2026,7,12,26.4,30.6,22.2,54.1
2026-07-13,2026,7,13,29.5,33.7,25.2,56.0
2026-07-14,2026,7,14,29.0,34.0,22.3,57.0
2026-07-15,2026,7,15,29.5,34.2,25.5,63.0
2026-07-16,2026,7,16,31.4,35.9,26.2,58.1
2026-07-17,2026,7,17,32.2,36.6,28.4,48.0
2026-07-18,2026,7,18,32.5,36.5,28.8,57.5
2026-07-19,2026,7,19,30.5,33.9,27.0,59.1
2026-07-20,2026,7,20,27.6,30.5,24.6,53.8
2026-07-21,2026,7,21,24.3,24.9,23.5,51.4
2026-07-22,2026,7,22,25.7,27.6,24.0,56.9
2026-07-23,2026,7,23,26.6,30.0,24.2,56.1
2026-07-24,2026,7,24,27.4,30.7,24.3,54.2
2026-07-25,2026,7,25,27.3,29.9,25.2,54.5
